{
  "metadata": {
    "allocation": {
      "amalgamate": "SSI",
      "balance": "SSI",
      "deposit_checking": "SSI",
      "transact_savings": "SSI",
      "write_check": "SSI"
    },
    "elapsed_wall_seconds": 91.02116204192862,
    "host": "MacBook-Pro-86.local",
    "hotspot_probability": 0.9,
    "measurement_seconds": 60.0,
    "mpl": 64,
    "policy": "ssi",
    "python": "3.11.3",
    "raw_path": "results/main/raw/20260516T122206.227238+0000_ssi_mpl64_bounded_1_p0p9_r2.json",
    "repeat": 2,
    "retry_limit": 1,
    "retry_model": "bounded_1",
    "seed": 3993,
    "timestamp_utc": "2026-05-16T12:22:06.227238+00:00",
    "warmup_seconds": 30.0
  },
  "metrics": {
    "abort_rate_pct": 28.153596315613104,
    "abort_reasons": {
      "concurrent_update": 86800,
      "dangerous_structure": 11498
    },
    "aborts": 98298,
    "attempted_tps": 5819.15,
    "attempts": 349149,
    "by_isolation": {
      "SSI": {
        "aborts": 98298,
        "attempts": 349149,
        "committed": 250851,
        "errors": 29688
      }
    },
    "by_transaction": {
      "amalgamate": {
        "aborts": 41401,
        "attempts": 82494,
        "committed": 41093,
        "errors": 14909
      },
      "balance": {
        "aborts": 754,
        "attempts": 56881,
        "committed": 56127,
        "errors": 84
      },
      "deposit_checking": {
        "aborts": 14736,
        "attempts": 67728,
        "committed": 52992,
        "errors": 2966
      },
      "transact_savings": {
        "aborts": 13264,
        "attempts": 66842,
        "committed": 53578,
        "errors": 2623
      },
      "write_check": {
        "aborts": 28143,
        "attempts": 75204,
        "committed": 47061,
        "errors": 9106
      }
    },
    "committed": 250851,
    "committed_tps": 4180.85,
    "error_rate_pct": 10.582485857581299,
    "errors": 29688,
    "latency": {
      "count": 280539,
      "mean_ms": 13.682961776657642,
      "p50_ms": 2.4502084706909955,
      "p95_ms": 73.36115219513879
    },
    "latency_max_ms": 409.1060000937432,
    "latency_min_ms": 0.18645799718797207,
    "observed_tps": 4675.65
  },
  "post_snapshot": {
    "account_count": 18000,
    "checking_count": 18000,
    "checking_total": 2398358116,
    "savings_count": 18000,
    "savings_total": 1202137813,
    "total_funds": 3600495929
  },
  "pre_snapshot": {
    "account_count": 18000,
    "checking_count": 18000,
    "checking_total": 1800000000,
    "savings_count": 18000,
    "savings_total": 1800000000,
    "total_funds": 3600000000
  },
  "smallbank": {
    "account_count": 18000,
    "amount_max": 10,
    "amount_min": 1,
    "hotspot_probability": 0.9,
    "hotspot_size": 20,
    "initial_checking": 100000,
    "initial_savings": 100000
  },
  "validation": {
    "account_count_ok": true,
    "checking_count_ok": true,
    "ok": true,
    "post_total_funds": 3600495929,
    "pre_total_funds": 3600000000,
    "savings_count_ok": true,
    "total_funds_delta": 495929
  }
}