{
  "metadata": {
    "allocation": {
      "amalgamate": "SI",
      "balance": "SI",
      "deposit_checking": "SI",
      "transact_savings": "SI",
      "write_check": "SI"
    },
    "elapsed_wall_seconds": 90.35902983299457,
    "host": "MacBook-Pro-86.local",
    "hotspot_probability": 0.5,
    "measurement_seconds": 60.0,
    "mpl": 8,
    "policy": "si",
    "python": "3.11.3",
    "raw_path": "results/main/raw/20260516T032509.518573+0000_si_mpl8_bounded_10_p0p5_r3.json",
    "repeat": 3,
    "retry_limit": 10,
    "retry_model": "bounded_10",
    "seed": 3994,
    "timestamp_utc": "2026-05-16T03:25:09.518573+00:00",
    "warmup_seconds": 30.0
  },
  "metrics": {
    "abort_rate_pct": 3.840153938132732,
    "abort_reasons": {
      "concurrent_update": 24986
    },
    "aborts": 24986,
    "attempted_tps": 10844.183333333332,
    "attempts": 650651,
    "by_isolation": {
      "SI": {
        "aborts": 24986,
        "attempts": 650651,
        "committed": 625665,
        "errors": 0
      }
    },
    "by_transaction": {
      "amalgamate": {
        "aborts": 11592,
        "attempts": 136060,
        "committed": 124468,
        "errors": 0
      },
      "balance": {
        "aborts": 0,
        "attempts": 125261,
        "committed": 125261,
        "errors": 0
      },
      "deposit_checking": {
        "aborts": 3865,
        "attempts": 129093,
        "committed": 125228,
        "errors": 0
      },
      "transact_savings": {
        "aborts": 3104,
        "attempts": 128203,
        "committed": 125099,
        "errors": 0
      },
      "write_check": {
        "aborts": 6425,
        "attempts": 132034,
        "committed": 125609,
        "errors": 0
      }
    },
    "committed": 625665,
    "committed_tps": 10427.75,
    "error_rate_pct": 0.0,
    "errors": 0,
    "latency": {
      "count": 625665,
      "mean_ms": 0.7568500185558001,
      "p50_ms": 0.5168960196897388,
      "p95_ms": 0.9805461915675551
    },
    "latency_max_ms": 72.13245797902346,
    "latency_min_ms": 0.1670829951763153,
    "observed_tps": 10427.75
  },
  "post_snapshot": {
    "account_count": 18000,
    "checking_count": 18000,
    "checking_total": 3591765492,
    "savings_count": 18000,
    "savings_total": 9300431,
    "total_funds": 3601065923
  },
  "pre_snapshot": {
    "account_count": 18000,
    "checking_count": 18000,
    "checking_total": 1800000000,
    "savings_count": 18000,
    "savings_total": 1800000000,
    "total_funds": 3600000000
  },
  "smallbank": {
    "account_count": 18000,
    "amount_max": 10,
    "amount_min": 1,
    "hotspot_probability": 0.5,
    "hotspot_size": 20,
    "initial_checking": 100000,
    "initial_savings": 100000
  },
  "validation": {
    "account_count_ok": true,
    "checking_count_ok": true,
    "ok": true,
    "post_total_funds": 3601065923,
    "pre_total_funds": 3600000000,
    "savings_count_ok": true,
    "total_funds_delta": 1065923
  }
}