{
  "metadata": {
    "allocation": {
      "amalgamate": "SI",
      "balance": "SI",
      "deposit_checking": "SI",
      "transact_savings": "SI",
      "write_check": "SI"
    },
    "elapsed_wall_seconds": 91.22713387501426,
    "host": "MacBook-Pro-86.local",
    "hotspot_probability": 0.5,
    "measurement_seconds": 60.0,
    "mpl": 64,
    "policy": "si",
    "python": "3.11.3",
    "raw_path": "results/main/raw/20260516T062630.341315+0000_si_mpl64_bounded_10_p0p5_r2.json",
    "repeat": 2,
    "retry_limit": 10,
    "retry_model": "bounded_10",
    "seed": 3993,
    "timestamp_utc": "2026-05-16T06:26:30.341315+00:00",
    "warmup_seconds": 30.0
  },
  "metrics": {
    "abort_rate_pct": 25.001206425804813,
    "abort_reasons": {
      "concurrent_update": 98436
    },
    "aborts": 98436,
    "attempted_tps": 6562.083333333333,
    "attempts": 393725,
    "by_isolation": {
      "SI": {
        "aborts": 98436,
        "attempts": 393725,
        "committed": 295289,
        "errors": 742
      }
    },
    "by_transaction": {
      "amalgamate": {
        "aborts": 50392,
        "attempts": 109095,
        "committed": 58703,
        "errors": 584
      },
      "balance": {
        "aborts": 0,
        "attempts": 59074,
        "committed": 59074,
        "errors": 0
      },
      "deposit_checking": {
        "aborts": 10928,
        "attempts": 70364,
        "committed": 59436,
        "errors": 0
      },
      "transact_savings": {
        "aborts": 10621,
        "attempts": 69883,
        "committed": 59262,
        "errors": 2
      },
      "write_check": {
        "aborts": 26495,
        "attempts": 85309,
        "committed": 58814,
        "errors": 156
      }
    },
    "committed": 295289,
    "committed_tps": 4921.483333333334,
    "error_rate_pct": 0.25064942522911454,
    "errors": 742,
    "latency": {
      "count": 296031,
      "mean_ms": 12.970892098313254,
      "p50_ms": 2.4482085136696696,
      "p95_ms": 64.78060177178122
    },
    "latency_max_ms": 590.9230000106618,
    "latency_min_ms": 0.16891700215637684,
    "observed_tps": 4933.85
  },
  "post_snapshot": {
    "account_count": 18000,
    "checking_count": 18000,
    "checking_total": 3456217695,
    "savings_count": 18000,
    "savings_total": 144292146,
    "total_funds": 3600509841
  },
  "pre_snapshot": {
    "account_count": 18000,
    "checking_count": 18000,
    "checking_total": 1800000000,
    "savings_count": 18000,
    "savings_total": 1800000000,
    "total_funds": 3600000000
  },
  "smallbank": {
    "account_count": 18000,
    "amount_max": 10,
    "amount_min": 1,
    "hotspot_probability": 0.5,
    "hotspot_size": 20,
    "initial_checking": 100000,
    "initial_savings": 100000
  },
  "validation": {
    "account_count_ok": true,
    "checking_count_ok": true,
    "ok": true,
    "post_total_funds": 3600509841,
    "pre_total_funds": 3600000000,
    "savings_count_ok": true,
    "total_funds_delta": 509841
  }
}