{
  "metadata": {
    "allocation": {
      "amalgamate": "SI",
      "balance": "SI",
      "deposit_checking": "SI",
      "transact_savings": "SI",
      "write_check": "SI"
    },
    "elapsed_wall_seconds": 90.74827420793008,
    "host": "MacBook-Pro-86.local",
    "hotspot_probability": 0.9,
    "measurement_seconds": 60.0,
    "mpl": 32,
    "policy": "si",
    "python": "3.11.3",
    "raw_path": "results/main/raw/20260516T044108.732417+0000_si_mpl32_bounded_3_p0p9_r3.json",
    "repeat": 3,
    "retry_limit": 3,
    "retry_model": "bounded_3",
    "seed": 3994,
    "timestamp_utc": "2026-05-16T04:41:08.732417+00:00",
    "warmup_seconds": 30.0
  },
  "metrics": {
    "abort_rate_pct": 31.40534413799393,
    "abort_reasons": {
      "concurrent_update": 120529
    },
    "aborts": 120529,
    "attempted_tps": 6396.416666666667,
    "attempts": 383785,
    "by_isolation": {
      "SI": {
        "aborts": 120529,
        "attempts": 383785,
        "committed": 263256,
        "errors": 9544
      }
    },
    "by_transaction": {
      "amalgamate": {
        "aborts": 59488,
        "attempts": 107005,
        "committed": 47517,
        "errors": 6786
      },
      "balance": {
        "aborts": 0,
        "attempts": 54389,
        "committed": 54389,
        "errors": 0
      },
      "deposit_checking": {
        "aborts": 14601,
        "attempts": 69113,
        "committed": 54512,
        "errors": 205
      },
      "transact_savings": {
        "aborts": 12989,
        "attempts": 67459,
        "committed": 54470,
        "errors": 201
      },
      "write_check": {
        "aborts": 33451,
        "attempts": 85819,
        "committed": 52368,
        "errors": 2352
      }
    },
    "committed": 263256,
    "committed_tps": 4387.6,
    "error_rate_pct": 3.498533724340176,
    "errors": 9544,
    "latency": {
      "count": 272800,
      "mean_ms": 7.028167857288361,
      "p50_ms": 1.893062493763864,
      "p95_ms": 33.677948301192366
    },
    "latency_max_ms": 293.8604160444811,
    "latency_min_ms": 0.16574992332607508,
    "observed_tps": 4546.666666666667
  },
  "post_snapshot": {
    "account_count": 18000,
    "checking_count": 18000,
    "checking_total": 2431327877,
    "savings_count": 18000,
    "savings_total": 1169135895,
    "total_funds": 3600463772
  },
  "pre_snapshot": {
    "account_count": 18000,
    "checking_count": 18000,
    "checking_total": 1800000000,
    "savings_count": 18000,
    "savings_total": 1800000000,
    "total_funds": 3600000000
  },
  "smallbank": {
    "account_count": 18000,
    "amount_max": 10,
    "amount_min": 1,
    "hotspot_probability": 0.9,
    "hotspot_size": 20,
    "initial_checking": 100000,
    "initial_savings": 100000
  },
  "validation": {
    "account_count_ok": true,
    "checking_count_ok": true,
    "ok": true,
    "post_total_funds": 3600463772,
    "pre_total_funds": 3600000000,
    "savings_count_ok": true,
    "total_funds_delta": 463772
  }
}