{
  "metadata": {
    "allocation": {
      "amalgamate": "SSI",
      "balance": "SSI",
      "deposit_checking": "SSI",
      "transact_savings": "SSI",
      "write_check": "SSI"
    },
    "elapsed_wall_seconds": 90.3440165410284,
    "host": "MacBook-Pro-86.local",
    "hotspot_probability": 0.5,
    "measurement_seconds": 60.0,
    "mpl": 8,
    "policy": "ssi",
    "python": "3.11.3",
    "raw_path": "results/main/raw/20260516T084739.053140+0000_ssi_mpl8_bounded_1_p0p5_r5.json",
    "repeat": 5,
    "retry_limit": 1,
    "retry_model": "bounded_1",
    "seed": 3996,
    "timestamp_utc": "2026-05-16T08:47:39.053140+00:00",
    "warmup_seconds": 30.0
  },
  "metrics": {
    "abort_rate_pct": 3.8705734275882664,
    "abort_reasons": {
      "concurrent_update": 13484,
      "dangerous_structure": 385
    },
    "aborts": 13869,
    "attempted_tps": 5971.983333333334,
    "attempts": 358319,
    "by_isolation": {
      "SSI": {
        "aborts": 13869,
        "attempts": 358319,
        "committed": 344450,
        "errors": 1313
      }
    },
    "by_transaction": {
      "amalgamate": {
        "aborts": 6218,
        "attempts": 74454,
        "committed": 68236,
        "errors": 745
      },
      "balance": {
        "aborts": 44,
        "attempts": 69164,
        "committed": 69120,
        "errors": 1
      },
      "deposit_checking": {
        "aborts": 2131,
        "attempts": 71399,
        "committed": 69268,
        "errors": 81
      },
      "transact_savings": {
        "aborts": 1825,
        "attempts": 71125,
        "committed": 69300,
        "errors": 84
      },
      "write_check": {
        "aborts": 3651,
        "attempts": 72177,
        "committed": 68526,
        "errors": 402
      }
    },
    "committed": 344450,
    "committed_tps": 5740.833333333333,
    "error_rate_pct": 0.3797398796285317,
    "errors": 1313,
    "latency": {
      "count": 345763,
      "mean_ms": 1.3793796686360977,
      "p50_ms": 0.5927084130235016,
      "p95_ms": 5.659610795555635
    },
    "latency_max_ms": 123.39466693811119,
    "latency_min_ms": 0.16320799477398396,
    "observed_tps": 5762.716666666666
  },
  "post_snapshot": {
    "account_count": 18000,
    "checking_count": 18000,
    "checking_total": 3493880472,
    "savings_count": 18000,
    "savings_total": 106695038,
    "total_funds": 3600575510
  },
  "pre_snapshot": {
    "account_count": 18000,
    "checking_count": 18000,
    "checking_total": 1800000000,
    "savings_count": 18000,
    "savings_total": 1800000000,
    "total_funds": 3600000000
  },
  "smallbank": {
    "account_count": 18000,
    "amount_max": 10,
    "amount_min": 1,
    "hotspot_probability": 0.5,
    "hotspot_size": 20,
    "initial_checking": 100000,
    "initial_savings": 100000
  },
  "validation": {
    "account_count_ok": true,
    "checking_count_ok": true,
    "ok": true,
    "post_total_funds": 3600575510,
    "pre_total_funds": 3600000000,
    "savings_count_ok": true,
    "total_funds_delta": 575510
  }
}