{
  "metadata": {
    "allocation": {
      "amalgamate": "SSI",
      "balance": "SSI",
      "deposit_checking": "SSI",
      "transact_savings": "SSI",
      "write_check": "SSI"
    },
    "elapsed_wall_seconds": 90.35399870900437,
    "host": "MacBook-Pro-86.local",
    "hotspot_probability": 0.5,
    "measurement_seconds": 60.0,
    "mpl": 8,
    "policy": "ssi",
    "python": "3.11.3",
    "raw_path": "results/main/raw/20260516T092835.887864+0000_ssi_mpl8_bounded_10_p0p5_r2.json",
    "repeat": 2,
    "retry_limit": 10,
    "retry_model": "bounded_10",
    "seed": 3993,
    "timestamp_utc": "2026-05-16T09:28:35.887864+00:00",
    "warmup_seconds": 30.0
  },
  "metrics": {
    "abort_rate_pct": 3.9990240810797926,
    "abort_reasons": {
      "concurrent_update": 13764,
      "dangerous_structure": 496
    },
    "aborts": 14260,
    "attempted_tps": 5943.116666666667,
    "attempts": 356587,
    "by_isolation": {
      "SSI": {
        "aborts": 14260,
        "attempts": 356587,
        "committed": 342327,
        "errors": 2
      }
    },
    "by_transaction": {
      "amalgamate": {
        "aborts": 6630,
        "attempts": 74972,
        "committed": 68342,
        "errors": 0
      },
      "balance": {
        "aborts": 50,
        "attempts": 68952,
        "committed": 68902,
        "errors": 0
      },
      "deposit_checking": {
        "aborts": 2124,
        "attempts": 70379,
        "committed": 68255,
        "errors": 0
      },
      "transact_savings": {
        "aborts": 1898,
        "attempts": 70564,
        "committed": 68666,
        "errors": 1
      },
      "write_check": {
        "aborts": 3558,
        "attempts": 71720,
        "committed": 68162,
        "errors": 1
      }
    },
    "committed": 342327,
    "committed_tps": 5705.45,
    "error_rate_pct": 0.0005842332960397746,
    "errors": 2,
    "latency": {
      "count": 342329,
      "mean_ms": 1.3934495389212767,
      "p50_ms": 0.5692710401490331,
      "p95_ms": 5.830893170787017
    },
    "latency_max_ms": 86.36374992784113,
    "latency_min_ms": 0.17958309035748243,
    "observed_tps": 5705.483333333334
  },
  "post_snapshot": {
    "account_count": 18000,
    "checking_count": 18000,
    "checking_total": 3498876935,
    "savings_count": 18000,
    "savings_total": 101692461,
    "total_funds": 3600569396
  },
  "pre_snapshot": {
    "account_count": 18000,
    "checking_count": 18000,
    "checking_total": 1800000000,
    "savings_count": 18000,
    "savings_total": 1800000000,
    "total_funds": 3600000000
  },
  "smallbank": {
    "account_count": 18000,
    "amount_max": 10,
    "amount_min": 1,
    "hotspot_probability": 0.5,
    "hotspot_size": 20,
    "initial_checking": 100000,
    "initial_savings": 100000
  },
  "validation": {
    "account_count_ok": true,
    "checking_count_ok": true,
    "ok": true,
    "post_total_funds": 3600569396,
    "pre_total_funds": 3600000000,
    "savings_count_ok": true,
    "total_funds_delta": 569396
  }
}