{
  "metadata": {
    "allocation": {
      "amalgamate": "SSI",
      "balance": "SSI",
      "deposit_checking": "SSI",
      "transact_savings": "SSI",
      "write_check": "SSI"
    },
    "elapsed_wall_seconds": 91.0635300000431,
    "host": "MacBook-Pro-86.local",
    "hotspot_probability": 0.5,
    "measurement_seconds": 60.0,
    "mpl": 64,
    "policy": "ssi",
    "python": "3.11.3",
    "raw_path": "results/main/raw/20260516T130454.453525+0000_ssi_mpl64_bounded_10_p0p5_r5.json",
    "repeat": 5,
    "retry_limit": 10,
    "retry_model": "bounded_10",
    "seed": 3996,
    "timestamp_utc": "2026-05-16T13:04:54.453525+00:00",
    "warmup_seconds": 30.0
  },
  "metrics": {
    "abort_rate_pct": 17.19492846445174,
    "abort_reasons": {
      "concurrent_update": 55007,
      "dangerous_structure": 6876
    },
    "aborts": 61883,
    "attempted_tps": 5998.183333333333,
    "attempts": 359891,
    "by_isolation": {
      "SSI": {
        "aborts": 61883,
        "attempts": 359891,
        "committed": 298008,
        "errors": 149
      }
    },
    "by_transaction": {
      "amalgamate": {
        "aborts": 28202,
        "attempts": 87930,
        "committed": 59728,
        "errors": 73
      },
      "balance": {
        "aborts": 476,
        "attempts": 60022,
        "committed": 59546,
        "errors": 8
      },
      "deposit_checking": {
        "aborts": 8002,
        "attempts": 67824,
        "committed": 59822,
        "errors": 19
      },
      "transact_savings": {
        "aborts": 7013,
        "attempts": 66503,
        "committed": 59490,
        "errors": 10
      },
      "write_check": {
        "aborts": 18190,
        "attempts": 77612,
        "committed": 59422,
        "errors": 39
      }
    },
    "committed": 298008,
    "committed_tps": 4966.8,
    "error_rate_pct": 0.049973671589129215,
    "errors": 149,
    "latency": {
      "count": 298157,
      "mean_ms": 12.88095184423881,
      "p50_ms": 2.1027710172347724,
      "p95_ms": 75.5310538224875
    },
    "latency_max_ms": 522.8798749158159,
    "latency_min_ms": 0.184166943654418,
    "observed_tps": 4969.283333333334
  },
  "post_snapshot": {
    "account_count": 18000,
    "checking_count": 18000,
    "checking_total": 3446701557,
    "savings_count": 18000,
    "savings_total": 153791432,
    "total_funds": 3600492989
  },
  "pre_snapshot": {
    "account_count": 18000,
    "checking_count": 18000,
    "checking_total": 1800000000,
    "savings_count": 18000,
    "savings_total": 1800000000,
    "total_funds": 3600000000
  },
  "smallbank": {
    "account_count": 18000,
    "amount_max": 10,
    "amount_min": 1,
    "hotspot_probability": 0.5,
    "hotspot_size": 20,
    "initial_checking": 100000,
    "initial_savings": 100000
  },
  "validation": {
    "account_count_ok": true,
    "checking_count_ok": true,
    "ok": true,
    "post_total_funds": 3600492989,
    "pre_total_funds": 3600000000,
    "savings_count_ok": true,
    "total_funds_delta": 492989
  }
}