{
  "metadata": {
    "allocation": {
      "amalgamate": "SSI",
      "balance": "SSI",
      "deposit_checking": "RC",
      "transact_savings": "SSI",
      "write_check": "SSI"
    },
    "elapsed_wall_seconds": 91.05871825001668,
    "host": "MacBook-Pro-86.local",
    "hotspot_probability": 0.1,
    "measurement_seconds": 60.0,
    "mpl": 64,
    "policy": "mixed_robust",
    "python": "3.11.3",
    "raw_path": "results/main/raw/20260516T181303.157034+0000_mixed_robust_mpl64_bounded_1_p0p1_r3.json",
    "repeat": 3,
    "retry_limit": 1,
    "retry_model": "bounded_1",
    "seed": 3994,
    "timestamp_utc": "2026-05-16T18:13:03.157034+00:00",
    "warmup_seconds": 30.0
  },
  "metrics": {
    "abort_rate_pct": 0.9416928418173492,
    "abort_reasons": {
      "concurrent_update": 5924,
      "dangerous_structure": 225
    },
    "aborts": 6149,
    "attempted_tps": 10882.883333333333,
    "attempts": 652973,
    "by_isolation": {
      "RC": {
        "aborts": 0,
        "attempts": 129455,
        "committed": 129455,
        "errors": 0
      },
      "SSI": {
        "aborts": 6149,
        "attempts": 523518,
        "committed": 517369,
        "errors": 712
      }
    },
    "by_transaction": {
      "amalgamate": {
        "aborts": 3231,
        "attempts": 132235,
        "committed": 129004,
        "errors": 418
      },
      "balance": {
        "aborts": 31,
        "attempts": 129658,
        "committed": 129627,
        "errors": 3
      },
      "deposit_checking": {
        "aborts": 0,
        "attempts": 129455,
        "committed": 129455,
        "errors": 0
      },
      "transact_savings": {
        "aborts": 970,
        "attempts": 130638,
        "committed": 129668,
        "errors": 66
      },
      "write_check": {
        "aborts": 1917,
        "attempts": 130987,
        "committed": 129070,
        "errors": 225
      }
    },
    "committed": 646824,
    "committed_tps": 10780.4,
    "error_rate_pct": 0.10995527661782512,
    "errors": 712,
    "latency": {
      "count": 647536,
      "mean_ms": 5.919600448837061,
      "p50_ms": 2.5987295666709542,
      "p95_ms": 40.320670843357
    },
    "latency_max_ms": 294.9571249773726,
    "latency_min_ms": 0.19637495279312134,
    "observed_tps": 10792.266666666666
  },
  "post_snapshot": {
    "account_count": 18000,
    "checking_count": 18000,
    "checking_total": 3600732143,
    "savings_count": 18000,
    "savings_total": 200221,
    "total_funds": 3600932364
  },
  "pre_snapshot": {
    "account_count": 18000,
    "checking_count": 18000,
    "checking_total": 1800000000,
    "savings_count": 18000,
    "savings_total": 1800000000,
    "total_funds": 3600000000
  },
  "smallbank": {
    "account_count": 18000,
    "amount_max": 10,
    "amount_min": 1,
    "hotspot_probability": 0.1,
    "hotspot_size": 20,
    "initial_checking": 100000,
    "initial_savings": 100000
  },
  "validation": {
    "account_count_ok": true,
    "checking_count_ok": true,
    "ok": true,
    "post_total_funds": 3600932364,
    "pre_total_funds": 3600000000,
    "savings_count_ok": true,
    "total_funds_delta": 932364
  }
}