{
  "metadata": {
    "allocation": {
      "amalgamate": "SSI",
      "balance": "SSI",
      "deposit_checking": "SSI",
      "transact_savings": "SSI",
      "write_check": "SSI"
    },
    "elapsed_wall_seconds": 90.63046024995856,
    "host": "MacBook-Pro-86.local",
    "hotspot_probability": 0.9,
    "measurement_seconds": 60.0,
    "mpl": 32,
    "policy": "ssi",
    "python": "3.11.3",
    "raw_path": "results/main/raw/20260516T111634.931965+0000_ssi_mpl32_bounded_3_p0p9_r4.json",
    "repeat": 4,
    "retry_limit": 3,
    "retry_model": "bounded_3",
    "seed": 3995,
    "timestamp_utc": "2026-05-16T11:16:34.931965+00:00",
    "warmup_seconds": 30.0
  },
  "metrics": {
    "abort_rate_pct": 30.01607352404619,
    "abort_reasons": {
      "concurrent_update": 107714,
      "dangerous_structure": 14042
    },
    "aborts": 121756,
    "attempted_tps": 6760.6,
    "attempts": 405636,
    "by_isolation": {
      "SSI": {
        "aborts": 121756,
        "attempts": 405636,
        "committed": 283880,
        "errors": 8885
      }
    },
    "by_transaction": {
      "amalgamate": {
        "aborts": 57523,
        "attempts": 109997,
        "committed": 52474,
        "errors": 5850
      },
      "balance": {
        "aborts": 805,
        "attempts": 59100,
        "committed": 58295,
        "errors": 25
      },
      "deposit_checking": {
        "aborts": 14543,
        "attempts": 73062,
        "committed": 58519,
        "errors": 211
      },
      "transact_savings": {
        "aborts": 13133,
        "attempts": 71590,
        "committed": 58457,
        "errors": 198
      },
      "write_check": {
        "aborts": 35752,
        "attempts": 91887,
        "committed": 56135,
        "errors": 2601
      }
    },
    "committed": 283880,
    "committed_tps": 4731.333333333333,
    "error_rate_pct": 3.034857308763001,
    "errors": 8885,
    "latency": {
      "count": 292765,
      "mean_ms": 6.546925916443442,
      "p50_ms": 1.7181244329549372,
      "p95_ms": 35.38526691845618
    },
    "latency_max_ms": 341.16650000214577,
    "latency_min_ms": 0.1449170522391796,
    "observed_tps": 4879.416666666667
  },
  "post_snapshot": {
    "account_count": 18000,
    "checking_count": 18000,
    "checking_total": 2456447011,
    "savings_count": 18000,
    "savings_total": 1144037250,
    "total_funds": 3600484261
  },
  "pre_snapshot": {
    "account_count": 18000,
    "checking_count": 18000,
    "checking_total": 1800000000,
    "savings_count": 18000,
    "savings_total": 1800000000,
    "total_funds": 3600000000
  },
  "smallbank": {
    "account_count": 18000,
    "amount_max": 10,
    "amount_min": 1,
    "hotspot_probability": 0.9,
    "hotspot_size": 20,
    "initial_checking": 100000,
    "initial_savings": 100000
  },
  "validation": {
    "account_count_ok": true,
    "checking_count_ok": true,
    "ok": true,
    "post_total_funds": 3600484261,
    "pre_total_funds": 3600000000,
    "savings_count_ok": true,
    "total_funds_delta": 484261
  }
}