{
  "metadata": {
    "allocation": {
      "amalgamate": "SSI",
      "balance": "SSI",
      "deposit_checking": "SSI",
      "transact_savings": "SSI",
      "write_check": "SSI"
    },
    "elapsed_wall_seconds": 90.63497995899525,
    "host": "MacBook-Pro-86.local",
    "hotspot_probability": 0.5,
    "measurement_seconds": 60.0,
    "mpl": 32,
    "policy": "ssi",
    "python": "3.11.3",
    "raw_path": "results/main/raw/20260516T110555.625862+0000_ssi_mpl32_bounded_3_p0p5_r2.json",
    "repeat": 2,
    "retry_limit": 3,
    "retry_model": "bounded_3",
    "seed": 3993,
    "timestamp_utc": "2026-05-16T11:05:55.625862+00:00",
    "warmup_seconds": 30.0
  },
  "metrics": {
    "abort_rate_pct": 13.09887615567735,
    "abort_reasons": {
      "concurrent_update": 43370,
      "dangerous_structure": 3951
    },
    "aborts": 47321,
    "attempted_tps": 6021.0,
    "attempts": 361260,
    "by_isolation": {
      "SSI": {
        "aborts": 47321,
        "attempts": 361260,
        "committed": 313939,
        "errors": 2094
      }
    },
    "by_transaction": {
      "amalgamate": {
        "aborts": 21760,
        "attempts": 83469,
        "committed": 61709,
        "errors": 1246
      },
      "balance": {
        "aborts": 327,
        "attempts": 63741,
        "committed": 63414,
        "errors": 30
      },
      "deposit_checking": {
        "aborts": 6208,
        "attempts": 69256,
        "committed": 63048,
        "errors": 84
      },
      "transact_savings": {
        "aborts": 5713,
        "attempts": 68959,
        "committed": 63246,
        "errors": 75
      },
      "write_check": {
        "aborts": 13313,
        "attempts": 75835,
        "committed": 62522,
        "errors": 659
      }
    },
    "committed": 313939,
    "committed_tps": 5232.316666666667,
    "error_rate_pct": 0.6625890334237248,
    "errors": 2094,
    "latency": {
      "count": 316033,
      "mean_ms": 6.066409494666206,
      "p50_ms": 1.7075829673558474,
      "p95_ms": 28.061660000821547
    },
    "latency_max_ms": 373.0470420559868,
    "latency_min_ms": 0.20837492775171995,
    "observed_tps": 5267.216666666666
  },
  "post_snapshot": {
    "account_count": 18000,
    "checking_count": 18000,
    "checking_total": 3471330756,
    "savings_count": 18000,
    "savings_total": 129193443,
    "total_funds": 3600524199
  },
  "pre_snapshot": {
    "account_count": 18000,
    "checking_count": 18000,
    "checking_total": 1800000000,
    "savings_count": 18000,
    "savings_total": 1800000000,
    "total_funds": 3600000000
  },
  "smallbank": {
    "account_count": 18000,
    "amount_max": 10,
    "amount_min": 1,
    "hotspot_probability": 0.5,
    "hotspot_size": 20,
    "initial_checking": 100000,
    "initial_savings": 100000
  },
  "validation": {
    "account_count_ok": true,
    "checking_count_ok": true,
    "ok": true,
    "post_total_funds": 3600524199,
    "pre_total_funds": 3600000000,
    "savings_count_ok": true,
    "total_funds_delta": 524199
  }
}