{
  "metadata": {
    "allocation": {
      "amalgamate": "SSI",
      "balance": "SSI",
      "deposit_checking": "SSI",
      "transact_savings": "SSI",
      "write_check": "SSI"
    },
    "elapsed_wall_seconds": 90.66404704202432,
    "host": "MacBook-Pro-86.local",
    "hotspot_probability": 0.5,
    "measurement_seconds": 60.0,
    "mpl": 32,
    "policy": "ssi",
    "python": "3.11.3",
    "raw_path": "results/main/raw/20260516T110424.357101+0000_ssi_mpl32_bounded_3_p0p5_r1.json",
    "repeat": 1,
    "retry_limit": 3,
    "retry_model": "bounded_3",
    "seed": 3992,
    "timestamp_utc": "2026-05-16T11:04:24.357101+00:00",
    "warmup_seconds": 30.0
  },
  "metrics": {
    "abort_rate_pct": 12.987699093811711,
    "abort_reasons": {
      "concurrent_update": 51916,
      "dangerous_structure": 4381
    },
    "aborts": 56297,
    "attempted_tps": 7224.4,
    "attempts": 433464,
    "by_isolation": {
      "SSI": {
        "aborts": 56297,
        "attempts": 433464,
        "committed": 377167,
        "errors": 2357
      }
    },
    "by_transaction": {
      "amalgamate": {
        "aborts": 25724,
        "attempts": 99944,
        "committed": 74220,
        "errors": 1414
      },
      "balance": {
        "aborts": 326,
        "attempts": 76103,
        "committed": 75777,
        "errors": 17
      },
      "deposit_checking": {
        "aborts": 7385,
        "attempts": 83069,
        "committed": 75684,
        "errors": 83
      },
      "transact_savings": {
        "aborts": 6763,
        "attempts": 83030,
        "committed": 76267,
        "errors": 95
      },
      "write_check": {
        "aborts": 16099,
        "attempts": 91318,
        "committed": 75219,
        "errors": 748
      }
    },
    "committed": 377167,
    "committed_tps": 6286.116666666667,
    "error_rate_pct": 0.6210410935803796,
    "errors": 2357,
    "latency": {
      "count": 379524,
      "mean_ms": 5.047477574162468,
      "p50_ms": 1.7996670212596655,
      "p95_ms": 7.148962508654218
    },
    "latency_max_ms": 316.5174999739975,
    "latency_min_ms": 0.17374998424202204,
    "observed_tps": 6325.4
  },
  "post_snapshot": {
    "account_count": 18000,
    "checking_count": 18000,
    "checking_total": 3570897173,
    "savings_count": 18000,
    "savings_total": 29898285,
    "total_funds": 3600795458
  },
  "pre_snapshot": {
    "account_count": 18000,
    "checking_count": 18000,
    "checking_total": 1800000000,
    "savings_count": 18000,
    "savings_total": 1800000000,
    "total_funds": 3600000000
  },
  "smallbank": {
    "account_count": 18000,
    "amount_max": 10,
    "amount_min": 1,
    "hotspot_probability": 0.5,
    "hotspot_size": 20,
    "initial_checking": 100000,
    "initial_savings": 100000
  },
  "validation": {
    "account_count_ok": true,
    "checking_count_ok": true,
    "ok": true,
    "post_total_funds": 3600795458,
    "pre_total_funds": 3600000000,
    "savings_count_ok": true,
    "total_funds_delta": 795458
  }
}