{
  "metadata": {
    "allocation": {
      "amalgamate": "SSI",
      "balance": "SSI",
      "deposit_checking": "RC",
      "transact_savings": "SSI",
      "write_check": "SSI"
    },
    "elapsed_wall_seconds": 91.02360229101032,
    "host": "MacBook-Pro-86.local",
    "hotspot_probability": 0.5,
    "measurement_seconds": 60.0,
    "mpl": 64,
    "policy": "mixed_robust",
    "python": "3.11.3",
    "raw_path": "results/main/raw/20260516T190804.683935+0000_mixed_robust_mpl64_bounded_10_p0p5_r4.json",
    "repeat": 4,
    "retry_limit": 10,
    "retry_model": "bounded_10",
    "seed": 3995,
    "timestamp_utc": "2026-05-16T19:08:04.683935+00:00",
    "warmup_seconds": 30.0
  },
  "metrics": {
    "abort_rate_pct": 17.00077579307458,
    "abort_reasons": {
      "concurrent_update": 112049,
      "dangerous_structure": 12642
    },
    "aborts": 124691,
    "attempted_tps": 12224.05,
    "attempts": 733443,
    "by_isolation": {
      "RC": {
        "aborts": 0,
        "attempts": 121995,
        "committed": 121995,
        "errors": 0
      },
      "SSI": {
        "aborts": 124691,
        "attempts": 611448,
        "committed": 486757,
        "errors": 318
      }
    },
    "by_transaction": {
      "amalgamate": {
        "aborts": 66613,
        "attempts": 187750,
        "committed": 121137,
        "errors": 206
      },
      "balance": {
        "aborts": 1203,
        "attempts": 123005,
        "committed": 121802,
        "errors": 21
      },
      "deposit_checking": {
        "aborts": 0,
        "attempts": 121995,
        "committed": 121995,
        "errors": 0
      },
      "transact_savings": {
        "aborts": 16535,
        "attempts": 138809,
        "committed": 122274,
        "errors": 12
      },
      "write_check": {
        "aborts": 40340,
        "attempts": 161884,
        "committed": 121544,
        "errors": 79
      }
    },
    "committed": 608752,
    "committed_tps": 10145.866666666667,
    "error_rate_pct": 0.05221074753312427,
    "errors": 318,
    "latency": {
      "count": 609070,
      "mean_ms": 6.295997177152997,
      "p50_ms": 2.374375006183982,
      "p95_ms": 22.727735462831312
    },
    "latency_max_ms": 419.9376249453053,
    "latency_min_ms": 0.16541604418307543,
    "observed_tps": 10151.166666666666
  },
  "post_snapshot": {
    "account_count": 18000,
    "checking_count": 18000,
    "checking_total": 3590929284,
    "savings_count": 18000,
    "savings_total": 10099246,
    "total_funds": 3601028530
  },
  "pre_snapshot": {
    "account_count": 18000,
    "checking_count": 18000,
    "checking_total": 1800000000,
    "savings_count": 18000,
    "savings_total": 1800000000,
    "total_funds": 3600000000
  },
  "smallbank": {
    "account_count": 18000,
    "amount_max": 10,
    "amount_min": 1,
    "hotspot_probability": 0.5,
    "hotspot_size": 20,
    "initial_checking": 100000,
    "initial_savings": 100000
  },
  "validation": {
    "account_count_ok": true,
    "checking_count_ok": true,
    "ok": true,
    "post_total_funds": 3601028530,
    "pre_total_funds": 3600000000,
    "savings_count_ok": true,
    "total_funds_delta": 1028530
  }
}