{
  "metadata": {
    "allocation": {
      "amalgamate": "SI",
      "balance": "SI",
      "deposit_checking": "SI",
      "transact_savings": "SI",
      "write_check": "SI"
    },
    "elapsed_wall_seconds": 91.21683766704518,
    "host": "MacBook-Pro-86.local",
    "hotspot_probability": 0.5,
    "measurement_seconds": 60.0,
    "mpl": 64,
    "policy": "si",
    "python": "3.11.3",
    "raw_path": "results/main/raw/20260516T064926.991864+0000_si_mpl64_unbounded_p0p5_r2.json",
    "repeat": 2,
    "retry_limit": null,
    "retry_model": "unbounded",
    "seed": 3993,
    "timestamp_utc": "2026-05-16T06:49:26.991864+00:00",
    "warmup_seconds": 30.0
  },
  "metrics": {
    "abort_rate_pct": 25.896765095706314,
    "abort_reasons": {
      "concurrent_update": 134427
    },
    "aborts": 134427,
    "attempted_tps": 8651.466666666667,
    "attempts": 519088,
    "by_isolation": {
      "SI": {
        "aborts": 134427,
        "attempts": 519088,
        "committed": 384661,
        "errors": 0
      }
    },
    "by_transaction": {
      "amalgamate": {
        "aborts": 71073,
        "attempts": 147962,
        "committed": 76889,
        "errors": 0
      },
      "balance": {
        "aborts": 0,
        "attempts": 77080,
        "committed": 77080,
        "errors": 0
      },
      "deposit_checking": {
        "aborts": 14114,
        "attempts": 91276,
        "committed": 77162,
        "errors": 0
      },
      "transact_savings": {
        "aborts": 14444,
        "attempts": 91487,
        "committed": 77043,
        "errors": 0
      },
      "write_check": {
        "aborts": 34796,
        "attempts": 111283,
        "committed": 76487,
        "errors": 0
      }
    },
    "committed": 384661,
    "committed_tps": 6411.016666666666,
    "error_rate_pct": 0.0,
    "errors": 0,
    "latency": {
      "count": 384661,
      "mean_ms": 9.975688966986775,
      "p50_ms": 2.4546670028939843,
      "p95_ms": 63.72498786076893
    },
    "latency_max_ms": 716.9623749796301,
    "latency_min_ms": 0.16087503172457218,
    "observed_tps": 6411.016666666666
  },
  "post_snapshot": {
    "account_count": 18000,
    "checking_count": 18000,
    "checking_total": 3506597028,
    "savings_count": 18000,
    "savings_total": 93993713,
    "total_funds": 3600590741
  },
  "pre_snapshot": {
    "account_count": 18000,
    "checking_count": 18000,
    "checking_total": 1800000000,
    "savings_count": 18000,
    "savings_total": 1800000000,
    "total_funds": 3600000000
  },
  "smallbank": {
    "account_count": 18000,
    "amount_max": 10,
    "amount_min": 1,
    "hotspot_probability": 0.5,
    "hotspot_size": 20,
    "initial_checking": 100000,
    "initial_savings": 100000
  },
  "validation": {
    "account_count_ok": true,
    "checking_count_ok": true,
    "ok": true,
    "post_total_funds": 3600590741,
    "pre_total_funds": 3600000000,
    "savings_count_ok": true,
    "total_funds_delta": 590741
  }
}