{
  "metadata": {
    "allocation": {
      "amalgamate": "SI",
      "balance": "SI",
      "deposit_checking": "SI",
      "transact_savings": "SI",
      "write_check": "SI"
    },
    "elapsed_wall_seconds": 91.07661424996331,
    "host": "MacBook-Pro-86.local",
    "hotspot_probability": 0.1,
    "measurement_seconds": 60.0,
    "mpl": 64,
    "policy": "si",
    "python": "3.11.3",
    "raw_path": "results/main/raw/20260516T061719.957256+0000_si_mpl64_bounded_10_p0p1_r1.json",
    "repeat": 1,
    "retry_limit": 10,
    "retry_model": "bounded_10",
    "seed": 3992,
    "timestamp_utc": "2026-05-16T06:17:19.957256+00:00",
    "warmup_seconds": 30.0
  },
  "metrics": {
    "abort_rate_pct": 1.656485928333406,
    "abort_reasons": {
      "concurrent_update": 13700
    },
    "aborts": 13700,
    "attempted_tps": 13784.2,
    "attempts": 827052,
    "by_isolation": {
      "SI": {
        "aborts": 13700,
        "attempts": 827052,
        "committed": 813352,
        "errors": 0
      }
    },
    "by_transaction": {
      "amalgamate": {
        "aborts": 6244,
        "attempts": 168914,
        "committed": 162670,
        "errors": 0
      },
      "balance": {
        "aborts": 0,
        "attempts": 162863,
        "committed": 162863,
        "errors": 0
      },
      "deposit_checking": {
        "aborts": 2002,
        "attempts": 164768,
        "committed": 162766,
        "errors": 0
      },
      "transact_savings": {
        "aborts": 1700,
        "attempts": 164619,
        "committed": 162919,
        "errors": 0
      },
      "write_check": {
        "aborts": 3754,
        "attempts": 165888,
        "committed": 162134,
        "errors": 0
      }
    },
    "committed": 813352,
    "committed_tps": 13555.866666666667,
    "error_rate_pct": 0.0,
    "errors": 0,
    "latency": {
      "count": 813352,
      "mean_ms": 4.71001441496401,
      "p50_ms": 3.326228994410485,
      "p95_ms": 16.730097576510097
    },
    "latency_max_ms": 218.31566689070314,
    "latency_min_ms": 0.1722919987514615,
    "observed_tps": 13555.866666666667
  },
  "post_snapshot": {
    "account_count": 18000,
    "checking_count": 18000,
    "checking_total": 3601108037,
    "savings_count": 18000,
    "savings_total": 98554,
    "total_funds": 3601206591
  },
  "pre_snapshot": {
    "account_count": 18000,
    "checking_count": 18000,
    "checking_total": 1800000000,
    "savings_count": 18000,
    "savings_total": 1800000000,
    "total_funds": 3600000000
  },
  "smallbank": {
    "account_count": 18000,
    "amount_max": 10,
    "amount_min": 1,
    "hotspot_probability": 0.1,
    "hotspot_size": 20,
    "initial_checking": 100000,
    "initial_savings": 100000
  },
  "validation": {
    "account_count_ok": true,
    "checking_count_ok": true,
    "ok": true,
    "post_total_funds": 3601206591,
    "pre_total_funds": 3600000000,
    "savings_count_ok": true,
    "total_funds_delta": 1206591
  }
}