{
  "metadata": {
    "allocation": {
      "amalgamate": "SSI",
      "balance": "SSI",
      "deposit_checking": "RC",
      "transact_savings": "SSI",
      "write_check": "SSI"
    },
    "elapsed_wall_seconds": 91.1934464169899,
    "host": "MacBook-Pro-86.local",
    "hotspot_probability": 0.9,
    "measurement_seconds": 60.0,
    "mpl": 64,
    "policy": "mixed_robust",
    "python": "3.11.3",
    "raw_path": "results/main/raw/20260516T183123.674049+0000_mixed_robust_mpl64_bounded_1_p0p9_r5.json",
    "repeat": 5,
    "retry_limit": 1,
    "retry_model": "bounded_1",
    "seed": 3996,
    "timestamp_utc": "2026-05-16T18:31:23.674049+00:00",
    "warmup_seconds": 30.0
  },
  "metrics": {
    "abort_rate_pct": 26.874664274361912,
    "abort_reasons": {
      "concurrent_update": 86742,
      "dangerous_structure": 10318
    },
    "aborts": 97060,
    "attempted_tps": 6019.3,
    "attempts": 361158,
    "by_isolation": {
      "RC": {
        "aborts": 0,
        "attempts": 59082,
        "committed": 59082,
        "errors": 0
      },
      "SSI": {
        "aborts": 97060,
        "attempts": 302076,
        "committed": 205016,
        "errors": 32119
      }
    },
    "by_transaction": {
      "amalgamate": {
        "aborts": 48278,
        "attempts": 89341,
        "committed": 41063,
        "errors": 18137
      },
      "balance": {
        "aborts": 1006,
        "attempts": 60189,
        "committed": 59183,
        "errors": 126
      },
      "deposit_checking": {
        "aborts": 0,
        "attempts": 59082,
        "committed": 59082,
        "errors": 0
      },
      "transact_savings": {
        "aborts": 16154,
        "attempts": 71965,
        "committed": 55811,
        "errors": 3472
      },
      "write_check": {
        "aborts": 31622,
        "attempts": 80581,
        "committed": 48959,
        "errors": 10384
      }
    },
    "committed": 264098,
    "committed_tps": 4401.633333333333,
    "error_rate_pct": 10.843064375103387,
    "errors": 32119,
    "latency": {
      "count": 296217,
      "mean_ms": 12.957787048833506,
      "p50_ms": 2.018937550019473,
      "p95_ms": 84.65012435335655
    },
    "latency_max_ms": 494.1897919634357,
    "latency_min_ms": 0.1650000922381878,
    "observed_tps": 4936.95
  },
  "post_snapshot": {
    "account_count": 18000,
    "checking_count": 18000,
    "checking_total": 2388272629,
    "savings_count": 18000,
    "savings_total": 1212237547,
    "total_funds": 3600510176
  },
  "pre_snapshot": {
    "account_count": 18000,
    "checking_count": 18000,
    "checking_total": 1800000000,
    "savings_count": 18000,
    "savings_total": 1800000000,
    "total_funds": 3600000000
  },
  "smallbank": {
    "account_count": 18000,
    "amount_max": 10,
    "amount_min": 1,
    "hotspot_probability": 0.9,
    "hotspot_size": 20,
    "initial_checking": 100000,
    "initial_savings": 100000
  },
  "validation": {
    "account_count_ok": true,
    "checking_count_ok": true,
    "ok": true,
    "post_total_funds": 3600510176,
    "pre_total_funds": 3600000000,
    "savings_count_ok": true,
    "total_funds_delta": 510176
  }
}