{
  "metadata": {
    "allocation": {
      "amalgamate": "SSI",
      "balance": "SSI",
      "deposit_checking": "SSI",
      "transact_savings": "SSI",
      "write_check": "SSI"
    },
    "elapsed_wall_seconds": 91.08903429203201,
    "host": "MacBook-Pro-86.local",
    "hotspot_probability": 0.1,
    "measurement_seconds": 60.0,
    "mpl": 64,
    "policy": "ssi",
    "python": "3.11.3",
    "raw_path": "results/main/raw/20260516T123117.918021+0000_ssi_mpl64_bounded_3_p0p1_r3.json",
    "repeat": 3,
    "retry_limit": 3,
    "retry_model": "bounded_3",
    "seed": 3994,
    "timestamp_utc": "2026-05-16T12:31:17.918021+00:00",
    "warmup_seconds": 30.0
  },
  "metrics": {
    "abort_rate_pct": 0.9860952471382013,
    "abort_reasons": {
      "concurrent_update": 3379,
      "dangerous_structure": 152
    },
    "aborts": 3531,
    "attempted_tps": 5967.983333333334,
    "attempts": 358079,
    "by_isolation": {
      "SSI": {
        "aborts": 3531,
        "attempts": 358079,
        "committed": 354548,
        "errors": 17
      }
    },
    "by_transaction": {
      "amalgamate": {
        "aborts": 1573,
        "attempts": 72476,
        "committed": 70903,
        "errors": 7
      },
      "balance": {
        "aborts": 24,
        "attempts": 71062,
        "committed": 71038,
        "errors": 2
      },
      "deposit_checking": {
        "aborts": 576,
        "attempts": 71704,
        "committed": 71128,
        "errors": 0
      },
      "transact_savings": {
        "aborts": 434,
        "attempts": 71369,
        "committed": 70935,
        "errors": 0
      },
      "write_check": {
        "aborts": 924,
        "attempts": 71468,
        "committed": 70544,
        "errors": 8
      }
    },
    "committed": 354548,
    "committed_tps": 5909.133333333333,
    "error_rate_pct": 0.004794607476767306,
    "errors": 17,
    "latency": {
      "count": 354565,
      "mean_ms": 10.827168263506131,
      "p50_ms": 2.2997710038907826,
      "p95_ms": 60.529522824799606
    },
    "latency_max_ms": 363.90154191758484,
    "latency_min_ms": 0.18824997823685408,
    "observed_tps": 5909.416666666667
  },
  "post_snapshot": {
    "account_count": 18000,
    "checking_count": 18000,
    "checking_total": 3591892259,
    "savings_count": 18000,
    "savings_total": 8699508,
    "total_funds": 3600591767
  },
  "pre_snapshot": {
    "account_count": 18000,
    "checking_count": 18000,
    "checking_total": 1800000000,
    "savings_count": 18000,
    "savings_total": 1800000000,
    "total_funds": 3600000000
  },
  "smallbank": {
    "account_count": 18000,
    "amount_max": 10,
    "amount_min": 1,
    "hotspot_probability": 0.1,
    "hotspot_size": 20,
    "initial_checking": 100000,
    "initial_savings": 100000
  },
  "validation": {
    "account_count_ok": true,
    "checking_count_ok": true,
    "ok": true,
    "post_total_funds": 3600591767,
    "pre_total_funds": 3600000000,
    "savings_count_ok": true,
    "total_funds_delta": 591767
  }
}