{
  "metadata": {
    "allocation": {
      "amalgamate": "SSI",
      "balance": "SSI",
      "deposit_checking": "SSI",
      "transact_savings": "SSI",
      "write_check": "SSI"
    },
    "elapsed_wall_seconds": 91.05033462506253,
    "host": "MacBook-Pro-86.local",
    "hotspot_probability": 0.5,
    "measurement_seconds": 60.0,
    "mpl": 64,
    "policy": "ssi",
    "python": "3.11.3",
    "raw_path": "results/main/raw/20260516T121730.970003+0000_ssi_mpl64_bounded_1_p0p5_r4.json",
    "repeat": 4,
    "retry_limit": 1,
    "retry_model": "bounded_1",
    "seed": 3995,
    "timestamp_utc": "2026-05-16T12:17:30.970003+00:00",
    "warmup_seconds": 30.0
  },
  "metrics": {
    "abort_rate_pct": 13.290237265454392,
    "abort_reasons": {
      "concurrent_update": 46018,
      "dangerous_structure": 4434
    },
    "aborts": 50452,
    "attempted_tps": 6326.95,
    "attempts": 379617,
    "by_isolation": {
      "SSI": {
        "aborts": 50452,
        "attempts": 379617,
        "committed": 329165,
        "errors": 12761
      }
    },
    "by_transaction": {
      "amalgamate": {
        "aborts": 21757,
        "attempts": 83777,
        "committed": 62020,
        "errors": 6312
      },
      "balance": {
        "aborts": 322,
        "attempts": 68811,
        "committed": 68489,
        "errors": 36
      },
      "deposit_checking": {
        "aborts": 7541,
        "attempts": 74770,
        "committed": 67229,
        "errors": 1301
      },
      "transact_savings": {
        "aborts": 6920,
        "attempts": 74412,
        "committed": 67492,
        "errors": 1159
      },
      "write_check": {
        "aborts": 13912,
        "attempts": 77847,
        "committed": 63935,
        "errors": 3953
      }
    },
    "committed": 329165,
    "committed_tps": 5486.083333333333,
    "error_rate_pct": 3.7320940788357713,
    "errors": 12761,
    "latency": {
      "count": 341926,
      "mean_ms": 11.225704447790335,
      "p50_ms": 2.2152290330268443,
      "p95_ms": 51.80491007049566
    },
    "latency_max_ms": 365.96824997104704,
    "latency_min_ms": 0.15962496399879456,
    "observed_tps": 5698.766666666666
  },
  "post_snapshot": {
    "account_count": 18000,
    "checking_count": 18000,
    "checking_total": 3512654030,
    "savings_count": 18000,
    "savings_total": 88000098,
    "total_funds": 3600654128
  },
  "pre_snapshot": {
    "account_count": 18000,
    "checking_count": 18000,
    "checking_total": 1800000000,
    "savings_count": 18000,
    "savings_total": 1800000000,
    "total_funds": 3600000000
  },
  "smallbank": {
    "account_count": 18000,
    "amount_max": 10,
    "amount_min": 1,
    "hotspot_probability": 0.5,
    "hotspot_size": 20,
    "initial_checking": 100000,
    "initial_savings": 100000
  },
  "validation": {
    "account_count_ok": true,
    "checking_count_ok": true,
    "ok": true,
    "post_total_funds": 3600654128,
    "pre_total_funds": 3600000000,
    "savings_count_ok": true,
    "total_funds_delta": 654128
  }
}