{
  "metadata": {
    "allocation": {
      "amalgamate": "SI",
      "balance": "SI",
      "deposit_checking": "SI",
      "transact_savings": "SI",
      "write_check": "SI"
    },
    "elapsed_wall_seconds": 91.06864787498489,
    "host": "MacBook-Pro-86.local",
    "hotspot_probability": 0.9,
    "measurement_seconds": 60.0,
    "mpl": 64,
    "policy": "si",
    "python": "3.11.3",
    "raw_path": "results/main/raw/20260516T061548.270811+0000_si_mpl64_bounded_3_p0p9_r5.json",
    "repeat": 5,
    "retry_limit": 3,
    "retry_model": "bounded_3",
    "seed": 3996,
    "timestamp_utc": "2026-05-16T06:15:48.270811+00:00",
    "warmup_seconds": 30.0
  },
  "metrics": {
    "abort_rate_pct": 40.6854565496597,
    "abort_reasons": {
      "concurrent_update": 160924
    },
    "aborts": 160924,
    "attempted_tps": 6592.2,
    "attempts": 395532,
    "by_isolation": {
      "SI": {
        "aborts": 160924,
        "attempts": 395532,
        "committed": 234608,
        "errors": 18203
      }
    },
    "by_transaction": {
      "amalgamate": {
        "aborts": 77807,
        "attempts": 116385,
        "committed": 38578,
        "errors": 11949
      },
      "balance": {
        "aborts": 0,
        "attempts": 50647,
        "committed": 50647,
        "errors": 0
      },
      "deposit_checking": {
        "aborts": 19845,
        "attempts": 69418,
        "committed": 49573,
        "errors": 765
      },
      "transact_savings": {
        "aborts": 19877,
        "attempts": 69628,
        "committed": 49751,
        "errors": 783
      },
      "write_check": {
        "aborts": 43395,
        "attempts": 89454,
        "committed": 46059,
        "errors": 4706
      }
    },
    "committed": 234608,
    "committed_tps": 3910.133333333333,
    "error_rate_pct": 7.2002404958645,
    "errors": 18203,
    "latency": {
      "count": 252811,
      "mean_ms": 15.185418119845437,
      "p50_ms": 2.699957985896617,
      "p95_ms": 89.33952699881047
    },
    "latency_max_ms": 467.44575002230704,
    "latency_min_ms": 0.15054107643663883,
    "observed_tps": 4213.516666666666
  },
  "post_snapshot": {
    "account_count": 18000,
    "checking_count": 18000,
    "checking_total": 2370109687,
    "savings_count": 18000,
    "savings_total": 1230334674,
    "total_funds": 3600444361
  },
  "pre_snapshot": {
    "account_count": 18000,
    "checking_count": 18000,
    "checking_total": 1800000000,
    "savings_count": 18000,
    "savings_total": 1800000000,
    "total_funds": 3600000000
  },
  "smallbank": {
    "account_count": 18000,
    "amount_max": 10,
    "amount_min": 1,
    "hotspot_probability": 0.9,
    "hotspot_size": 20,
    "initial_checking": 100000,
    "initial_savings": 100000
  },
  "validation": {
    "account_count_ok": true,
    "checking_count_ok": true,
    "ok": true,
    "post_total_funds": 3600444361,
    "pre_total_funds": 3600000000,
    "savings_count_ok": true,
    "total_funds_delta": 444361
  }
}