{
  "metadata": {
    "allocation": {
      "amalgamate": "SI",
      "balance": "SI",
      "deposit_checking": "SI",
      "transact_savings": "SI",
      "write_check": "SI"
    },
    "elapsed_wall_seconds": 90.32544091704767,
    "host": "MacBook-Pro-86.local",
    "hotspot_probability": 0.5,
    "measurement_seconds": 60.0,
    "mpl": 8,
    "policy": "si",
    "python": "3.11.3",
    "raw_path": "results/main/raw/20260516T023639.116827+0000_si_mpl8_bounded_1_p0p5_r1.json",
    "repeat": 1,
    "retry_limit": 1,
    "retry_model": "bounded_1",
    "seed": 3992,
    "timestamp_utc": "2026-05-16T02:36:39.116827+00:00",
    "warmup_seconds": 30.0
  },
  "metrics": {
    "abort_rate_pct": 3.844047039214523,
    "abort_reasons": {
      "concurrent_update": 27860
    },
    "aborts": 27860,
    "attempted_tps": 12079.283333333333,
    "attempts": 724757,
    "by_isolation": {
      "SI": {
        "aborts": 27860,
        "attempts": 724757,
        "committed": 696897,
        "errors": 2626
      }
    },
    "by_transaction": {
      "amalgamate": {
        "aborts": 12899,
        "attempts": 150764,
        "committed": 137865,
        "errors": 1681
      },
      "balance": {
        "aborts": 0,
        "attempts": 140249,
        "committed": 140249,
        "errors": 0
      },
      "deposit_checking": {
        "aborts": 4213,
        "attempts": 143693,
        "committed": 139480,
        "errors": 169
      },
      "transact_savings": {
        "aborts": 3501,
        "attempts": 143238,
        "committed": 139737,
        "errors": 131
      },
      "write_check": {
        "aborts": 7247,
        "attempts": 146813,
        "committed": 139566,
        "errors": 645
      }
    },
    "committed": 696897,
    "committed_tps": 11614.95,
    "error_rate_pct": 0.3753986645185362,
    "errors": 2626,
    "latency": {
      "count": 699523,
      "mean_ms": 0.676223779366679,
      "p50_ms": 0.5660830065608025,
      "p95_ms": 1.1873062641825518
    },
    "latency_max_ms": 59.36874996405095,
    "latency_min_ms": 0.14633301179856062,
    "observed_tps": 11658.716666666667
  },
  "post_snapshot": {
    "account_count": 18000,
    "checking_count": 18000,
    "checking_total": 3593351201,
    "savings_count": 18000,
    "savings_total": 7799998,
    "total_funds": 3601151199
  },
  "pre_snapshot": {
    "account_count": 18000,
    "checking_count": 18000,
    "checking_total": 1800000000,
    "savings_count": 18000,
    "savings_total": 1800000000,
    "total_funds": 3600000000
  },
  "smallbank": {
    "account_count": 18000,
    "amount_max": 10,
    "amount_min": 1,
    "hotspot_probability": 0.5,
    "hotspot_size": 20,
    "initial_checking": 100000,
    "initial_savings": 100000
  },
  "validation": {
    "account_count_ok": true,
    "checking_count_ok": true,
    "ok": true,
    "post_total_funds": 3601151199,
    "pre_total_funds": 3600000000,
    "savings_count_ok": true,
    "total_funds_delta": 1151199
  }
}