{
  "metadata": {
    "allocation": {
      "amalgamate": "SI",
      "balance": "SI",
      "deposit_checking": "SI",
      "transact_savings": "SI",
      "write_check": "SI"
    },
    "elapsed_wall_seconds": 91.25373412494082,
    "host": "MacBook-Pro-86.local",
    "hotspot_probability": 0.1,
    "measurement_seconds": 60.0,
    "mpl": 64,
    "policy": "si",
    "python": "3.11.3",
    "raw_path": "results/main/raw/20260516T055553.984799+0000_si_mpl64_bounded_3_p0p1_r2.json",
    "repeat": 2,
    "retry_limit": 3,
    "retry_model": "bounded_3",
    "seed": 3993,
    "timestamp_utc": "2026-05-16T05:55:53.984799+00:00",
    "warmup_seconds": 30.0
  },
  "metrics": {
    "abort_rate_pct": 1.6388178190509282,
    "abort_reasons": {
      "concurrent_update": 6226
    },
    "aborts": 6226,
    "attempted_tps": 6331.8,
    "attempts": 379908,
    "by_isolation": {
      "SI": {
        "aborts": 6226,
        "attempts": 379908,
        "committed": 373682,
        "errors": 72
      }
    },
    "by_transaction": {
      "amalgamate": {
        "aborts": 2819,
        "attempts": 77450,
        "committed": 74631,
        "errors": 43
      },
      "balance": {
        "aborts": 0,
        "attempts": 74893,
        "committed": 74893,
        "errors": 0
      },
      "deposit_checking": {
        "aborts": 959,
        "attempts": 76043,
        "committed": 75084,
        "errors": 4
      },
      "transact_savings": {
        "aborts": 824,
        "attempts": 75722,
        "committed": 74898,
        "errors": 1
      },
      "write_check": {
        "aborts": 1624,
        "attempts": 75800,
        "committed": 74176,
        "errors": 24
      }
    },
    "committed": 373682,
    "committed_tps": 6228.033333333334,
    "error_rate_pct": 0.019264007876838775,
    "errors": 72,
    "latency": {
      "count": 373754,
      "mean_ms": 10.272300170981431,
      "p50_ms": 3.2285835477523506,
      "p95_ms": 54.34907775488681
    },
    "latency_max_ms": 473.2334589352831,
    "latency_min_ms": 0.18079206347465515,
    "observed_tps": 6229.233333333334
  },
  "post_snapshot": {
    "account_count": 18000,
    "checking_count": 18000,
    "checking_total": 3594433972,
    "savings_count": 18000,
    "savings_total": 6199439,
    "total_funds": 3600633411
  },
  "pre_snapshot": {
    "account_count": 18000,
    "checking_count": 18000,
    "checking_total": 1800000000,
    "savings_count": 18000,
    "savings_total": 1800000000,
    "total_funds": 3600000000
  },
  "smallbank": {
    "account_count": 18000,
    "amount_max": 10,
    "amount_min": 1,
    "hotspot_probability": 0.1,
    "hotspot_size": 20,
    "initial_checking": 100000,
    "initial_savings": 100000
  },
  "validation": {
    "account_count_ok": true,
    "checking_count_ok": true,
    "ok": true,
    "post_total_funds": 3600633411,
    "pre_total_funds": 3600000000,
    "savings_count_ok": true,
    "total_funds_delta": 633411
  }
}