{
  "metadata": {
    "allocation": {
      "amalgamate": "SSI",
      "balance": "SSI",
      "deposit_checking": "RC",
      "transact_savings": "SSI",
      "write_check": "SSI"
    },
    "elapsed_wall_seconds": 91.11958170903381,
    "host": "MacBook-Pro-86.local",
    "hotspot_probability": 0.5,
    "measurement_seconds": 60.0,
    "mpl": 64,
    "policy": "mixed_robust",
    "python": "3.11.3",
    "raw_path": "results/main/raw/20260516T181738.303799+0000_mixed_robust_mpl64_bounded_1_p0p5_r1.json",
    "repeat": 1,
    "retry_limit": 1,
    "retry_model": "bounded_1",
    "seed": 3992,
    "timestamp_utc": "2026-05-16T18:17:38.303799+00:00",
    "warmup_seconds": 30.0
  },
  "metrics": {
    "abort_rate_pct": 13.106123060780934,
    "abort_reasons": {
      "concurrent_update": 44823,
      "dangerous_structure": 4142
    },
    "aborts": 48965,
    "attempted_tps": 6226.733333333334,
    "attempts": 373604,
    "by_isolation": {
      "RC": {
        "aborts": 0,
        "attempts": 67851,
        "committed": 67851,
        "errors": 0
      },
      "SSI": {
        "aborts": 48965,
        "attempts": 305753,
        "committed": 256788,
        "errors": 13667
      }
    },
    "by_transaction": {
      "amalgamate": {
        "aborts": 24647,
        "attempts": 84958,
        "committed": 60311,
        "errors": 7488
      },
      "balance": {
        "aborts": 480,
        "attempts": 67980,
        "committed": 67500,
        "errors": 68
      },
      "deposit_checking": {
        "aborts": 0,
        "attempts": 67851,
        "committed": 67851,
        "errors": 0
      },
      "transact_savings": {
        "aborts": 7944,
        "attempts": 74159,
        "committed": 66215,
        "errors": 1438
      },
      "write_check": {
        "aborts": 15894,
        "attempts": 78656,
        "committed": 62762,
        "errors": 4673
      }
    },
    "committed": 324639,
    "committed_tps": 5410.65,
    "error_rate_pct": 4.0398337599687855,
    "errors": 13667,
    "latency": {
      "count": 338306,
      "mean_ms": 11.348003906118347,
      "p50_ms": 2.2795419790782034,
      "p95_ms": 62.91967914439735
    },
    "latency_max_ms": 377.6184170274064,
    "latency_min_ms": 0.17862499225884676,
    "observed_tps": 5638.433333333333
  },
  "post_snapshot": {
    "account_count": 18000,
    "checking_count": 18000,
    "checking_total": 3471488974,
    "savings_count": 18000,
    "savings_total": 129098427,
    "total_funds": 3600587401
  },
  "pre_snapshot": {
    "account_count": 18000,
    "checking_count": 18000,
    "checking_total": 1800000000,
    "savings_count": 18000,
    "savings_total": 1800000000,
    "total_funds": 3600000000
  },
  "smallbank": {
    "account_count": 18000,
    "amount_max": 10,
    "amount_min": 1,
    "hotspot_probability": 0.5,
    "hotspot_size": 20,
    "initial_checking": 100000,
    "initial_savings": 100000
  },
  "validation": {
    "account_count_ok": true,
    "checking_count_ok": true,
    "ok": true,
    "post_total_funds": 3600587401,
    "pre_total_funds": 3600000000,
    "savings_count_ok": true,
    "total_funds_delta": 587401
  }
}