{
  "metadata": {
    "allocation": {
      "amalgamate": "SI",
      "balance": "SI",
      "deposit_checking": "SI",
      "transact_savings": "SI",
      "write_check": "SI"
    },
    "elapsed_wall_seconds": 90.69280991598498,
    "host": "MacBook-Pro-86.local",
    "hotspot_probability": 0.9,
    "measurement_seconds": 60.0,
    "mpl": 32,
    "policy": "si",
    "python": "3.11.3",
    "raw_path": "results/main/raw/20260516T043806.063467+0000_si_mpl32_bounded_3_p0p9_r1.json",
    "repeat": 1,
    "retry_limit": 3,
    "retry_model": "bounded_3",
    "seed": 3992,
    "timestamp_utc": "2026-05-16T04:38:06.063467+00:00",
    "warmup_seconds": 30.0
  },
  "metrics": {
    "abort_rate_pct": 28.608407593746453,
    "abort_reasons": {
      "concurrent_update": 105878
    },
    "aborts": 105878,
    "attempted_tps": 6168.233333333334,
    "attempts": 370094,
    "by_isolation": {
      "SI": {
        "aborts": 105878,
        "attempts": 370094,
        "committed": 264216,
        "errors": 7696
      }
    },
    "by_transaction": {
      "amalgamate": {
        "aborts": 51576,
        "attempts": 100288,
        "committed": 48712,
        "errors": 5425
      },
      "balance": {
        "aborts": 0,
        "attempts": 54341,
        "committed": 54341,
        "errors": 0
      },
      "deposit_checking": {
        "aborts": 13655,
        "attempts": 68051,
        "committed": 54396,
        "errors": 234
      },
      "transact_savings": {
        "aborts": 12212,
        "attempts": 66366,
        "committed": 54154,
        "errors": 238
      },
      "write_check": {
        "aborts": 28435,
        "attempts": 81048,
        "committed": 52613,
        "errors": 1799
      }
    },
    "committed": 264216,
    "committed_tps": 4403.6,
    "error_rate_pct": 2.8303274588837564,
    "errors": 7696,
    "latency": {
      "count": 271912,
      "mean_ms": 7.049422283637571,
      "p50_ms": 1.6669374890625477,
      "p95_ms": 34.80275688925754
    },
    "latency_max_ms": 453.67520896252245,
    "latency_min_ms": 0.16900000628083944,
    "observed_tps": 4531.866666666667
  },
  "post_snapshot": {
    "account_count": 18000,
    "checking_count": 18000,
    "checking_total": 2433521926,
    "savings_count": 18000,
    "savings_total": 1166935873,
    "total_funds": 3600457799
  },
  "pre_snapshot": {
    "account_count": 18000,
    "checking_count": 18000,
    "checking_total": 1800000000,
    "savings_count": 18000,
    "savings_total": 1800000000,
    "total_funds": 3600000000
  },
  "smallbank": {
    "account_count": 18000,
    "amount_max": 10,
    "amount_min": 1,
    "hotspot_probability": 0.9,
    "hotspot_size": 20,
    "initial_checking": 100000,
    "initial_savings": 100000
  },
  "validation": {
    "account_count_ok": true,
    "checking_count_ok": true,
    "ok": true,
    "post_total_funds": 3600457799,
    "pre_total_funds": 3600000000,
    "savings_count_ok": true,
    "total_funds_delta": 457799
  }
}