{
  "metadata": {
    "allocation": {
      "amalgamate": "SSI",
      "balance": "SSI",
      "deposit_checking": "RC",
      "transact_savings": "SSI",
      "write_check": "SSI"
    },
    "elapsed_wall_seconds": 90.60526162502356,
    "host": "MacBook-Pro-86.local",
    "hotspot_probability": 0.5,
    "measurement_seconds": 60.0,
    "mpl": 32,
    "policy": "mixed_robust",
    "python": "3.11.3",
    "raw_path": "results/main/raw/20260516T171513.542813+0000_mixed_robust_mpl32_bounded_3_p0p5_r5.json",
    "repeat": 5,
    "retry_limit": 3,
    "retry_model": "bounded_3",
    "seed": 3996,
    "timestamp_utc": "2026-05-16T17:15:13.542813+00:00",
    "warmup_seconds": 30.0
  },
  "metrics": {
    "abort_rate_pct": 13.165492238436414,
    "abort_reasons": {
      "concurrent_update": 98819,
      "dangerous_structure": 8163
    },
    "aborts": 106982,
    "attempted_tps": 13543.233333333334,
    "attempts": 812594,
    "by_isolation": {
      "RC": {
        "aborts": 0,
        "attempts": 141930,
        "committed": 141930,
        "errors": 0
      },
      "SSI": {
        "aborts": 106982,
        "attempts": 670664,
        "committed": 563682,
        "errors": 4870
      }
    },
    "by_transaction": {
      "amalgamate": {
        "aborts": 57250,
        "attempts": 195885,
        "committed": 138635,
        "errors": 3208
      },
      "balance": {
        "aborts": 779,
        "attempts": 142538,
        "committed": 141759,
        "errors": 17
      },
      "deposit_checking": {
        "aborts": 0,
        "attempts": 141930,
        "committed": 141930,
        "errors": 0
      },
      "transact_savings": {
        "aborts": 14180,
        "attempts": 156466,
        "committed": 142286,
        "errors": 134
      },
      "write_check": {
        "aborts": 34773,
        "attempts": 175775,
        "committed": 141002,
        "errors": 1511
      }
    },
    "committed": 705612,
    "committed_tps": 11760.2,
    "error_rate_pct": 0.6854501591877064,
    "errors": 4870,
    "latency": {
      "count": 710482,
      "mean_ms": 2.6901503330576135,
      "p50_ms": 1.9909164984710515,
      "p95_ms": 6.157566996989771
    },
    "latency_max_ms": 289.1313328873366,
    "latency_min_ms": 0.1501670340076089,
    "observed_tps": 11841.366666666667
  },
  "post_snapshot": {
    "account_count": 18000,
    "checking_count": 18000,
    "checking_total": 3597691199,
    "savings_count": 18000,
    "savings_total": 3497966,
    "total_funds": 3601189165
  },
  "pre_snapshot": {
    "account_count": 18000,
    "checking_count": 18000,
    "checking_total": 1800000000,
    "savings_count": 18000,
    "savings_total": 1800000000,
    "total_funds": 3600000000
  },
  "smallbank": {
    "account_count": 18000,
    "amount_max": 10,
    "amount_min": 1,
    "hotspot_probability": 0.5,
    "hotspot_size": 20,
    "initial_checking": 100000,
    "initial_savings": 100000
  },
  "validation": {
    "account_count_ok": true,
    "checking_count_ok": true,
    "ok": true,
    "post_total_funds": 3601189165,
    "pre_total_funds": 3600000000,
    "savings_count_ok": true,
    "total_funds_delta": 1189165
  }
}