{
  "metadata": {
    "allocation": {
      "amalgamate": "SI",
      "balance": "SI",
      "deposit_checking": "SI",
      "transact_savings": "SI",
      "write_check": "SI"
    },
    "elapsed_wall_seconds": 91.14511212497018,
    "host": "MacBook-Pro-86.local",
    "hotspot_probability": 0.9,
    "measurement_seconds": 60.0,
    "mpl": 64,
    "policy": "si",
    "python": "3.11.3",
    "raw_path": "results/main/raw/20260516T063844.827048+0000_si_mpl64_bounded_10_p0p9_r5.json",
    "repeat": 5,
    "retry_limit": 10,
    "retry_model": "bounded_10",
    "seed": 3996,
    "timestamp_utc": "2026-05-16T06:38:44.827048+00:00",
    "warmup_seconds": 30.0
  },
  "metrics": {
    "abort_rate_pct": 44.089115056809156,
    "abort_reasons": {
      "concurrent_update": 208109
    },
    "aborts": 208109,
    "attempted_tps": 7866.983333333334,
    "attempts": 472019,
    "by_isolation": {
      "SI": {
        "aborts": 208109,
        "attempts": 472019,
        "committed": 263910,
        "errors": 3067
      }
    },
    "by_transaction": {
      "amalgamate": {
        "aborts": 116879,
        "attempts": 167471,
        "committed": 50592,
        "errors": 2714
      },
      "balance": {
        "aborts": 0,
        "attempts": 53464,
        "committed": 53464,
        "errors": 0
      },
      "deposit_checking": {
        "aborts": 19717,
        "attempts": 73043,
        "committed": 53326,
        "errors": 6
      },
      "transact_savings": {
        "aborts": 21206,
        "attempts": 74803,
        "committed": 53597,
        "errors": 3
      },
      "write_check": {
        "aborts": 50307,
        "attempts": 103238,
        "committed": 52931,
        "errors": 344
      }
    },
    "committed": 263910,
    "committed_tps": 4398.5,
    "error_rate_pct": 1.1487880978511258,
    "errors": 3067,
    "latency": {
      "count": 266977,
      "mean_ms": 14.394072282180609,
      "p50_ms": 2.8085624799132347,
      "p95_ms": 34.081483259797025
    },
    "latency_max_ms": 545.0946670025587,
    "latency_min_ms": 0.1514580799266696,
    "observed_tps": 4449.616666666667
  },
  "post_snapshot": {
    "account_count": 18000,
    "checking_count": 18000,
    "checking_total": 2553802882,
    "savings_count": 18000,
    "savings_total": 1046741077,
    "total_funds": 3600543959
  },
  "pre_snapshot": {
    "account_count": 18000,
    "checking_count": 18000,
    "checking_total": 1800000000,
    "savings_count": 18000,
    "savings_total": 1800000000,
    "total_funds": 3600000000
  },
  "smallbank": {
    "account_count": 18000,
    "amount_max": 10,
    "amount_min": 1,
    "hotspot_probability": 0.9,
    "hotspot_size": 20,
    "initial_checking": 100000,
    "initial_savings": 100000
  },
  "validation": {
    "account_count_ok": true,
    "checking_count_ok": true,
    "ok": true,
    "post_total_funds": 3600543959,
    "pre_total_funds": 3600000000,
    "savings_count_ok": true,
    "total_funds_delta": 543959
  }
}