{
  "metadata": {
    "allocation": {
      "amalgamate": "SI",
      "balance": "SI",
      "deposit_checking": "SI",
      "transact_savings": "SI",
      "write_check": "SI"
    },
    "elapsed_wall_seconds": 90.32954879105091,
    "host": "MacBook-Pro-86.local",
    "hotspot_probability": 0.1,
    "measurement_seconds": 60.0,
    "mpl": 8,
    "policy": "si",
    "python": "3.11.3",
    "raw_path": "results/main/raw/20260516T023508.237306+0000_si_mpl8_bounded_1_p0p1_r5.json",
    "repeat": 5,
    "retry_limit": 1,
    "retry_model": "bounded_1",
    "seed": 3996,
    "timestamp_utc": "2026-05-16T02:35:08.237306+00:00",
    "warmup_seconds": 30.0
  },
  "metrics": {
    "abort_rate_pct": 0.16294365765515478,
    "abort_reasons": {
      "concurrent_update": 739
    },
    "aborts": 739,
    "attempted_tps": 7558.85,
    "attempts": 453531,
    "by_isolation": {
      "SI": {
        "aborts": 739,
        "attempts": 453531,
        "committed": 452792,
        "errors": 14
      }
    },
    "by_transaction": {
      "amalgamate": {
        "aborts": 342,
        "attempts": 90925,
        "committed": 90583,
        "errors": 8
      },
      "balance": {
        "aborts": 0,
        "attempts": 90877,
        "committed": 90877,
        "errors": 0
      },
      "deposit_checking": {
        "aborts": 120,
        "attempts": 90693,
        "committed": 90573,
        "errors": 1
      },
      "transact_savings": {
        "aborts": 95,
        "attempts": 90693,
        "committed": 90598,
        "errors": 2
      },
      "write_check": {
        "aborts": 182,
        "attempts": 90343,
        "committed": 90161,
        "errors": 3
      }
    },
    "committed": 452792,
    "committed_tps": 7546.533333333334,
    "error_rate_pct": 0.003091831822016493,
    "errors": 14,
    "latency": {
      "count": 452806,
      "mean_ms": 1.050246101084225,
      "p50_ms": 0.5638955044560134,
      "p95_ms": 5.3237139829434454
    },
    "latency_max_ms": 71.75870891660452,
    "latency_min_ms": 0.1599999377503991,
    "observed_tps": 7546.766666666666
  },
  "post_snapshot": {
    "account_count": 18000,
    "checking_count": 18000,
    "checking_total": 3597602368,
    "savings_count": 18000,
    "savings_total": 3098770,
    "total_funds": 3600701138
  },
  "pre_snapshot": {
    "account_count": 18000,
    "checking_count": 18000,
    "checking_total": 1800000000,
    "savings_count": 18000,
    "savings_total": 1800000000,
    "total_funds": 3600000000
  },
  "smallbank": {
    "account_count": 18000,
    "amount_max": 10,
    "amount_min": 1,
    "hotspot_probability": 0.1,
    "hotspot_size": 20,
    "initial_checking": 100000,
    "initial_savings": 100000
  },
  "validation": {
    "account_count_ok": true,
    "checking_count_ok": true,
    "ok": true,
    "post_total_funds": 3600701138,
    "pre_total_funds": 3600000000,
    "savings_count_ok": true,
    "total_funds_delta": 701138
  }
}