{
  "metadata": {
    "allocation": {
      "amalgamate": "SI",
      "balance": "SI",
      "deposit_checking": "SI",
      "transact_savings": "SI",
      "write_check": "SI"
    },
    "elapsed_wall_seconds": 90.7139257080853,
    "host": "MacBook-Pro-86.local",
    "hotspot_probability": 0.9,
    "measurement_seconds": 60.0,
    "mpl": 32,
    "policy": "si",
    "python": "3.11.3",
    "raw_path": "results/main/raw/20260516T044411.400977+0000_si_mpl32_bounded_3_p0p9_r5.json",
    "repeat": 5,
    "retry_limit": 3,
    "retry_model": "bounded_3",
    "seed": 3996,
    "timestamp_utc": "2026-05-16T04:44:11.400977+00:00",
    "warmup_seconds": 30.0
  },
  "metrics": {
    "abort_rate_pct": 30.03804542981202,
    "abort_reasons": {
      "concurrent_update": 136352
    },
    "aborts": 136352,
    "attempted_tps": 7565.516666666666,
    "attempts": 453931,
    "by_isolation": {
      "SI": {
        "aborts": 136352,
        "attempts": 453931,
        "committed": 317579,
        "errors": 10509
      }
    },
    "by_transaction": {
      "amalgamate": {
        "aborts": 67515,
        "attempts": 125704,
        "committed": 58189,
        "errors": 7443
      },
      "balance": {
        "aborts": 0,
        "attempts": 65069,
        "committed": 65069,
        "errors": 0
      },
      "deposit_checking": {
        "aborts": 16474,
        "attempts": 81850,
        "committed": 65376,
        "errors": 270
      },
      "transact_savings": {
        "aborts": 15199,
        "attempts": 80885,
        "committed": 65686,
        "errors": 283
      },
      "write_check": {
        "aborts": 37164,
        "attempts": 100423,
        "committed": 63259,
        "errors": 2513
      }
    },
    "committed": 317579,
    "committed_tps": 5292.983333333334,
    "error_rate_pct": 3.203104045256151,
    "errors": 10509,
    "latency": {
      "count": 328088,
      "mean_ms": 5.840227668294915,
      "p50_ms": 1.4946039882488549,
      "p95_ms": 8.713920816080645
    },
    "latency_max_ms": 384.8964161006734,
    "latency_min_ms": 0.15387509483844042,
    "observed_tps": 5468.133333333333
  },
  "post_snapshot": {
    "account_count": 18000,
    "checking_count": 18000,
    "checking_total": 2653647823,
    "savings_count": 18000,
    "savings_total": 947049114,
    "total_funds": 3600696937
  },
  "pre_snapshot": {
    "account_count": 18000,
    "checking_count": 18000,
    "checking_total": 1800000000,
    "savings_count": 18000,
    "savings_total": 1800000000,
    "total_funds": 3600000000
  },
  "smallbank": {
    "account_count": 18000,
    "amount_max": 10,
    "amount_min": 1,
    "hotspot_probability": 0.9,
    "hotspot_size": 20,
    "initial_checking": 100000,
    "initial_savings": 100000
  },
  "validation": {
    "account_count_ok": true,
    "checking_count_ok": true,
    "ok": true,
    "post_total_funds": 3600696937,
    "pre_total_funds": 3600000000,
    "savings_count_ok": true,
    "total_funds_delta": 696937
  }
}