{
  "metadata": {
    "allocation": {
      "amalgamate": "SI",
      "balance": "SI",
      "deposit_checking": "SI",
      "transact_savings": "SI",
      "write_check": "SI"
    },
    "elapsed_wall_seconds": 90.32332583400421,
    "host": "MacBook-Pro-86.local",
    "hotspot_probability": 0.9,
    "measurement_seconds": 60.0,
    "mpl": 8,
    "policy": "si",
    "python": "3.11.3",
    "raw_path": "results/main/raw/20260516T031301.708145+0000_si_mpl8_bounded_3_p0p9_r5.json",
    "repeat": 5,
    "retry_limit": 3,
    "retry_model": "bounded_3",
    "seed": 3996,
    "timestamp_utc": "2026-05-16T03:13:01.708145+00:00",
    "warmup_seconds": 30.0
  },
  "metrics": {
    "abort_rate_pct": 11.756695973198902,
    "abort_reasons": {
      "concurrent_update": 47832
    },
    "aborts": 47832,
    "attempted_tps": 6780.816666666667,
    "attempts": 406849,
    "by_isolation": {
      "SI": {
        "aborts": 47832,
        "attempts": 406849,
        "committed": 359017,
        "errors": 513
      }
    },
    "by_transaction": {
      "amalgamate": {
        "aborts": 22749,
        "attempts": 94109,
        "committed": 71360,
        "errors": 435
      },
      "balance": {
        "aborts": 0,
        "attempts": 71829,
        "committed": 71829,
        "errors": 0
      },
      "deposit_checking": {
        "aborts": 7105,
        "attempts": 79151,
        "committed": 72046,
        "errors": 4
      },
      "transact_savings": {
        "aborts": 5856,
        "attempts": 77563,
        "committed": 71707,
        "errors": 1
      },
      "write_check": {
        "aborts": 12122,
        "attempts": 84197,
        "committed": 72075,
        "errors": 73
      }
    },
    "committed": 359017,
    "committed_tps": 5983.616666666667,
    "error_rate_pct": 0.14268628487191612,
    "errors": 513,
    "latency": {
      "count": 359530,
      "mean_ms": 1.3254637680153956,
      "p50_ms": 0.5389999714680016,
      "p95_ms": 1.5158839581999919
    },
    "latency_max_ms": 115.88479101192206,
    "latency_min_ms": 0.1498329220339656,
    "observed_tps": 5992.166666666667
  },
  "post_snapshot": {
    "account_count": 18000,
    "checking_count": 18000,
    "checking_total": 2796234370,
    "savings_count": 18000,
    "savings_total": 804554808,
    "total_funds": 3600789178
  },
  "pre_snapshot": {
    "account_count": 18000,
    "checking_count": 18000,
    "checking_total": 1800000000,
    "savings_count": 18000,
    "savings_total": 1800000000,
    "total_funds": 3600000000
  },
  "smallbank": {
    "account_count": 18000,
    "amount_max": 10,
    "amount_min": 1,
    "hotspot_probability": 0.9,
    "hotspot_size": 20,
    "initial_checking": 100000,
    "initial_savings": 100000
  },
  "validation": {
    "account_count_ok": true,
    "checking_count_ok": true,
    "ok": true,
    "post_total_funds": 3600789178,
    "pre_total_funds": 3600000000,
    "savings_count_ok": true,
    "total_funds_delta": 789178
  }
}