{
  "metadata": {
    "allocation": {
      "amalgamate": "SSI",
      "balance": "SSI",
      "deposit_checking": "RC",
      "transact_savings": "SSI",
      "write_check": "SSI"
    },
    "elapsed_wall_seconds": 90.61395637493115,
    "host": "MacBook-Pro-86.local",
    "hotspot_probability": 0.9,
    "measurement_seconds": 60.0,
    "mpl": 32,
    "policy": "mixed_robust",
    "python": "3.11.3",
    "raw_path": "results/main/raw/20260516T165527.273237+0000_mixed_robust_mpl32_bounded_1_p0p9_r2.json",
    "repeat": 2,
    "retry_limit": 1,
    "retry_model": "bounded_1",
    "seed": 3993,
    "timestamp_utc": "2026-05-16T16:55:27.273237+00:00",
    "warmup_seconds": 30.0
  },
  "metrics": {
    "abort_rate_pct": 25.416225051105318,
    "abort_reasons": {
      "concurrent_update": 99301,
      "dangerous_structure": 11728
    },
    "aborts": 111029,
    "attempted_tps": 7280.716666666666,
    "attempts": 436843,
    "by_isolation": {
      "RC": {
        "aborts": 0,
        "attempts": 72213,
        "committed": 72213,
        "errors": 0
      },
      "SSI": {
        "aborts": 111029,
        "attempts": 364630,
        "committed": 253601,
        "errors": 35199
      }
    },
    "by_transaction": {
      "amalgamate": {
        "aborts": 56145,
        "attempts": 107545,
        "committed": 51400,
        "errors": 20472
      },
      "balance": {
        "aborts": 1168,
        "attempts": 73087,
        "committed": 71919,
        "errors": 90
      },
      "deposit_checking": {
        "aborts": 0,
        "attempts": 72213,
        "committed": 72213,
        "errors": 0
      },
      "transact_savings": {
        "aborts": 16513,
        "attempts": 85951,
        "committed": 69438,
        "errors": 3093
      },
      "write_check": {
        "aborts": 37203,
        "attempts": 98047,
        "committed": 60844,
        "errors": 11544
      }
    },
    "committed": 325814,
    "committed_tps": 5430.233333333334,
    "error_rate_pct": 9.750064402112944,
    "errors": 35199,
    "latency": {
      "count": 361013,
      "mean_ms": 5.307726501460675,
      "p50_ms": 1.871104002930224,
      "p95_ms": 26.61284407367926
    },
    "latency_max_ms": 875.6163330981508,
    "latency_min_ms": 0.13816694263368845,
    "observed_tps": 6016.883333333333
  },
  "post_snapshot": {
    "account_count": 18000,
    "checking_count": 18000,
    "checking_total": 2483356518,
    "savings_count": 18000,
    "savings_total": 1117243212,
    "total_funds": 3600599730
  },
  "pre_snapshot": {
    "account_count": 18000,
    "checking_count": 18000,
    "checking_total": 1800000000,
    "savings_count": 18000,
    "savings_total": 1800000000,
    "total_funds": 3600000000
  },
  "smallbank": {
    "account_count": 18000,
    "amount_max": 10,
    "amount_min": 1,
    "hotspot_probability": 0.9,
    "hotspot_size": 20,
    "initial_checking": 100000,
    "initial_savings": 100000
  },
  "validation": {
    "account_count_ok": true,
    "checking_count_ok": true,
    "ok": true,
    "post_total_funds": 3600599730,
    "pre_total_funds": 3600000000,
    "savings_count_ok": true,
    "total_funds_delta": 599730
  }
}