{
  "metadata": {
    "allocation": {
      "amalgamate": "SI",
      "balance": "SI",
      "deposit_checking": "SI",
      "transact_savings": "SI",
      "write_check": "SI"
    },
    "elapsed_wall_seconds": 90.6689055840252,
    "host": "MacBook-Pro-86.local",
    "hotspot_probability": 0.1,
    "measurement_seconds": 60.0,
    "mpl": 32,
    "policy": "si",
    "python": "3.11.3",
    "raw_path": "results/main/raw/20260516T040607.997847+0000_si_mpl32_bounded_1_p0p1_r5.json",
    "repeat": 5,
    "retry_limit": 1,
    "retry_model": "bounded_1",
    "seed": 3996,
    "timestamp_utc": "2026-05-16T04:06:07.997847+00:00",
    "warmup_seconds": 30.0
  },
  "metrics": {
    "abort_rate_pct": 0.716605578591342,
    "abort_reasons": {
      "concurrent_update": 4051
    },
    "aborts": 4051,
    "attempted_tps": 9421.733333333334,
    "attempts": 565304,
    "by_isolation": {
      "SI": {
        "aborts": 4051,
        "attempts": 565304,
        "committed": 561253,
        "errors": 338
      }
    },
    "by_transaction": {
      "amalgamate": {
        "aborts": 1820,
        "attempts": 113870,
        "committed": 112050,
        "errors": 178
      },
      "balance": {
        "aborts": 0,
        "attempts": 111899,
        "committed": 111899,
        "errors": 0
      },
      "deposit_checking": {
        "aborts": 642,
        "attempts": 112822,
        "committed": 112180,
        "errors": 32
      },
      "transact_savings": {
        "aborts": 505,
        "attempts": 113420,
        "committed": 112915,
        "errors": 20
      },
      "write_check": {
        "aborts": 1084,
        "attempts": 113293,
        "committed": 112209,
        "errors": 108
      }
    },
    "committed": 561253,
    "committed_tps": 9354.216666666667,
    "error_rate_pct": 0.0601861497068151,
    "errors": 338,
    "latency": {
      "count": 561591,
      "mean_ms": 3.4071281229582517,
      "p50_ms": 1.8350210157223046,
      "p95_ms": 19.695743691409003
    },
    "latency_max_ms": 253.5135829821229,
    "latency_min_ms": 0.16662501730024815,
    "observed_tps": 9359.85
  },
  "post_snapshot": {
    "account_count": 18000,
    "checking_count": 18000,
    "checking_total": 3600141731,
    "savings_count": 18000,
    "savings_total": 700412,
    "total_funds": 3600842143
  },
  "pre_snapshot": {
    "account_count": 18000,
    "checking_count": 18000,
    "checking_total": 1800000000,
    "savings_count": 18000,
    "savings_total": 1800000000,
    "total_funds": 3600000000
  },
  "smallbank": {
    "account_count": 18000,
    "amount_max": 10,
    "amount_min": 1,
    "hotspot_probability": 0.1,
    "hotspot_size": 20,
    "initial_checking": 100000,
    "initial_savings": 100000
  },
  "validation": {
    "account_count_ok": true,
    "checking_count_ok": true,
    "ok": true,
    "post_total_funds": 3600842143,
    "pre_total_funds": 3600000000,
    "savings_count_ok": true,
    "total_funds_delta": 842143
  }
}