{
  "metadata": {
    "allocation": {
      "amalgamate": "SI",
      "balance": "SI",
      "deposit_checking": "SI",
      "transact_savings": "SI",
      "write_check": "SI"
    },
    "elapsed_wall_seconds": 91.07615274994168,
    "host": "MacBook-Pro-86.local",
    "hotspot_probability": 0.1,
    "measurement_seconds": 60.0,
    "mpl": 64,
    "policy": "si",
    "python": "3.11.3",
    "raw_path": "results/main/raw/20260516T061851.565083+0000_si_mpl64_bounded_10_p0p1_r2.json",
    "repeat": 2,
    "retry_limit": 10,
    "retry_model": "bounded_10",
    "seed": 3993,
    "timestamp_utc": "2026-05-16T06:18:51.565083+00:00",
    "warmup_seconds": 30.0
  },
  "metrics": {
    "abort_rate_pct": 1.7064927158626542,
    "abort_reasons": {
      "concurrent_update": 10820
    },
    "aborts": 10820,
    "attempted_tps": 10567.483333333334,
    "attempts": 634049,
    "by_isolation": {
      "SI": {
        "aborts": 10820,
        "attempts": 634049,
        "committed": 623229,
        "errors": 1
      }
    },
    "by_transaction": {
      "amalgamate": {
        "aborts": 4956,
        "attempts": 129517,
        "committed": 124561,
        "errors": 1
      },
      "balance": {
        "aborts": 0,
        "attempts": 125029,
        "committed": 125029,
        "errors": 0
      },
      "deposit_checking": {
        "aborts": 1633,
        "attempts": 126030,
        "committed": 124397,
        "errors": 0
      },
      "transact_savings": {
        "aborts": 1329,
        "attempts": 126296,
        "committed": 124967,
        "errors": 0
      },
      "write_check": {
        "aborts": 2902,
        "attempts": 127177,
        "committed": 124275,
        "errors": 0
      }
    },
    "committed": 623229,
    "committed_tps": 10387.15,
    "error_rate_pct": 0.00016045440688028498,
    "errors": 1,
    "latency": {
      "count": 623230,
      "mean_ms": 6.152050995128976,
      "p50_ms": 3.3493959927000105,
      "p95_ms": 11.971160431858149
    },
    "latency_max_ms": 416.2761669140309,
    "latency_min_ms": 0.17954199574887753,
    "observed_tps": 10387.166666666666
  },
  "post_snapshot": {
    "account_count": 18000,
    "checking_count": 18000,
    "checking_total": 3601051318,
    "savings_count": 18000,
    "savings_total": 98643,
    "total_funds": 3601149961
  },
  "pre_snapshot": {
    "account_count": 18000,
    "checking_count": 18000,
    "checking_total": 1800000000,
    "savings_count": 18000,
    "savings_total": 1800000000,
    "total_funds": 3600000000
  },
  "smallbank": {
    "account_count": 18000,
    "amount_max": 10,
    "amount_min": 1,
    "hotspot_probability": 0.1,
    "hotspot_size": 20,
    "initial_checking": 100000,
    "initial_savings": 100000
  },
  "validation": {
    "account_count_ok": true,
    "checking_count_ok": true,
    "ok": true,
    "post_total_funds": 3601149961,
    "pre_total_funds": 3600000000,
    "savings_count_ok": true,
    "total_funds_delta": 1149961
  }
}