{
  "metadata": {
    "allocation": {
      "amalgamate": "SSI",
      "balance": "SSI",
      "deposit_checking": "SSI",
      "transact_savings": "SSI",
      "write_check": "SSI"
    },
    "elapsed_wall_seconds": 90.63064516603481,
    "host": "MacBook-Pro-86.local",
    "hotspot_probability": 0.9,
    "measurement_seconds": 60.0,
    "mpl": 32,
    "policy": "ssi",
    "python": "3.11.3",
    "raw_path": "results/main/raw/20260516T113752.622137+0000_ssi_mpl32_bounded_10_p0p9_r3.json",
    "repeat": 3,
    "retry_limit": 10,
    "retry_model": "bounded_10",
    "seed": 3994,
    "timestamp_utc": "2026-05-16T11:37:52.622137+00:00",
    "warmup_seconds": 30.0
  },
  "metrics": {
    "abort_rate_pct": 34.73349670699954,
    "abort_reasons": {
      "concurrent_update": 223244,
      "dangerous_structure": 30744
    },
    "aborts": 253988,
    "attempted_tps": 12187.466666666667,
    "attempts": 731248,
    "by_isolation": {
      "SSI": {
        "aborts": 253988,
        "attempts": 731248,
        "committed": 477260,
        "errors": 1265
      }
    },
    "by_transaction": {
      "amalgamate": {
        "aborts": 129742,
        "attempts": 224375,
        "committed": 94633,
        "errors": 1012
      },
      "balance": {
        "aborts": 1317,
        "attempts": 96522,
        "committed": 95205,
        "errors": 5
      },
      "deposit_checking": {
        "aborts": 25149,
        "attempts": 120815,
        "committed": 95666,
        "errors": 8
      },
      "transact_savings": {
        "aborts": 22777,
        "attempts": 119063,
        "committed": 96286,
        "errors": 2
      },
      "write_check": {
        "aborts": 75003,
        "attempts": 170473,
        "committed": 95470,
        "errors": 238
      }
    },
    "committed": 477260,
    "committed_tps": 7954.333333333333,
    "error_rate_pct": 0.2643540044929732,
    "errors": 1265,
    "latency": {
      "count": 478525,
      "mean_ms": 4.000300569130152,
      "p50_ms": 1.9997290219180286,
      "p95_ms": 18.616251827916123
    },
    "latency_max_ms": 271.1993330158293,
    "latency_min_ms": 0.14070805627852678,
    "observed_tps": 7975.416666666667
  },
  "post_snapshot": {
    "account_count": 18000,
    "checking_count": 18000,
    "checking_total": 2713055549,
    "savings_count": 18000,
    "savings_total": 887650016,
    "total_funds": 3600705565
  },
  "pre_snapshot": {
    "account_count": 18000,
    "checking_count": 18000,
    "checking_total": 1800000000,
    "savings_count": 18000,
    "savings_total": 1800000000,
    "total_funds": 3600000000
  },
  "smallbank": {
    "account_count": 18000,
    "amount_max": 10,
    "amount_min": 1,
    "hotspot_probability": 0.9,
    "hotspot_size": 20,
    "initial_checking": 100000,
    "initial_savings": 100000
  },
  "validation": {
    "account_count_ok": true,
    "checking_count_ok": true,
    "ok": true,
    "post_total_funds": 3600705565,
    "pre_total_funds": 3600000000,
    "savings_count_ok": true,
    "total_funds_delta": 705565
  }
}