{
  "metadata": {
    "allocation": {
      "amalgamate": "SSI",
      "balance": "SSI",
      "deposit_checking": "RC",
      "transact_savings": "SSI",
      "write_check": "SSI"
    },
    "elapsed_wall_seconds": 90.32724883395713,
    "host": "MacBook-Pro-86.local",
    "hotspot_probability": 0.5,
    "measurement_seconds": 60.0,
    "mpl": 8,
    "policy": "mixed_robust",
    "python": "3.11.3",
    "raw_path": "results/main/raw/20260516T153803.594004+0000_mixed_robust_mpl8_bounded_3_p0p5_r1.json",
    "repeat": 1,
    "retry_limit": 3,
    "retry_model": "bounded_3",
    "seed": 3992,
    "timestamp_utc": "2026-05-16T15:38:03.594004+00:00",
    "warmup_seconds": 30.0
  },
  "metrics": {
    "abort_rate_pct": 3.3107155920640365,
    "abort_reasons": {
      "concurrent_update": 11351,
      "dangerous_structure": 325
    },
    "aborts": 11676,
    "attempted_tps": 5877.883333333333,
    "attempts": 352673,
    "by_isolation": {
      "RC": {
        "aborts": 0,
        "attempts": 68213,
        "committed": 68213,
        "errors": 0
      },
      "SSI": {
        "aborts": 11676,
        "attempts": 284460,
        "committed": 272784,
        "errors": 26
      }
    },
    "by_transaction": {
      "amalgamate": {
        "aborts": 6298,
        "attempts": 74389,
        "committed": 68091,
        "errors": 22
      },
      "balance": {
        "aborts": 44,
        "attempts": 68559,
        "committed": 68515,
        "errors": 0
      },
      "deposit_checking": {
        "aborts": 0,
        "attempts": 68213,
        "committed": 68213,
        "errors": 0
      },
      "transact_savings": {
        "aborts": 1817,
        "attempts": 70228,
        "committed": 68411,
        "errors": 0
      },
      "write_check": {
        "aborts": 3517,
        "attempts": 71284,
        "committed": 67767,
        "errors": 4
      }
    },
    "committed": 340997,
    "committed_tps": 5683.283333333334,
    "error_rate_pct": 0.007624119194306543,
    "errors": 26,
    "latency": {
      "count": 341023,
      "mean_ms": 1.3984450241821769,
      "p50_ms": 0.5901255062781274,
      "p95_ms": 5.7807583012618124
    },
    "latency_max_ms": 91.91879106219858,
    "latency_min_ms": 0.17145799938589334,
    "observed_tps": 5683.716666666666
  },
  "post_snapshot": {
    "account_count": 18000,
    "checking_count": 18000,
    "checking_total": 3499079513,
    "savings_count": 18000,
    "savings_total": 101491122,
    "total_funds": 3600570635
  },
  "pre_snapshot": {
    "account_count": 18000,
    "checking_count": 18000,
    "checking_total": 1800000000,
    "savings_count": 18000,
    "savings_total": 1800000000,
    "total_funds": 3600000000
  },
  "smallbank": {
    "account_count": 18000,
    "amount_max": 10,
    "amount_min": 1,
    "hotspot_probability": 0.5,
    "hotspot_size": 20,
    "initial_checking": 100000,
    "initial_savings": 100000
  },
  "validation": {
    "account_count_ok": true,
    "checking_count_ok": true,
    "ok": true,
    "post_total_funds": 3600570635,
    "pre_total_funds": 3600000000,
    "savings_count_ok": true,
    "total_funds_delta": 570635
  }
}