{
  "metadata": {
    "allocation": {
      "amalgamate": "SI",
      "balance": "SI",
      "deposit_checking": "SI",
      "transact_savings": "SI",
      "write_check": "SI"
    },
    "elapsed_wall_seconds": 91.3236840829486,
    "host": "MacBook-Pro-86.local",
    "hotspot_probability": 0.5,
    "measurement_seconds": 60.0,
    "mpl": 64,
    "policy": "si",
    "python": "3.11.3",
    "raw_path": "results/main/raw/20260516T054511.168700+0000_si_mpl64_bounded_1_p0p5_r5.json",
    "repeat": 5,
    "retry_limit": 1,
    "retry_model": "bounded_1",
    "seed": 3996,
    "timestamp_utc": "2026-05-16T05:45:11.168700+00:00",
    "warmup_seconds": 30.0
  },
  "metrics": {
    "abort_rate_pct": 19.686285724319756,
    "abort_reasons": {
      "concurrent_update": 78478
    },
    "aborts": 78478,
    "attempted_tps": 6644.05,
    "attempts": 398643,
    "by_isolation": {
      "SI": {
        "aborts": 78478,
        "attempts": 398643,
        "committed": 320165,
        "errors": 24561
      }
    },
    "by_transaction": {
      "amalgamate": {
        "aborts": 34248,
        "attempts": 91091,
        "committed": 56843,
        "errors": 12256
      },
      "balance": {
        "aborts": 0,
        "attempts": 68889,
        "committed": 68889,
        "errors": 0
      },
      "deposit_checking": {
        "aborts": 12073,
        "attempts": 78505,
        "committed": 66432,
        "errors": 2744
      },
      "transact_savings": {
        "aborts": 11459,
        "attempts": 77763,
        "committed": 66304,
        "errors": 2581
      },
      "write_check": {
        "aborts": 20698,
        "attempts": 82395,
        "committed": 61697,
        "errors": 6980
      }
    },
    "committed": 320165,
    "committed_tps": 5336.083333333333,
    "error_rate_pct": 7.1247889628284495,
    "errors": 24561,
    "latency": {
      "count": 344726,
      "mean_ms": 11.135489525830698,
      "p50_ms": 3.0769375152885914,
      "p95_ms": 58.91272257431394
    },
    "latency_max_ms": 378.09150002431124,
    "latency_min_ms": 0.14408398419618607,
    "observed_tps": 5745.433333333333
  },
  "post_snapshot": {
    "account_count": 18000,
    "checking_count": 18000,
    "checking_total": 3458282942,
    "savings_count": 18000,
    "savings_total": 142302790,
    "total_funds": 3600585732
  },
  "pre_snapshot": {
    "account_count": 18000,
    "checking_count": 18000,
    "checking_total": 1800000000,
    "savings_count": 18000,
    "savings_total": 1800000000,
    "total_funds": 3600000000
  },
  "smallbank": {
    "account_count": 18000,
    "amount_max": 10,
    "amount_min": 1,
    "hotspot_probability": 0.5,
    "hotspot_size": 20,
    "initial_checking": 100000,
    "initial_savings": 100000
  },
  "validation": {
    "account_count_ok": true,
    "checking_count_ok": true,
    "ok": true,
    "post_total_funds": 3600585732,
    "pre_total_funds": 3600000000,
    "savings_count_ok": true,
    "total_funds_delta": 585732
  }
}