{
  "metadata": {
    "allocation": {
      "amalgamate": "SSI",
      "balance": "SSI",
      "deposit_checking": "SSI",
      "transact_savings": "SSI",
      "write_check": "SSI"
    },
    "elapsed_wall_seconds": 90.7883797090035,
    "host": "MacBook-Pro-86.local",
    "hotspot_probability": 0.1,
    "measurement_seconds": 60.0,
    "mpl": 32,
    "policy": "ssi",
    "python": "3.11.3",
    "raw_path": "results/main/raw/20260516T103700.388444+0000_ssi_mpl32_bounded_1_p0p1_r3.json",
    "repeat": 3,
    "retry_limit": 1,
    "retry_model": "bounded_1",
    "seed": 3994,
    "timestamp_utc": "2026-05-16T10:37:00.388444+00:00",
    "warmup_seconds": 30.0
  },
  "metrics": {
    "abort_rate_pct": 0.6028280056346423,
    "abort_reasons": {
      "concurrent_update": 2081,
      "dangerous_structure": 63
    },
    "aborts": 2144,
    "attempted_tps": 5927.616666666667,
    "attempts": 355657,
    "by_isolation": {
      "SSI": {
        "aborts": 2144,
        "attempts": 355657,
        "committed": 353513,
        "errors": 204
      }
    },
    "by_transaction": {
      "amalgamate": {
        "aborts": 912,
        "attempts": 71532,
        "committed": 70620,
        "errors": 98
      },
      "balance": {
        "aborts": 6,
        "attempts": 70876,
        "committed": 70870,
        "errors": 1
      },
      "deposit_checking": {
        "aborts": 355,
        "attempts": 70830,
        "committed": 70475,
        "errors": 22
      },
      "transact_savings": {
        "aborts": 270,
        "attempts": 71224,
        "committed": 70954,
        "errors": 18
      },
      "write_check": {
        "aborts": 601,
        "attempts": 71195,
        "committed": 70594,
        "errors": 65
      }
    },
    "committed": 353513,
    "committed_tps": 5891.883333333333,
    "error_rate_pct": 0.057673224640037095,
    "errors": 204,
    "latency": {
      "count": 353717,
      "mean_ms": 5.414187131892189,
      "p50_ms": 1.4433960313908756,
      "p95_ms": 25.67881662980653
    },
    "latency_max_ms": 352.506082970649,
    "latency_min_ms": 0.19416597206145525,
    "observed_tps": 5895.283333333334
  },
  "post_snapshot": {
    "account_count": 18000,
    "checking_count": 18000,
    "checking_total": 3591583173,
    "savings_count": 18000,
    "savings_total": 8999785,
    "total_funds": 3600582958
  },
  "pre_snapshot": {
    "account_count": 18000,
    "checking_count": 18000,
    "checking_total": 1800000000,
    "savings_count": 18000,
    "savings_total": 1800000000,
    "total_funds": 3600000000
  },
  "smallbank": {
    "account_count": 18000,
    "amount_max": 10,
    "amount_min": 1,
    "hotspot_probability": 0.1,
    "hotspot_size": 20,
    "initial_checking": 100000,
    "initial_savings": 100000
  },
  "validation": {
    "account_count_ok": true,
    "checking_count_ok": true,
    "ok": true,
    "post_total_funds": 3600582958,
    "pre_total_funds": 3600000000,
    "savings_count_ok": true,
    "total_funds_delta": 582958
  }
}