{
  "metadata": {
    "allocation": {
      "amalgamate": "SSI",
      "balance": "SSI",
      "deposit_checking": "RC",
      "transact_savings": "SSI",
      "write_check": "SSI"
    },
    "elapsed_wall_seconds": 90.6214512080187,
    "host": "MacBook-Pro-86.local",
    "hotspot_probability": 0.9,
    "measurement_seconds": 60.0,
    "mpl": 32,
    "policy": "mixed_robust",
    "python": "3.11.3",
    "raw_path": "results/main/raw/20260516T165658.457104+0000_mixed_robust_mpl32_bounded_1_p0p9_r3.json",
    "repeat": 3,
    "retry_limit": 1,
    "retry_model": "bounded_1",
    "seed": 3994,
    "timestamp_utc": "2026-05-16T16:56:58.457104+00:00",
    "warmup_seconds": 30.0
  },
  "metrics": {
    "abort_rate_pct": 25.144898106361094,
    "abort_reasons": {
      "concurrent_update": 178225,
      "dangerous_structure": 20516
    },
    "aborts": 198741,
    "attempted_tps": 13173.05,
    "attempts": 790383,
    "by_isolation": {
      "RC": {
        "aborts": 0,
        "attempts": 130630,
        "committed": 130630,
        "errors": 0
      },
      "SSI": {
        "aborts": 198741,
        "attempts": 659753,
        "committed": 461012,
        "errors": 61983
      }
    },
    "by_transaction": {
      "amalgamate": {
        "aborts": 100864,
        "attempts": 195331,
        "committed": 94467,
        "errors": 36305
      },
      "balance": {
        "aborts": 2115,
        "attempts": 132270,
        "committed": 130155,
        "errors": 108
      },
      "deposit_checking": {
        "aborts": 0,
        "attempts": 130630,
        "committed": 130630,
        "errors": 0
      },
      "transact_savings": {
        "aborts": 29772,
        "attempts": 155646,
        "committed": 125874,
        "errors": 5481
      },
      "write_check": {
        "aborts": 65990,
        "attempts": 176506,
        "committed": 110516,
        "errors": 20089
      }
    },
    "committed": 591642,
    "committed_tps": 9860.7,
    "error_rate_pct": 9.482960413080894,
    "errors": 61983,
    "latency": {
      "count": 653625,
      "mean_ms": 2.925474234832799,
      "p50_ms": 1.4153119991533458,
      "p95_ms": 6.999949394958094
    },
    "latency_max_ms": 260.0476669613272,
    "latency_min_ms": 0.14525000005960464,
    "observed_tps": 10893.75
  },
  "post_snapshot": {
    "account_count": 18000,
    "checking_count": 18000,
    "checking_total": 2863770093,
    "savings_count": 18000,
    "savings_total": 737368395,
    "total_funds": 3601138488
  },
  "pre_snapshot": {
    "account_count": 18000,
    "checking_count": 18000,
    "checking_total": 1800000000,
    "savings_count": 18000,
    "savings_total": 1800000000,
    "total_funds": 3600000000
  },
  "smallbank": {
    "account_count": 18000,
    "amount_max": 10,
    "amount_min": 1,
    "hotspot_probability": 0.9,
    "hotspot_size": 20,
    "initial_checking": 100000,
    "initial_savings": 100000
  },
  "validation": {
    "account_count_ok": true,
    "checking_count_ok": true,
    "ok": true,
    "post_total_funds": 3601138488,
    "pre_total_funds": 3600000000,
    "savings_count_ok": true,
    "total_funds_delta": 1138488
  }
}