{
  "metadata": {
    "allocation": {
      "amalgamate": "SSI",
      "balance": "SSI",
      "deposit_checking": "SSI",
      "transact_savings": "SSI",
      "write_check": "SSI"
    },
    "elapsed_wall_seconds": 90.33353970805183,
    "host": "MacBook-Pro-86.local",
    "hotspot_probability": 0.9,
    "measurement_seconds": 60.0,
    "mpl": 8,
    "policy": "ssi",
    "python": "3.11.3",
    "raw_path": "results/main/raw/20260516T085513.947960+0000_ssi_mpl8_bounded_1_p0p9_r5.json",
    "repeat": 5,
    "retry_limit": 1,
    "retry_model": "bounded_1",
    "seed": 3996,
    "timestamp_utc": "2026-05-16T08:55:13.947960+00:00",
    "warmup_seconds": 30.0
  },
  "metrics": {
    "abort_rate_pct": 11.428690842725588,
    "abort_reasons": {
      "concurrent_update": 39047,
      "dangerous_structure": 1970
    },
    "aborts": 41017,
    "attempted_tps": 5981.583333333333,
    "attempts": 358895,
    "by_isolation": {
      "SSI": {
        "aborts": 41017,
        "attempts": 358895,
        "committed": 317878,
        "errors": 6368
      }
    },
    "by_transaction": {
      "amalgamate": {
        "aborts": 18804,
        "attempts": 79757,
        "committed": 60953,
        "errors": 3944
      },
      "balance": {
        "aborts": 189,
        "attempts": 64817,
        "committed": 64628,
        "errors": 3
      },
      "deposit_checking": {
        "aborts": 6148,
        "attempts": 70762,
        "committed": 64614,
        "errors": 396
      },
      "transact_savings": {
        "aborts": 5167,
        "attempts": 70044,
        "committed": 64877,
        "errors": 363
      },
      "write_check": {
        "aborts": 10709,
        "attempts": 73515,
        "committed": 62806,
        "errors": 1662
      }
    },
    "committed": 317878,
    "committed_tps": 5297.966666666666,
    "error_rate_pct": 1.9639409584081222,
    "errors": 6368,
    "latency": {
      "count": 324246,
      "mean_ms": 1.4717553615266918,
      "p50_ms": 0.6162500358186662,
      "p95_ms": 5.808719381457174
    },
    "latency_max_ms": 110.08479096926749,
    "latency_min_ms": 0.134333036839962,
    "observed_tps": 5404.1
  },
  "post_snapshot": {
    "account_count": 18000,
    "checking_count": 18000,
    "checking_total": 2553407816,
    "savings_count": 18000,
    "savings_total": 1047141589,
    "total_funds": 3600549405
  },
  "pre_snapshot": {
    "account_count": 18000,
    "checking_count": 18000,
    "checking_total": 1800000000,
    "savings_count": 18000,
    "savings_total": 1800000000,
    "total_funds": 3600000000
  },
  "smallbank": {
    "account_count": 18000,
    "amount_max": 10,
    "amount_min": 1,
    "hotspot_probability": 0.9,
    "hotspot_size": 20,
    "initial_checking": 100000,
    "initial_savings": 100000
  },
  "validation": {
    "account_count_ok": true,
    "checking_count_ok": true,
    "ok": true,
    "post_total_funds": 3600549405,
    "pre_total_funds": 3600000000,
    "savings_count_ok": true,
    "total_funds_delta": 549405
  }
}