{
  "metadata": {
    "allocation": {
      "amalgamate": "SI",
      "balance": "SI",
      "deposit_checking": "SI",
      "transact_savings": "SI",
      "write_check": "SI"
    },
    "elapsed_wall_seconds": 91.14247850002721,
    "host": "MacBook-Pro-86.local",
    "hotspot_probability": 0.1,
    "measurement_seconds": 60.0,
    "mpl": 64,
    "policy": "si",
    "python": "3.11.3",
    "raw_path": "results/main/raw/20260516T060029.887060+0000_si_mpl64_bounded_3_p0p1_r5.json",
    "repeat": 5,
    "retry_limit": 3,
    "retry_model": "bounded_3",
    "seed": 3996,
    "timestamp_utc": "2026-05-16T06:00:29.887060+00:00",
    "warmup_seconds": 30.0
  },
  "metrics": {
    "abort_rate_pct": 1.6625432197538161,
    "abort_reasons": {
      "concurrent_update": 6525
    },
    "aborts": 6525,
    "attempted_tps": 6541.183333333333,
    "attempts": 392471,
    "by_isolation": {
      "SI": {
        "aborts": 6525,
        "attempts": 392471,
        "committed": 385946,
        "errors": 76
      }
    },
    "by_transaction": {
      "amalgamate": {
        "aborts": 2979,
        "attempts": 79895,
        "committed": 76916,
        "errors": 47
      },
      "balance": {
        "aborts": 0,
        "attempts": 77407,
        "committed": 77407,
        "errors": 0
      },
      "deposit_checking": {
        "aborts": 986,
        "attempts": 78524,
        "committed": 77538,
        "errors": 1
      },
      "transact_savings": {
        "aborts": 878,
        "attempts": 78147,
        "committed": 77269,
        "errors": 6
      },
      "write_check": {
        "aborts": 1682,
        "attempts": 78498,
        "committed": 76816,
        "errors": 22
      }
    },
    "committed": 385946,
    "committed_tps": 6432.433333333333,
    "error_rate_pct": 0.019687997057162544,
    "errors": 76,
    "latency": {
      "count": 386022,
      "mean_ms": 9.948338735418954,
      "p50_ms": 3.058416536077857,
      "p95_ms": 52.18460003379732
    },
    "latency_max_ms": 510.4515830753371,
    "latency_min_ms": 0.17454195767641068,
    "observed_tps": 6433.7
  },
  "post_snapshot": {
    "account_count": 18000,
    "checking_count": 18000,
    "checking_total": 3595252560,
    "savings_count": 18000,
    "savings_total": 5400355,
    "total_funds": 3600652915
  },
  "pre_snapshot": {
    "account_count": 18000,
    "checking_count": 18000,
    "checking_total": 1800000000,
    "savings_count": 18000,
    "savings_total": 1800000000,
    "total_funds": 3600000000
  },
  "smallbank": {
    "account_count": 18000,
    "amount_max": 10,
    "amount_min": 1,
    "hotspot_probability": 0.1,
    "hotspot_size": 20,
    "initial_checking": 100000,
    "initial_savings": 100000
  },
  "validation": {
    "account_count_ok": true,
    "checking_count_ok": true,
    "ok": true,
    "post_total_funds": 3600652915,
    "pre_total_funds": 3600000000,
    "savings_count_ok": true,
    "total_funds_delta": 652915
  }
}