{
  "metadata": {
    "allocation": {
      "amalgamate": "SSI",
      "balance": "SSI",
      "deposit_checking": "SSI",
      "transact_savings": "SSI",
      "write_check": "SSI"
    },
    "elapsed_wall_seconds": 91.0279695839854,
    "host": "MacBook-Pro-86.local",
    "hotspot_probability": 0.5,
    "measurement_seconds": 60.0,
    "mpl": 64,
    "policy": "ssi",
    "python": "3.11.3",
    "raw_path": "results/main/raw/20260516T130151.176004+0000_ssi_mpl64_bounded_10_p0p5_r3.json",
    "repeat": 3,
    "retry_limit": 10,
    "retry_model": "bounded_10",
    "seed": 3994,
    "timestamp_utc": "2026-05-16T13:01:51.176004+00:00",
    "warmup_seconds": 30.0
  },
  "metrics": {
    "abort_rate_pct": 18.017589335070806,
    "abort_reasons": {
      "concurrent_update": 126377,
      "dangerous_structure": 14102
    },
    "aborts": 140479,
    "attempted_tps": 12994.616666666667,
    "attempts": 779677,
    "by_isolation": {
      "SSI": {
        "aborts": 140479,
        "attempts": 779677,
        "committed": 639198,
        "errors": 285
      }
    },
    "by_transaction": {
      "amalgamate": {
        "aborts": 65246,
        "attempts": 192728,
        "committed": 127482,
        "errors": 161
      },
      "balance": {
        "aborts": 1046,
        "attempts": 128967,
        "committed": 127921,
        "errors": 12
      },
      "deposit_checking": {
        "aborts": 17779,
        "attempts": 145891,
        "committed": 128112,
        "errors": 34
      },
      "transact_savings": {
        "aborts": 15425,
        "attempts": 143680,
        "committed": 128255,
        "errors": 11
      },
      "write_check": {
        "aborts": 40983,
        "attempts": 168411,
        "committed": 127428,
        "errors": 67
      }
    },
    "committed": 639198,
    "committed_tps": 10653.3,
    "error_rate_pct": 0.04456725198324271,
    "errors": 285,
    "latency": {
      "count": 639483,
      "mean_ms": 5.994172195115449,
      "p50_ms": 2.442291530314833,
      "p95_ms": 23.0245146784
    },
    "latency_max_ms": 261.5073750494048,
    "latency_min_ms": 0.1687499461695552,
    "observed_tps": 10658.05
  },
  "post_snapshot": {
    "account_count": 18000,
    "checking_count": 18000,
    "checking_total": 3586573182,
    "savings_count": 18000,
    "savings_total": 14398977,
    "total_funds": 3600972159
  },
  "pre_snapshot": {
    "account_count": 18000,
    "checking_count": 18000,
    "checking_total": 1800000000,
    "savings_count": 18000,
    "savings_total": 1800000000,
    "total_funds": 3600000000
  },
  "smallbank": {
    "account_count": 18000,
    "amount_max": 10,
    "amount_min": 1,
    "hotspot_probability": 0.5,
    "hotspot_size": 20,
    "initial_checking": 100000,
    "initial_savings": 100000
  },
  "validation": {
    "account_count_ok": true,
    "checking_count_ok": true,
    "ok": true,
    "post_total_funds": 3600972159,
    "pre_total_funds": 3600000000,
    "savings_count_ok": true,
    "total_funds_delta": 972159
  }
}