{
  "metadata": {
    "allocation": {
      "amalgamate": "SI",
      "balance": "SI",
      "deposit_checking": "SI",
      "transact_savings": "SI",
      "write_check": "SI"
    },
    "elapsed_wall_seconds": 90.3617182909511,
    "host": "MacBook-Pro-86.local",
    "hotspot_probability": 0.9,
    "measurement_seconds": 60.0,
    "mpl": 8,
    "policy": "si",
    "python": "3.11.3",
    "raw_path": "results/main/raw/20260516T033244.464966+0000_si_mpl8_bounded_10_p0p9_r3.json",
    "repeat": 3,
    "retry_limit": 10,
    "retry_model": "bounded_10",
    "seed": 3994,
    "timestamp_utc": "2026-05-16T03:32:44.464966+00:00",
    "warmup_seconds": 30.0
  },
  "metrics": {
    "abort_rate_pct": 11.858696973815025,
    "abort_reasons": {
      "concurrent_update": 66320
    },
    "aborts": 66320,
    "attempted_tps": 9320.866666666667,
    "attempts": 559252,
    "by_isolation": {
      "SI": {
        "aborts": 66320,
        "attempts": 559252,
        "committed": 492932,
        "errors": 0
      }
    },
    "by_transaction": {
      "amalgamate": {
        "aborts": 31995,
        "attempts": 130330,
        "committed": 98335,
        "errors": 0
      },
      "balance": {
        "aborts": 0,
        "attempts": 98318,
        "committed": 98318,
        "errors": 0
      },
      "deposit_checking": {
        "aborts": 9339,
        "attempts": 107931,
        "committed": 98592,
        "errors": 0
      },
      "transact_savings": {
        "aborts": 8032,
        "attempts": 106948,
        "committed": 98916,
        "errors": 0
      },
      "write_check": {
        "aborts": 16954,
        "attempts": 115725,
        "committed": 98771,
        "errors": 0
      }
    },
    "committed": 492932,
    "committed_tps": 8215.533333333333,
    "error_rate_pct": 0.0,
    "errors": 0,
    "latency": {
      "count": 492932,
      "mean_ms": 0.9641214760128061,
      "p50_ms": 0.5396039923653007,
      "p95_ms": 2.059530629776417
    },
    "latency_max_ms": 70.83362503908575,
    "latency_min_ms": 0.13512501027435064,
    "observed_tps": 8215.533333333333
  },
  "post_snapshot": {
    "account_count": 18000,
    "checking_count": 18000,
    "checking_total": 2827878893,
    "savings_count": 18000,
    "savings_total": 772956925,
    "total_funds": 3600835818
  },
  "pre_snapshot": {
    "account_count": 18000,
    "checking_count": 18000,
    "checking_total": 1800000000,
    "savings_count": 18000,
    "savings_total": 1800000000,
    "total_funds": 3600000000
  },
  "smallbank": {
    "account_count": 18000,
    "amount_max": 10,
    "amount_min": 1,
    "hotspot_probability": 0.9,
    "hotspot_size": 20,
    "initial_checking": 100000,
    "initial_savings": 100000
  },
  "validation": {
    "account_count_ok": true,
    "checking_count_ok": true,
    "ok": true,
    "post_total_funds": 3600835818,
    "pre_total_funds": 3600000000,
    "savings_count_ok": true,
    "total_funds_delta": 835818
  }
}