{
  "metadata": {
    "allocation": {
      "amalgamate": "SSI",
      "balance": "SSI",
      "deposit_checking": "SSI",
      "transact_savings": "SSI",
      "write_check": "SSI"
    },
    "elapsed_wall_seconds": 90.6543172079837,
    "host": "MacBook-Pro-86.local",
    "hotspot_probability": 0.5,
    "measurement_seconds": 60.0,
    "mpl": 32,
    "policy": "ssi",
    "python": "3.11.3",
    "raw_path": "results/main/raw/20260516T104134.423465+0000_ssi_mpl32_bounded_1_p0p5_r1.json",
    "repeat": 1,
    "retry_limit": 1,
    "retry_model": "bounded_1",
    "seed": 3992,
    "timestamp_utc": "2026-05-16T10:41:34.423465+00:00",
    "warmup_seconds": 30.0
  },
  "metrics": {
    "abort_rate_pct": 11.65569976526983,
    "abort_reasons": {
      "concurrent_update": 39017,
      "dangerous_structure": 3389
    },
    "aborts": 42406,
    "attempted_tps": 6063.7,
    "attempts": 363822,
    "by_isolation": {
      "SSI": {
        "aborts": 42406,
        "attempts": 363822,
        "committed": 321416,
        "errors": 10122
      }
    },
    "by_transaction": {
      "amalgamate": {
        "aborts": 18897,
        "attempts": 79683,
        "committed": 60786,
        "errors": 5325
      },
      "balance": {
        "aborts": 287,
        "attempts": 66833,
        "committed": 66546,
        "errors": 38
      },
      "deposit_checking": {
        "aborts": 6048,
        "attempts": 71349,
        "committed": 65301,
        "errors": 844
      },
      "transact_savings": {
        "aborts": 5538,
        "attempts": 71115,
        "committed": 65577,
        "errors": 824
      },
      "write_check": {
        "aborts": 11636,
        "attempts": 74842,
        "committed": 63206,
        "errors": 3091
      }
    },
    "committed": 321416,
    "committed_tps": 5356.933333333333,
    "error_rate_pct": 3.0530436933322878,
    "errors": 10122,
    "latency": {
      "count": 331538,
      "mean_ms": 5.779421572633547,
      "p50_ms": 1.8035625107586384,
      "p95_ms": 24.8318291734904
    },
    "latency_max_ms": 358.36041695438325,
    "latency_min_ms": 0.198333989828825,
    "observed_tps": 5525.633333333333
  },
  "post_snapshot": {
    "account_count": 18000,
    "checking_count": 18000,
    "checking_total": 3473465028,
    "savings_count": 18000,
    "savings_total": 127097438,
    "total_funds": 3600562466
  },
  "pre_snapshot": {
    "account_count": 18000,
    "checking_count": 18000,
    "checking_total": 1800000000,
    "savings_count": 18000,
    "savings_total": 1800000000,
    "total_funds": 3600000000
  },
  "smallbank": {
    "account_count": 18000,
    "amount_max": 10,
    "amount_min": 1,
    "hotspot_probability": 0.5,
    "hotspot_size": 20,
    "initial_checking": 100000,
    "initial_savings": 100000
  },
  "validation": {
    "account_count_ok": true,
    "checking_count_ok": true,
    "ok": true,
    "post_total_funds": 3600562466,
    "pre_total_funds": 3600000000,
    "savings_count_ok": true,
    "total_funds_delta": 562466
  }
}