{
  "metadata": {
    "allocation": {
      "amalgamate": "SSI",
      "balance": "SSI",
      "deposit_checking": "RC",
      "transact_savings": "SSI",
      "write_check": "SSI"
    },
    "elapsed_wall_seconds": 90.67566591594368,
    "host": "MacBook-Pro-86.local",
    "hotspot_probability": 0.5,
    "measurement_seconds": 60.0,
    "mpl": 32,
    "policy": "mixed_robust",
    "python": "3.11.3",
    "raw_path": "results/main/raw/20260516T173459.652826+0000_mixed_robust_mpl32_bounded_10_p0p5_r3.json",
    "repeat": 3,
    "retry_limit": 10,
    "retry_model": "bounded_10",
    "seed": 3994,
    "timestamp_utc": "2026-05-16T17:34:59.652826+00:00",
    "warmup_seconds": 30.0
  },
  "metrics": {
    "abort_rate_pct": 13.797388536527283,
    "abort_reasons": {
      "concurrent_update": 75366,
      "dangerous_structure": 6907
    },
    "aborts": 82273,
    "attempted_tps": 9938.233333333334,
    "attempts": 596294,
    "by_isolation": {
      "RC": {
        "aborts": 0,
        "attempts": 102653,
        "committed": 102653,
        "errors": 0
      },
      "SSI": {
        "aborts": 82273,
        "attempts": 493641,
        "committed": 411368,
        "errors": 137
      }
    },
    "by_transaction": {
      "amalgamate": {
        "aborts": 44063,
        "attempts": 146597,
        "committed": 102534,
        "errors": 85
      },
      "balance": {
        "aborts": 778,
        "attempts": 103327,
        "committed": 102549,
        "errors": 9
      },
      "deposit_checking": {
        "aborts": 0,
        "attempts": 102653,
        "committed": 102653,
        "errors": 0
      },
      "transact_savings": {
        "aborts": 10421,
        "attempts": 113598,
        "committed": 103177,
        "errors": 1
      },
      "write_check": {
        "aborts": 27011,
        "attempts": 130119,
        "committed": 103108,
        "errors": 42
      }
    },
    "committed": 514021,
    "committed_tps": 8567.016666666666,
    "error_rate_pct": 0.026645505856176505,
    "errors": 137,
    "latency": {
      "count": 514158,
      "mean_ms": 3.723907495355936,
      "p50_ms": 1.8972709658555686,
      "p95_ms": 6.223148276330902
    },
    "latency_max_ms": 397.6669160183519,
    "latency_min_ms": 0.18350000027567148,
    "observed_tps": 8569.3
  },
  "post_snapshot": {
    "account_count": 18000,
    "checking_count": 18000,
    "checking_total": 3589453430,
    "savings_count": 18000,
    "savings_total": 11498072,
    "total_funds": 3600951502
  },
  "pre_snapshot": {
    "account_count": 18000,
    "checking_count": 18000,
    "checking_total": 1800000000,
    "savings_count": 18000,
    "savings_total": 1800000000,
    "total_funds": 3600000000
  },
  "smallbank": {
    "account_count": 18000,
    "amount_max": 10,
    "amount_min": 1,
    "hotspot_probability": 0.5,
    "hotspot_size": 20,
    "initial_checking": 100000,
    "initial_savings": 100000
  },
  "validation": {
    "account_count_ok": true,
    "checking_count_ok": true,
    "ok": true,
    "post_total_funds": 3600951502,
    "pre_total_funds": 3600000000,
    "savings_count_ok": true,
    "total_funds_delta": 951502
  }
}