{
  "metadata": {
    "allocation": {
      "amalgamate": "SSI",
      "balance": "SSI",
      "deposit_checking": "RC",
      "transact_savings": "SSI",
      "write_check": "SSI"
    },
    "elapsed_wall_seconds": 91.05714950000402,
    "host": "MacBook-Pro-86.local",
    "hotspot_probability": 0.5,
    "measurement_seconds": 60.0,
    "mpl": 64,
    "policy": "mixed_robust",
    "python": "3.11.3",
    "raw_path": "results/main/raw/20260516T190502.411339+0000_mixed_robust_mpl64_bounded_10_p0p5_r2.json",
    "repeat": 2,
    "retry_limit": 10,
    "retry_model": "bounded_10",
    "seed": 3993,
    "timestamp_utc": "2026-05-16T19:05:02.411339+00:00",
    "warmup_seconds": 30.0
  },
  "metrics": {
    "abort_rate_pct": 16.0775330107797,
    "abort_reasons": {
      "concurrent_update": 52238,
      "dangerous_structure": 6645
    },
    "aborts": 58883,
    "attempted_tps": 6104.066666666667,
    "attempts": 366244,
    "by_isolation": {
      "RC": {
        "aborts": 0,
        "attempts": 61655,
        "committed": 61655,
        "errors": 0
      },
      "SSI": {
        "aborts": 58883,
        "attempts": 304589,
        "committed": 245706,
        "errors": 176
      }
    },
    "by_transaction": {
      "amalgamate": {
        "aborts": 31732,
        "attempts": 93182,
        "committed": 61450,
        "errors": 103
      },
      "balance": {
        "aborts": 713,
        "attempts": 62146,
        "committed": 61433,
        "errors": 22
      },
      "deposit_checking": {
        "aborts": 0,
        "attempts": 61655,
        "committed": 61655,
        "errors": 0
      },
      "transact_savings": {
        "aborts": 7992,
        "attempts": 69514,
        "committed": 61522,
        "errors": 12
      },
      "write_check": {
        "aborts": 18446,
        "attempts": 79747,
        "committed": 61301,
        "errors": 39
      }
    },
    "committed": 307361,
    "committed_tps": 5122.683333333333,
    "error_rate_pct": 0.05722888628035001,
    "errors": 176,
    "latency": {
      "count": 307537,
      "mean_ms": 12.479888473035125,
      "p50_ms": 2.1617499296553433,
      "p95_ms": 71.25188899808553
    },
    "latency_max_ms": 557.7526669949293,
    "latency_min_ms": 0.18166599329560995,
    "observed_tps": 5125.616666666667
  },
  "post_snapshot": {
    "account_count": 18000,
    "checking_count": 18000,
    "checking_total": 3459218756,
    "savings_count": 18000,
    "savings_total": 141292137,
    "total_funds": 3600510893
  },
  "pre_snapshot": {
    "account_count": 18000,
    "checking_count": 18000,
    "checking_total": 1800000000,
    "savings_count": 18000,
    "savings_total": 1800000000,
    "total_funds": 3600000000
  },
  "smallbank": {
    "account_count": 18000,
    "amount_max": 10,
    "amount_min": 1,
    "hotspot_probability": 0.5,
    "hotspot_size": 20,
    "initial_checking": 100000,
    "initial_savings": 100000
  },
  "validation": {
    "account_count_ok": true,
    "checking_count_ok": true,
    "ok": true,
    "post_total_funds": 3600510893,
    "pre_total_funds": 3600000000,
    "savings_count_ok": true,
    "total_funds_delta": 510893
  }
}