{
  "metadata": {
    "allocation": {
      "amalgamate": "SSI",
      "balance": "SSI",
      "deposit_checking": "RC",
      "transact_savings": "SSI",
      "write_check": "SSI"
    },
    "elapsed_wall_seconds": 91.13697662495542,
    "host": "MacBook-Pro-86.local",
    "hotspot_probability": 0.9,
    "measurement_seconds": 60.0,
    "mpl": 64,
    "policy": "mixed_robust",
    "python": "3.11.3",
    "raw_path": "results/main/raw/20260516T191108.282695+0000_mixed_robust_mpl64_bounded_10_p0p9_r1.json",
    "repeat": 1,
    "retry_limit": 10,
    "retry_model": "bounded_10",
    "seed": 3992,
    "timestamp_utc": "2026-05-16T19:11:08.282695+00:00",
    "warmup_seconds": 30.0
  },
  "metrics": {
    "abort_rate_pct": 32.826211842079196,
    "abort_reasons": {
      "concurrent_update": 101133,
      "dangerous_structure": 14864
    },
    "aborts": 115997,
    "attempted_tps": 5889.45,
    "attempts": 353367,
    "by_isolation": {
      "RC": {
        "aborts": 0,
        "attempts": 47430,
        "committed": 47430,
        "errors": 0
      },
      "SSI": {
        "aborts": 115997,
        "attempts": 305937,
        "committed": 189940,
        "errors": 736
      }
    },
    "by_transaction": {
      "amalgamate": {
        "aborts": 66047,
        "attempts": 112950,
        "committed": 46903,
        "errors": 572
      },
      "balance": {
        "aborts": 1058,
        "attempts": 48630,
        "committed": 47572,
        "errors": 24
      },
      "deposit_checking": {
        "aborts": 0,
        "attempts": 47430,
        "committed": 47430,
        "errors": 0
      },
      "transact_savings": {
        "aborts": 14387,
        "attempts": 62013,
        "committed": 47626,
        "errors": 11
      },
      "write_check": {
        "aborts": 34505,
        "attempts": 82344,
        "committed": 47839,
        "errors": 129
      }
    },
    "committed": 237370,
    "committed_tps": 3956.1666666666665,
    "error_rate_pct": 0.309106028407516,
    "errors": 736,
    "latency": {
      "count": 238106,
      "mean_ms": 16.134023631814056,
      "p50_ms": 2.0536869997158647,
      "p95_ms": 98.92401453107591
    },
    "latency_max_ms": 518.9247919479385,
    "latency_min_ms": 0.17058395314961672,
    "observed_tps": 3968.4333333333334
  },
  "post_snapshot": {
    "account_count": 18000,
    "checking_count": 18000,
    "checking_total": 2391358993,
    "savings_count": 18000,
    "savings_total": 1209032335,
    "total_funds": 3600391328
  },
  "pre_snapshot": {
    "account_count": 18000,
    "checking_count": 18000,
    "checking_total": 1800000000,
    "savings_count": 18000,
    "savings_total": 1800000000,
    "total_funds": 3600000000
  },
  "smallbank": {
    "account_count": 18000,
    "amount_max": 10,
    "amount_min": 1,
    "hotspot_probability": 0.9,
    "hotspot_size": 20,
    "initial_checking": 100000,
    "initial_savings": 100000
  },
  "validation": {
    "account_count_ok": true,
    "checking_count_ok": true,
    "ok": true,
    "post_total_funds": 3600391328,
    "pre_total_funds": 3600000000,
    "savings_count_ok": true,
    "total_funds_delta": 391328
  }
}