{
  "metadata": {
    "allocation": {
      "amalgamate": "SSI",
      "balance": "SSI",
      "deposit_checking": "SSI",
      "transact_savings": "SSI",
      "write_check": "SSI"
    },
    "elapsed_wall_seconds": 90.66963162494358,
    "host": "MacBook-Pro-86.local",
    "hotspot_probability": 0.5,
    "measurement_seconds": 60.0,
    "mpl": 32,
    "policy": "ssi",
    "python": "3.11.3",
    "raw_path": "results/main/raw/20260516T112713.915900+0000_ssi_mpl32_bounded_10_p0p5_r1.json",
    "repeat": 1,
    "retry_limit": 10,
    "retry_model": "bounded_10",
    "seed": 3992,
    "timestamp_utc": "2026-05-16T11:27:13.915900+00:00",
    "warmup_seconds": 30.0
  },
  "metrics": {
    "abort_rate_pct": 14.072473568754226,
    "abort_reasons": {
      "concurrent_update": 45950,
      "dangerous_structure": 5242
    },
    "aborts": 51192,
    "attempted_tps": 6062.9,
    "attempts": 363774,
    "by_isolation": {
      "SSI": {
        "aborts": 51192,
        "attempts": 363774,
        "committed": 312582,
        "errors": 100
      }
    },
    "by_transaction": {
      "amalgamate": {
        "aborts": 24285,
        "attempts": 86561,
        "committed": 62276,
        "errors": 57
      },
      "balance": {
        "aborts": 359,
        "attempts": 63194,
        "committed": 62835,
        "errors": 6
      },
      "deposit_checking": {
        "aborts": 6258,
        "attempts": 68725,
        "committed": 62467,
        "errors": 10
      },
      "transact_savings": {
        "aborts": 5795,
        "attempts": 68367,
        "committed": 62572,
        "errors": 9
      },
      "write_check": {
        "aborts": 14495,
        "attempts": 76927,
        "committed": 62432,
        "errors": 18
      }
    },
    "committed": 312582,
    "committed_tps": 5209.7,
    "error_rate_pct": 0.031981374047754585,
    "errors": 100,
    "latency": {
      "count": 312682,
      "mean_ms": 6.129918661334501,
      "p50_ms": 1.5277500497177243,
      "p95_ms": 29.004304105183103
    },
    "latency_max_ms": 388.7502079596743,
    "latency_min_ms": 0.1859170151874423,
    "observed_tps": 5211.366666666667
  },
  "post_snapshot": {
    "account_count": 18000,
    "checking_count": 18000,
    "checking_total": 3468621774,
    "savings_count": 18000,
    "savings_total": 131892815,
    "total_funds": 3600514589
  },
  "pre_snapshot": {
    "account_count": 18000,
    "checking_count": 18000,
    "checking_total": 1800000000,
    "savings_count": 18000,
    "savings_total": 1800000000,
    "total_funds": 3600000000
  },
  "smallbank": {
    "account_count": 18000,
    "amount_max": 10,
    "amount_min": 1,
    "hotspot_probability": 0.5,
    "hotspot_size": 20,
    "initial_checking": 100000,
    "initial_savings": 100000
  },
  "validation": {
    "account_count_ok": true,
    "checking_count_ok": true,
    "ok": true,
    "post_total_funds": 3600514589,
    "pre_total_funds": 3600000000,
    "savings_count_ok": true,
    "total_funds_delta": 514589
  }
}