{
  "metadata": {
    "allocation": {
      "amalgamate": "SSI",
      "balance": "SSI",
      "deposit_checking": "RC",
      "transact_savings": "SSI",
      "write_check": "SSI"
    },
    "elapsed_wall_seconds": 90.60516529204324,
    "host": "MacBook-Pro-86.local",
    "hotspot_probability": 0.9,
    "measurement_seconds": 60.0,
    "mpl": 32,
    "policy": "mixed_robust",
    "python": "3.11.3",
    "raw_path": "results/main/raw/20260516T165829.516541+0000_mixed_robust_mpl32_bounded_1_p0p9_r4.json",
    "repeat": 4,
    "retry_limit": 1,
    "retry_model": "bounded_1",
    "seed": 3995,
    "timestamp_utc": "2026-05-16T16:58:29.516541+00:00",
    "warmup_seconds": 30.0
  },
  "metrics": {
    "abort_rate_pct": 26.142296729037902,
    "abort_reasons": {
      "concurrent_update": 115696,
      "dangerous_structure": 13986
    },
    "aborts": 129682,
    "attempted_tps": 8267.7,
    "attempts": 496062,
    "by_isolation": {
      "RC": {
        "aborts": 0,
        "attempts": 81792,
        "committed": 81792,
        "errors": 0
      },
      "SSI": {
        "aborts": 129682,
        "attempts": 414270,
        "committed": 284588,
        "errors": 41414
      }
    },
    "by_transaction": {
      "amalgamate": {
        "aborts": 65543,
        "attempts": 123244,
        "committed": 57701,
        "errors": 24029
      },
      "balance": {
        "aborts": 1377,
        "attempts": 82173,
        "committed": 80796,
        "errors": 87
      },
      "deposit_checking": {
        "aborts": 0,
        "attempts": 81792,
        "committed": 81792,
        "errors": 0
      },
      "transact_savings": {
        "aborts": 19225,
        "attempts": 97656,
        "committed": 78431,
        "errors": 3588
      },
      "write_check": {
        "aborts": 43537,
        "attempts": 111197,
        "committed": 67660,
        "errors": 13710
      }
    },
    "committed": 366380,
    "committed_tps": 6106.333333333333,
    "error_rate_pct": 10.155617787412272,
    "errors": 41414,
    "latency": {
      "count": 407794,
      "mean_ms": 4.69749900494418,
      "p50_ms": 2.0097295055165887,
      "p95_ms": 6.0644083947408935
    },
    "latency_max_ms": 253.05258389562368,
    "latency_min_ms": 0.1414999132975936,
    "observed_tps": 6796.566666666667
  },
  "post_snapshot": {
    "account_count": 18000,
    "checking_count": 18000,
    "checking_total": 2701872859,
    "savings_count": 18000,
    "savings_total": 899058256,
    "total_funds": 3600931115
  },
  "pre_snapshot": {
    "account_count": 18000,
    "checking_count": 18000,
    "checking_total": 1800000000,
    "savings_count": 18000,
    "savings_total": 1800000000,
    "total_funds": 3600000000
  },
  "smallbank": {
    "account_count": 18000,
    "amount_max": 10,
    "amount_min": 1,
    "hotspot_probability": 0.9,
    "hotspot_size": 20,
    "initial_checking": 100000,
    "initial_savings": 100000
  },
  "validation": {
    "account_count_ok": true,
    "checking_count_ok": true,
    "ok": true,
    "post_total_funds": 3600931115,
    "pre_total_funds": 3600000000,
    "savings_count_ok": true,
    "total_funds_delta": 931115
  }
}