{
  "metadata": {
    "allocation": {
      "amalgamate": "SSI",
      "balance": "SSI",
      "deposit_checking": "SSI",
      "transact_savings": "SSI",
      "write_check": "SSI"
    },
    "elapsed_wall_seconds": 91.8811541670002,
    "host": "MacBook-Pro-86.local",
    "hotspot_probability": 0.1,
    "measurement_seconds": 60.0,
    "mpl": 64,
    "policy": "ssi",
    "python": "3.11.3",
    "raw_path": "results/main/raw/20260516T122814.236360+0000_ssi_mpl64_bounded_3_p0p1_r1.json",
    "repeat": 1,
    "retry_limit": 3,
    "retry_model": "bounded_3",
    "seed": 3992,
    "timestamp_utc": "2026-05-16T12:28:14.236360+00:00",
    "warmup_seconds": 30.0
  },
  "metrics": {
    "abort_rate_pct": 0.9241502152293306,
    "abort_reasons": {
      "concurrent_update": 3014,
      "dangerous_structure": 99
    },
    "aborts": 3113,
    "attempted_tps": 5614.166666666667,
    "attempts": 336850,
    "by_isolation": {
      "SSI": {
        "aborts": 3113,
        "attempts": 336850,
        "committed": 333737,
        "errors": 14
      }
    },
    "by_transaction": {
      "amalgamate": {
        "aborts": 1370,
        "attempts": 68118,
        "committed": 66748,
        "errors": 7
      },
      "balance": {
        "aborts": 12,
        "attempts": 66776,
        "committed": 66764,
        "errors": 1
      },
      "deposit_checking": {
        "aborts": 501,
        "attempts": 67612,
        "committed": 67111,
        "errors": 1
      },
      "transact_savings": {
        "aborts": 425,
        "attempts": 67167,
        "committed": 66742,
        "errors": 2
      },
      "write_check": {
        "aborts": 805,
        "attempts": 67177,
        "committed": 66372,
        "errors": 3
      }
    },
    "committed": 333737,
    "committed_tps": 5562.283333333334,
    "error_rate_pct": 0.0041947439857858105,
    "errors": 14,
    "latency": {
      "count": 333751,
      "mean_ms": 11.502793289404648,
      "p50_ms": 2.235354040749371,
      "p95_ms": 63.94966213265434
    },
    "latency_max_ms": 409.9359579849988,
    "latency_min_ms": 0.1913749147206545,
    "observed_tps": 5562.516666666666
  },
  "post_snapshot": {
    "account_count": 18000,
    "checking_count": 18000,
    "checking_total": 3590276027,
    "savings_count": 18000,
    "savings_total": 10299306,
    "total_funds": 3600575333
  },
  "pre_snapshot": {
    "account_count": 18000,
    "checking_count": 18000,
    "checking_total": 1800000000,
    "savings_count": 18000,
    "savings_total": 1800000000,
    "total_funds": 3600000000
  },
  "smallbank": {
    "account_count": 18000,
    "amount_max": 10,
    "amount_min": 1,
    "hotspot_probability": 0.1,
    "hotspot_size": 20,
    "initial_checking": 100000,
    "initial_savings": 100000
  },
  "validation": {
    "account_count_ok": true,
    "checking_count_ok": true,
    "ok": true,
    "post_total_funds": 3600575333,
    "pre_total_funds": 3600000000,
    "savings_count_ok": true,
    "total_funds_delta": 575333
  }
}