{
  "metadata": {
    "allocation": {
      "amalgamate": "SI",
      "balance": "SI",
      "deposit_checking": "SI",
      "transact_savings": "SI",
      "write_check": "SI"
    },
    "elapsed_wall_seconds": 90.31701541692019,
    "host": "MacBook-Pro-86.local",
    "hotspot_probability": 0.5,
    "measurement_seconds": 60.0,
    "mpl": 8,
    "policy": "si",
    "python": "3.11.3",
    "raw_path": "results/main/raw/20260516T025923.121510+0000_si_mpl8_bounded_3_p0p5_r1.json",
    "repeat": 1,
    "retry_limit": 3,
    "retry_model": "bounded_3",
    "seed": 3992,
    "timestamp_utc": "2026-05-16T02:59:23.121510+00:00",
    "warmup_seconds": 30.0
  },
  "metrics": {
    "abort_rate_pct": 3.9684501624487933,
    "abort_reasons": {
      "concurrent_update": 29217
    },
    "aborts": 29217,
    "attempted_tps": 12270.533333333333,
    "attempts": 736232,
    "by_isolation": {
      "SI": {
        "aborts": 29217,
        "attempts": 736232,
        "committed": 707015,
        "errors": 66
      }
    },
    "by_transaction": {
      "amalgamate": {
        "aborts": 13524,
        "attempts": 154560,
        "committed": 141036,
        "errors": 52
      },
      "balance": {
        "aborts": 0,
        "attempts": 141620,
        "committed": 141620,
        "errors": 0
      },
      "deposit_checking": {
        "aborts": 4474,
        "attempts": 145857,
        "committed": 141383,
        "errors": 0
      },
      "transact_savings": {
        "aborts": 3671,
        "attempts": 144911,
        "committed": 141240,
        "errors": 2
      },
      "write_check": {
        "aborts": 7548,
        "attempts": 149284,
        "committed": 141736,
        "errors": 12
      }
    },
    "committed": 707015,
    "committed_tps": 11783.583333333334,
    "error_rate_pct": 0.009334149835733106,
    "errors": 66,
    "latency": {
      "count": 707081,
      "mean_ms": 0.669407244926929,
      "p50_ms": 0.5221460596658289,
      "p95_ms": 0.9974389278795566
    },
    "latency_max_ms": 51.93366704043001,
    "latency_min_ms": 0.1527499407529831,
    "observed_tps": 11784.683333333332
  },
  "post_snapshot": {
    "account_count": 18000,
    "checking_count": 18000,
    "checking_total": 3595302562,
    "savings_count": 18000,
    "savings_total": 5899529,
    "total_funds": 3601202091
  },
  "pre_snapshot": {
    "account_count": 18000,
    "checking_count": 18000,
    "checking_total": 1800000000,
    "savings_count": 18000,
    "savings_total": 1800000000,
    "total_funds": 3600000000
  },
  "smallbank": {
    "account_count": 18000,
    "amount_max": 10,
    "amount_min": 1,
    "hotspot_probability": 0.5,
    "hotspot_size": 20,
    "initial_checking": 100000,
    "initial_savings": 100000
  },
  "validation": {
    "account_count_ok": true,
    "checking_count_ok": true,
    "ok": true,
    "post_total_funds": 3601202091,
    "pre_total_funds": 3600000000,
    "savings_count_ok": true,
    "total_funds_delta": 1202091
  }
}