{
  "metadata": {
    "allocation": {
      "amalgamate": "SI",
      "balance": "SI",
      "deposit_checking": "SI",
      "transact_savings": "SI",
      "write_check": "SI"
    },
    "elapsed_wall_seconds": 90.70065200002864,
    "host": "MacBook-Pro-86.local",
    "hotspot_probability": 0.9,
    "measurement_seconds": 60.0,
    "mpl": 32,
    "policy": "si",
    "python": "3.11.3",
    "raw_path": "results/main/raw/20260516T050359.356249+0000_si_mpl32_bounded_10_p0p9_r3.json",
    "repeat": 3,
    "retry_limit": 10,
    "retry_model": "bounded_10",
    "seed": 3994,
    "timestamp_utc": "2026-05-16T05:03:59.356249+00:00",
    "warmup_seconds": 30.0
  },
  "metrics": {
    "abort_rate_pct": 33.18548965467781,
    "abort_reasons": {
      "concurrent_update": 148071
    },
    "aborts": 148071,
    "attempted_tps": 7436.533333333334,
    "attempts": 446192,
    "by_isolation": {
      "SI": {
        "aborts": 148071,
        "attempts": 446192,
        "committed": 298121,
        "errors": 776
      }
    },
    "by_transaction": {
      "amalgamate": {
        "aborts": 79180,
        "attempts": 138075,
        "committed": 58895,
        "errors": 690
      },
      "balance": {
        "aborts": 0,
        "attempts": 59568,
        "committed": 59568,
        "errors": 0
      },
      "deposit_checking": {
        "aborts": 15596,
        "attempts": 75515,
        "committed": 59919,
        "errors": 0
      },
      "transact_savings": {
        "aborts": 14168,
        "attempts": 74045,
        "committed": 59877,
        "errors": 1
      },
      "write_check": {
        "aborts": 39127,
        "attempts": 98989,
        "committed": 59862,
        "errors": 85
      }
    },
    "committed": 298121,
    "committed_tps": 4968.683333333333,
    "error_rate_pct": 0.2596212073055267,
    "errors": 776,
    "latency": {
      "count": 298897,
      "mean_ms": 6.411955385157666,
      "p50_ms": 1.6666874871589243,
      "p95_ms": 37.89106037002055
    },
    "latency_max_ms": 334.5710829598829,
    "latency_min_ms": 0.13395899441093206,
    "observed_tps": 4981.616666666667
  },
  "post_snapshot": {
    "account_count": 18000,
    "checking_count": 18000,
    "checking_total": 2482231228,
    "savings_count": 18000,
    "savings_total": 1118237059,
    "total_funds": 3600468287
  },
  "pre_snapshot": {
    "account_count": 18000,
    "checking_count": 18000,
    "checking_total": 1800000000,
    "savings_count": 18000,
    "savings_total": 1800000000,
    "total_funds": 3600000000
  },
  "smallbank": {
    "account_count": 18000,
    "amount_max": 10,
    "amount_min": 1,
    "hotspot_probability": 0.9,
    "hotspot_size": 20,
    "initial_checking": 100000,
    "initial_savings": 100000
  },
  "validation": {
    "account_count_ok": true,
    "checking_count_ok": true,
    "ok": true,
    "post_total_funds": 3600468287,
    "pre_total_funds": 3600000000,
    "savings_count_ok": true,
    "total_funds_delta": 468287
  }
}