{
  "metadata": {
    "allocation": {
      "amalgamate": "SI",
      "balance": "SI",
      "deposit_checking": "SI",
      "transact_savings": "SI",
      "write_check": "SI"
    },
    "elapsed_wall_seconds": 90.82345866691321,
    "host": "MacBook-Pro-86.local",
    "hotspot_probability": 0.9,
    "measurement_seconds": 60.0,
    "mpl": 32,
    "policy": "si",
    "python": "3.11.3",
    "raw_path": "results/main/raw/20260516T050702.122107+0000_si_mpl32_bounded_10_p0p9_r5.json",
    "repeat": 5,
    "retry_limit": 10,
    "retry_model": "bounded_10",
    "seed": 3996,
    "timestamp_utc": "2026-05-16T05:07:02.122107+00:00",
    "warmup_seconds": 30.0
  },
  "metrics": {
    "abort_rate_pct": 32.26101042606625,
    "abort_reasons": {
      "concurrent_update": 118696
    },
    "aborts": 118696,
    "attempted_tps": 6132.066666666667,
    "attempts": 367924,
    "by_isolation": {
      "SI": {
        "aborts": 118696,
        "attempts": 367924,
        "committed": 249228,
        "errors": 634
      }
    },
    "by_transaction": {
      "amalgamate": {
        "aborts": 63449,
        "attempts": 112900,
        "committed": 49451,
        "errors": 555
      },
      "balance": {
        "aborts": 0,
        "attempts": 49661,
        "committed": 49661,
        "errors": 0
      },
      "deposit_checking": {
        "aborts": 12591,
        "attempts": 62621,
        "committed": 50030,
        "errors": 0
      },
      "transact_savings": {
        "aborts": 11486,
        "attempts": 61460,
        "committed": 49974,
        "errors": 0
      },
      "write_check": {
        "aborts": 31170,
        "attempts": 81282,
        "committed": 50112,
        "errors": 79
      }
    },
    "committed": 249228,
    "committed_tps": 4153.8,
    "error_rate_pct": 0.2537400645156126,
    "errors": 634,
    "latency": {
      "count": 249862,
      "mean_ms": 7.6773219448057795,
      "p50_ms": 1.788666530046612,
      "p95_ms": 29.697049659444005
    },
    "latency_max_ms": 433.76233393792063,
    "latency_min_ms": 0.14937494415789843,
    "observed_tps": 4164.366666666667
  },
  "post_snapshot": {
    "account_count": 18000,
    "checking_count": 18000,
    "checking_total": 2485333722,
    "savings_count": 18000,
    "savings_total": 1115137188,
    "total_funds": 3600470910
  },
  "pre_snapshot": {
    "account_count": 18000,
    "checking_count": 18000,
    "checking_total": 1800000000,
    "savings_count": 18000,
    "savings_total": 1800000000,
    "total_funds": 3600000000
  },
  "smallbank": {
    "account_count": 18000,
    "amount_max": 10,
    "amount_min": 1,
    "hotspot_probability": 0.9,
    "hotspot_size": 20,
    "initial_checking": 100000,
    "initial_savings": 100000
  },
  "validation": {
    "account_count_ok": true,
    "checking_count_ok": true,
    "ok": true,
    "post_total_funds": 3600470910,
    "pre_total_funds": 3600000000,
    "savings_count_ok": true,
    "total_funds_delta": 470910
  }
}