{
  "metadata": {
    "allocation": {
      "amalgamate": "SI",
      "balance": "SI",
      "deposit_checking": "SI",
      "transact_savings": "SI",
      "write_check": "SI"
    },
    "elapsed_wall_seconds": 91.13936587492935,
    "host": "MacBook-Pro-86.local",
    "hotspot_probability": 0.5,
    "measurement_seconds": 60.0,
    "mpl": 64,
    "policy": "si",
    "python": "3.11.3",
    "raw_path": "results/main/raw/20260516T060201.663419+0000_si_mpl64_bounded_3_p0p5_r1.json",
    "repeat": 1,
    "retry_limit": 3,
    "retry_model": "bounded_3",
    "seed": 3992,
    "timestamp_utc": "2026-05-16T06:02:01.663419+00:00",
    "warmup_seconds": 30.0
  },
  "metrics": {
    "abort_rate_pct": 20.96804124309184,
    "abort_reasons": {
      "concurrent_update": 72315
    },
    "aborts": 72315,
    "attempted_tps": 5748.033333333334,
    "attempts": 344882,
    "by_isolation": {
      "SI": {
        "aborts": 72315,
        "attempts": 344882,
        "committed": 272567,
        "errors": 6237
      }
    },
    "by_transaction": {
      "amalgamate": {
        "aborts": 34694,
        "attempts": 86550,
        "committed": 51856,
        "errors": 3904
      },
      "balance": {
        "aborts": 0,
        "attempts": 55946,
        "committed": 55946,
        "errors": 0
      },
      "deposit_checking": {
        "aborts": 9577,
        "attempts": 65078,
        "committed": 55501,
        "errors": 313
      },
      "transact_savings": {
        "aborts": 9561,
        "attempts": 64774,
        "committed": 55213,
        "errors": 348
      },
      "write_check": {
        "aborts": 18483,
        "attempts": 72534,
        "committed": 54051,
        "errors": 1672
      }
    },
    "committed": 272567,
    "committed_tps": 4542.783333333334,
    "error_rate_pct": 2.2370554224473107,
    "errors": 6237,
    "latency": {
      "count": 278804,
      "mean_ms": 13.766829874113636,
      "p50_ms": 1.9218334928154945,
      "p95_ms": 109.93186814594077
    },
    "latency_max_ms": 572.7688339538872,
    "latency_min_ms": 0.17020897939801216,
    "observed_tps": 4646.733333333334
  },
  "post_snapshot": {
    "account_count": 18000,
    "checking_count": 18000,
    "checking_total": 3384451342,
    "savings_count": 18000,
    "savings_total": 215991209,
    "total_funds": 3600442551
  },
  "pre_snapshot": {
    "account_count": 18000,
    "checking_count": 18000,
    "checking_total": 1800000000,
    "savings_count": 18000,
    "savings_total": 1800000000,
    "total_funds": 3600000000
  },
  "smallbank": {
    "account_count": 18000,
    "amount_max": 10,
    "amount_min": 1,
    "hotspot_probability": 0.5,
    "hotspot_size": 20,
    "initial_checking": 100000,
    "initial_savings": 100000
  },
  "validation": {
    "account_count_ok": true,
    "checking_count_ok": true,
    "ok": true,
    "post_total_funds": 3600442551,
    "pre_total_funds": 3600000000,
    "savings_count_ok": true,
    "total_funds_delta": 442551
  }
}