{
  "metadata": {
    "allocation": {
      "amalgamate": "SSI",
      "balance": "SSI",
      "deposit_checking": "RC",
      "transact_savings": "SSI",
      "write_check": "SSI"
    },
    "elapsed_wall_seconds": 90.34195570799056,
    "host": "MacBook-Pro-86.local",
    "hotspot_probability": 0.5,
    "measurement_seconds": 60.0,
    "mpl": 8,
    "policy": "mixed_robust",
    "python": "3.11.3",
    "raw_path": "results/main/raw/20260516T151519.097315+0000_mixed_robust_mpl8_bounded_1_p0p5_r1.json",
    "repeat": 1,
    "retry_limit": 1,
    "retry_model": "bounded_1",
    "seed": 3992,
    "timestamp_utc": "2026-05-16T15:15:19.097315+00:00",
    "warmup_seconds": 30.0
  },
  "metrics": {
    "abort_rate_pct": 3.2993949010496357,
    "abort_reasons": {
      "concurrent_update": 25532,
      "dangerous_structure": 668
    },
    "aborts": 26200,
    "attempted_tps": 13234.75,
    "attempts": 794085,
    "by_isolation": {
      "RC": {
        "aborts": 0,
        "attempts": 153997,
        "committed": 153997,
        "errors": 0
      },
      "SSI": {
        "aborts": 26200,
        "attempts": 640088,
        "committed": 613888,
        "errors": 2577
      }
    },
    "by_transaction": {
      "amalgamate": {
        "aborts": 14098,
        "attempts": 166083,
        "committed": 151985,
        "errors": 1682
      },
      "balance": {
        "aborts": 109,
        "attempts": 154470,
        "committed": 154361,
        "errors": 3
      },
      "deposit_checking": {
        "aborts": 0,
        "attempts": 153997,
        "committed": 153997,
        "errors": 0
      },
      "transact_savings": {
        "aborts": 4112,
        "attempts": 157846,
        "committed": 153734,
        "errors": 194
      },
      "write_check": {
        "aborts": 7881,
        "attempts": 161689,
        "committed": 153808,
        "errors": 698
      }
    },
    "committed": 767885,
    "committed_tps": 12798.083333333334,
    "error_rate_pct": 0.33447463989138987,
    "errors": 2577,
    "latency": {
      "count": 770462,
      "mean_ms": 0.6137903067722037,
      "p50_ms": 0.5180214648135006,
      "p95_ms": 0.9558875288348644
    },
    "latency_max_ms": 36.171625019051135,
    "latency_min_ms": 0.1460830681025982,
    "observed_tps": 12841.033333333333
  },
  "post_snapshot": {
    "account_count": 18000,
    "checking_count": 18000,
    "checking_total": 3597079202,
    "savings_count": 18000,
    "savings_total": 4200840,
    "total_funds": 3601280042
  },
  "pre_snapshot": {
    "account_count": 18000,
    "checking_count": 18000,
    "checking_total": 1800000000,
    "savings_count": 18000,
    "savings_total": 1800000000,
    "total_funds": 3600000000
  },
  "smallbank": {
    "account_count": 18000,
    "amount_max": 10,
    "amount_min": 1,
    "hotspot_probability": 0.5,
    "hotspot_size": 20,
    "initial_checking": 100000,
    "initial_savings": 100000
  },
  "validation": {
    "account_count_ok": true,
    "checking_count_ok": true,
    "ok": true,
    "post_total_funds": 3601280042,
    "pre_total_funds": 3600000000,
    "savings_count_ok": true,
    "total_funds_delta": 1280042
  }
}