{
  "metadata": {
    "allocation": {
      "amalgamate": "SSI",
      "balance": "SSI",
      "deposit_checking": "SSI",
      "transact_savings": "SSI",
      "write_check": "SSI"
    },
    "elapsed_wall_seconds": 91.07007287500892,
    "host": "MacBook-Pro-86.local",
    "hotspot_probability": 0.9,
    "measurement_seconds": 60.0,
    "mpl": 64,
    "policy": "ssi",
    "python": "3.11.3",
    "raw_path": "results/main/raw/20260516T124331.188873+0000_ssi_mpl64_bounded_3_p0p9_r1.json",
    "repeat": 1,
    "retry_limit": 3,
    "retry_model": "bounded_3",
    "seed": 3992,
    "timestamp_utc": "2026-05-16T12:43:31.188873+00:00",
    "warmup_seconds": 30.0
  },
  "metrics": {
    "abort_rate_pct": 32.65317010164542,
    "abort_reasons": {
      "concurrent_update": 101221,
      "dangerous_structure": 15070
    },
    "aborts": 116291,
    "attempted_tps": 5935.666666666667,
    "attempts": 356140,
    "by_isolation": {
      "SSI": {
        "aborts": 116291,
        "attempts": 356140,
        "committed": 239849,
        "errors": 9453
      }
    },
    "by_transaction": {
      "amalgamate": {
        "aborts": 53919,
        "attempts": 97596,
        "committed": 43677,
        "errors": 6017
      },
      "balance": {
        "aborts": 862,
        "attempts": 50716,
        "committed": 49854,
        "errors": 63
      },
      "deposit_checking": {
        "aborts": 14759,
        "attempts": 64168,
        "committed": 49409,
        "errors": 355
      },
      "transact_savings": {
        "aborts": 13643,
        "attempts": 63431,
        "committed": 49788,
        "errors": 307
      },
      "write_check": {
        "aborts": 33108,
        "attempts": 80229,
        "committed": 47121,
        "errors": 2711
      }
    },
    "committed": 239849,
    "committed_tps": 3997.483333333333,
    "error_rate_pct": 3.7917866683781116,
    "errors": 9453,
    "latency": {
      "count": 249302,
      "mean_ms": 15.40667485282414,
      "p50_ms": 2.461521013174206,
      "p95_ms": 80.95792953390628
    },
    "latency_max_ms": 405.88104201015085,
    "latency_min_ms": 0.1621670089662075,
    "observed_tps": 4155.033333333334
  },
  "post_snapshot": {
    "account_count": 18000,
    "checking_count": 18000,
    "checking_total": 2513606499,
    "savings_count": 18000,
    "savings_total": 1086940889,
    "total_funds": 3600547388
  },
  "pre_snapshot": {
    "account_count": 18000,
    "checking_count": 18000,
    "checking_total": 1800000000,
    "savings_count": 18000,
    "savings_total": 1800000000,
    "total_funds": 3600000000
  },
  "smallbank": {
    "account_count": 18000,
    "amount_max": 10,
    "amount_min": 1,
    "hotspot_probability": 0.9,
    "hotspot_size": 20,
    "initial_checking": 100000,
    "initial_savings": 100000
  },
  "validation": {
    "account_count_ok": true,
    "checking_count_ok": true,
    "ok": true,
    "post_total_funds": 3600547388,
    "pre_total_funds": 3600000000,
    "savings_count_ok": true,
    "total_funds_delta": 547388
  }
}