{
  "metadata": {
    "allocation": {
      "amalgamate": "SI",
      "balance": "SI",
      "deposit_checking": "SI",
      "transact_savings": "SI",
      "write_check": "SI"
    },
    "elapsed_wall_seconds": 91.19015404093079,
    "host": "MacBook-Pro-86.local",
    "hotspot_probability": 0.5,
    "measurement_seconds": 60.0,
    "mpl": 64,
    "policy": "si",
    "python": "3.11.3",
    "raw_path": "results/main/raw/20260516T063105.912276+0000_si_mpl64_bounded_10_p0p5_r5.json",
    "repeat": 5,
    "retry_limit": 10,
    "retry_model": "bounded_10",
    "seed": 3996,
    "timestamp_utc": "2026-05-16T06:31:05.912276+00:00",
    "warmup_seconds": 30.0
  },
  "metrics": {
    "abort_rate_pct": 27.076703688993316,
    "abort_reasons": {
      "concurrent_update": 226332
    },
    "aborts": 226332,
    "attempted_tps": 13931.533333333333,
    "attempts": 835892,
    "by_isolation": {
      "SI": {
        "aborts": 226332,
        "attempts": 835892,
        "committed": 609560,
        "errors": 2089
      }
    },
    "by_transaction": {
      "amalgamate": {
        "aborts": 117702,
        "attempts": 238036,
        "committed": 120334,
        "errors": 1722
      },
      "balance": {
        "aborts": 0,
        "attempts": 122288,
        "committed": 122288,
        "errors": 0
      },
      "deposit_checking": {
        "aborts": 24662,
        "attempts": 147254,
        "committed": 122592,
        "errors": 2
      },
      "transact_savings": {
        "aborts": 22593,
        "attempts": 145187,
        "committed": 122594,
        "errors": 4
      },
      "write_check": {
        "aborts": 61375,
        "attempts": 183127,
        "committed": 121752,
        "errors": 361
      }
    },
    "committed": 609560,
    "committed_tps": 10159.333333333334,
    "error_rate_pct": 0.3415357500788851,
    "errors": 2089,
    "latency": {
      "count": 611649,
      "mean_ms": 6.267929422898759,
      "p50_ms": 2.778458525426686,
      "p95_ms": 19.743514317087826
    },
    "latency_max_ms": 324.9480000231415,
    "latency_min_ms": 0.16058399342000484,
    "observed_tps": 10194.15
  },
  "post_snapshot": {
    "account_count": 18000,
    "checking_count": 18000,
    "checking_total": 3588889639,
    "savings_count": 18000,
    "savings_total": 12098968,
    "total_funds": 3600988607
  },
  "pre_snapshot": {
    "account_count": 18000,
    "checking_count": 18000,
    "checking_total": 1800000000,
    "savings_count": 18000,
    "savings_total": 1800000000,
    "total_funds": 3600000000
  },
  "smallbank": {
    "account_count": 18000,
    "amount_max": 10,
    "amount_min": 1,
    "hotspot_probability": 0.5,
    "hotspot_size": 20,
    "initial_checking": 100000,
    "initial_savings": 100000
  },
  "validation": {
    "account_count_ok": true,
    "checking_count_ok": true,
    "ok": true,
    "post_total_funds": 3600988607,
    "pre_total_funds": 3600000000,
    "savings_count_ok": true,
    "total_funds_delta": 988607
  }
}