{
  "metadata": {
    "allocation": {
      "amalgamate": "SSI",
      "balance": "SSI",
      "deposit_checking": "RC",
      "transact_savings": "SSI",
      "write_check": "SSI"
    },
    "elapsed_wall_seconds": 90.70911454199813,
    "host": "MacBook-Pro-86.local",
    "hotspot_probability": 0.5,
    "measurement_seconds": 60.0,
    "mpl": 32,
    "policy": "mixed_robust",
    "python": "3.11.3",
    "raw_path": "results/main/raw/20260516T173328.547341+0000_mixed_robust_mpl32_bounded_10_p0p5_r2.json",
    "repeat": 2,
    "retry_limit": 10,
    "retry_model": "bounded_10",
    "seed": 3993,
    "timestamp_utc": "2026-05-16T17:33:28.547341+00:00",
    "warmup_seconds": 30.0
  },
  "metrics": {
    "abort_rate_pct": 13.803722604815375,
    "abort_reasons": {
      "concurrent_update": 98014,
      "dangerous_structure": 8801
    },
    "aborts": 106815,
    "attempted_tps": 12896.883333333333,
    "attempts": 773813,
    "by_isolation": {
      "RC": {
        "aborts": 0,
        "attempts": 133158,
        "committed": 133158,
        "errors": 0
      },
      "SSI": {
        "aborts": 106815,
        "attempts": 640655,
        "committed": 533840,
        "errors": 132
      }
    },
    "by_transaction": {
      "amalgamate": {
        "aborts": 57668,
        "attempts": 190585,
        "committed": 132917,
        "errors": 76
      },
      "balance": {
        "aborts": 819,
        "attempts": 134429,
        "committed": 133610,
        "errors": 3
      },
      "deposit_checking": {
        "aborts": 0,
        "attempts": 133158,
        "committed": 133158,
        "errors": 0
      },
      "transact_savings": {
        "aborts": 13534,
        "attempts": 147203,
        "committed": 133669,
        "errors": 8
      },
      "write_check": {
        "aborts": 34794,
        "attempts": 168438,
        "committed": 133644,
        "errors": 45
      }
    },
    "committed": 666998,
    "committed_tps": 11116.633333333333,
    "error_rate_pct": 0.01978624855725271,
    "errors": 132,
    "latency": {
      "count": 667130,
      "mean_ms": 2.865285653848027,
      "p50_ms": 1.8986045033670962,
      "p95_ms": 10.531665984308342
    },
    "latency_max_ms": 241.4076660061255,
    "latency_min_ms": 0.1783330226317048,
    "observed_tps": 11118.833333333334
  },
  "post_snapshot": {
    "account_count": 18000,
    "checking_count": 18000,
    "checking_total": 3590074205,
    "savings_count": 18000,
    "savings_total": 10898457,
    "total_funds": 3600972662
  },
  "pre_snapshot": {
    "account_count": 18000,
    "checking_count": 18000,
    "checking_total": 1800000000,
    "savings_count": 18000,
    "savings_total": 1800000000,
    "total_funds": 3600000000
  },
  "smallbank": {
    "account_count": 18000,
    "amount_max": 10,
    "amount_min": 1,
    "hotspot_probability": 0.5,
    "hotspot_size": 20,
    "initial_checking": 100000,
    "initial_savings": 100000
  },
  "validation": {
    "account_count_ok": true,
    "checking_count_ok": true,
    "ok": true,
    "post_total_funds": 3600972662,
    "pre_total_funds": 3600000000,
    "savings_count_ok": true,
    "total_funds_delta": 972662
  }
}