{
  "metadata": {
    "allocation": {
      "amalgamate": "SSI",
      "balance": "SSI",
      "deposit_checking": "SSI",
      "transact_savings": "SSI",
      "write_check": "SSI"
    },
    "elapsed_wall_seconds": 90.34226758300792,
    "host": "MacBook-Pro-86.local",
    "hotspot_probability": 0.9,
    "measurement_seconds": 60.0,
    "mpl": 8,
    "policy": "ssi",
    "python": "3.11.3",
    "raw_path": "results/main/raw/20260516T084910.009204+0000_ssi_mpl8_bounded_1_p0p9_r1.json",
    "repeat": 1,
    "retry_limit": 1,
    "retry_model": "bounded_1",
    "seed": 3992,
    "timestamp_utc": "2026-05-16T08:49:10.009204+00:00",
    "warmup_seconds": 30.0
  },
  "metrics": {
    "abort_rate_pct": 11.371808848175206,
    "abort_reasons": {
      "concurrent_update": 39869,
      "dangerous_structure": 2065
    },
    "aborts": 41934,
    "attempted_tps": 6145.9,
    "attempts": 368754,
    "by_isolation": {
      "SSI": {
        "aborts": 41934,
        "attempts": 368754,
        "committed": 326820,
        "errors": 6500
      }
    },
    "by_transaction": {
      "amalgamate": {
        "aborts": 19228,
        "attempts": 81846,
        "committed": 62618,
        "errors": 4090
      },
      "balance": {
        "aborts": 180,
        "attempts": 66731,
        "committed": 66551,
        "errors": 0
      },
      "deposit_checking": {
        "aborts": 6227,
        "attempts": 72640,
        "committed": 66413,
        "errors": 381
      },
      "transact_savings": {
        "aborts": 5233,
        "attempts": 71885,
        "committed": 66652,
        "errors": 337
      },
      "write_check": {
        "aborts": 11066,
        "attempts": 75652,
        "committed": 64586,
        "errors": 1692
      }
    },
    "committed": 326820,
    "committed_tps": 5447.0,
    "error_rate_pct": 1.9500780031201248,
    "errors": 6500,
    "latency": {
      "count": 333320,
      "mean_ms": 1.431385445158928,
      "p50_ms": 0.5882295081391931,
      "p95_ms": 5.7820958434604
    },
    "latency_max_ms": 123.15287499222904,
    "latency_min_ms": 0.13874995056539774,
    "observed_tps": 5555.333333333333
  },
  "post_snapshot": {
    "account_count": 18000,
    "checking_count": 18000,
    "checking_total": 2554618054,
    "savings_count": 18000,
    "savings_total": 1045941526,
    "total_funds": 3600559580
  },
  "pre_snapshot": {
    "account_count": 18000,
    "checking_count": 18000,
    "checking_total": 1800000000,
    "savings_count": 18000,
    "savings_total": 1800000000,
    "total_funds": 3600000000
  },
  "smallbank": {
    "account_count": 18000,
    "amount_max": 10,
    "amount_min": 1,
    "hotspot_probability": 0.9,
    "hotspot_size": 20,
    "initial_checking": 100000,
    "initial_savings": 100000
  },
  "validation": {
    "account_count_ok": true,
    "checking_count_ok": true,
    "ok": true,
    "post_total_funds": 3600559580,
    "pre_total_funds": 3600000000,
    "savings_count_ok": true,
    "total_funds_delta": 559580
  }
}