{
  "metadata": {
    "allocation": {
      "amalgamate": "SSI",
      "balance": "SSI",
      "deposit_checking": "RC",
      "transact_savings": "SSI",
      "write_check": "SSI"
    },
    "elapsed_wall_seconds": 91.15171516605187,
    "host": "MacBook-Pro-86.local",
    "hotspot_probability": 0.5,
    "measurement_seconds": 60.0,
    "mpl": 64,
    "policy": "mixed_robust",
    "python": "3.11.3",
    "raw_path": "results/main/raw/20260516T190330.632065+0000_mixed_robust_mpl64_bounded_10_p0p5_r1.json",
    "repeat": 1,
    "retry_limit": 10,
    "retry_model": "bounded_10",
    "seed": 3992,
    "timestamp_utc": "2026-05-16T19:03:30.632065+00:00",
    "warmup_seconds": 30.0
  },
  "metrics": {
    "abort_rate_pct": 16.09546805653923,
    "abort_reasons": {
      "concurrent_update": 52353,
      "dangerous_structure": 6507
    },
    "aborts": 58860,
    "attempted_tps": 6094.883333333333,
    "attempts": 365693,
    "by_isolation": {
      "RC": {
        "aborts": 0,
        "attempts": 61586,
        "committed": 61586,
        "errors": 0
      },
      "SSI": {
        "aborts": 58860,
        "attempts": 304107,
        "committed": 245247,
        "errors": 195
      }
    },
    "by_transaction": {
      "amalgamate": {
        "aborts": 31238,
        "attempts": 92650,
        "committed": 61412,
        "errors": 108
      },
      "balance": {
        "aborts": 776,
        "attempts": 62023,
        "committed": 61247,
        "errors": 23
      },
      "deposit_checking": {
        "aborts": 0,
        "attempts": 61586,
        "committed": 61586,
        "errors": 0
      },
      "transact_savings": {
        "aborts": 7963,
        "attempts": 69326,
        "committed": 61363,
        "errors": 9
      },
      "write_check": {
        "aborts": 18883,
        "attempts": 80108,
        "committed": 61225,
        "errors": 55
      }
    },
    "committed": 306833,
    "committed_tps": 5113.883333333333,
    "error_rate_pct": 0.06351212267285068,
    "errors": 195,
    "latency": {
      "count": 307028,
      "mean_ms": 12.503213948265635,
      "p50_ms": 2.1800625254400074,
      "p95_ms": 70.09982087765815
    },
    "latency_max_ms": 524.5441250735894,
    "latency_min_ms": 0.17262506298720837,
    "observed_tps": 5117.133333333333
  },
  "post_snapshot": {
    "account_count": 18000,
    "checking_count": 18000,
    "checking_total": 3459716800,
    "savings_count": 18000,
    "savings_total": 140792613,
    "total_funds": 3600509413
  },
  "pre_snapshot": {
    "account_count": 18000,
    "checking_count": 18000,
    "checking_total": 1800000000,
    "savings_count": 18000,
    "savings_total": 1800000000,
    "total_funds": 3600000000
  },
  "smallbank": {
    "account_count": 18000,
    "amount_max": 10,
    "amount_min": 1,
    "hotspot_probability": 0.5,
    "hotspot_size": 20,
    "initial_checking": 100000,
    "initial_savings": 100000
  },
  "validation": {
    "account_count_ok": true,
    "checking_count_ok": true,
    "ok": true,
    "post_total_funds": 3600509413,
    "pre_total_funds": 3600000000,
    "savings_count_ok": true,
    "total_funds_delta": 509413
  }
}