{
  "metadata": {
    "allocation": {
      "amalgamate": "SSI",
      "balance": "SSI",
      "deposit_checking": "RC",
      "transact_savings": "SSI",
      "write_check": "SSI"
    },
    "elapsed_wall_seconds": 90.72556412499398,
    "host": "MacBook-Pro-86.local",
    "hotspot_probability": 0.5,
    "measurement_seconds": 60.0,
    "mpl": 32,
    "policy": "mixed_robust",
    "python": "3.11.3",
    "raw_path": "results/main/raw/20260516T164922.295330+0000_mixed_robust_mpl32_bounded_1_p0p5_r3.json",
    "repeat": 3,
    "retry_limit": 1,
    "retry_model": "bounded_1",
    "seed": 3994,
    "timestamp_utc": "2026-05-16T16:49:22.295330+00:00",
    "warmup_seconds": 30.0
  },
  "metrics": {
    "abort_rate_pct": 10.528991812473137,
    "abort_reasons": {
      "concurrent_update": 36929,
      "dangerous_structure": 3245
    },
    "aborts": 40174,
    "attempted_tps": 6359.266666666666,
    "attempts": 381556,
    "by_isolation": {
      "RC": {
        "aborts": 0,
        "attempts": 70196,
        "committed": 70196,
        "errors": 0
      },
      "SSI": {
        "aborts": 40174,
        "attempts": 311360,
        "committed": 271186,
        "errors": 9901
      }
    },
    "by_transaction": {
      "amalgamate": {
        "aborts": 20738,
        "attempts": 85057,
        "committed": 64319,
        "errors": 5670
      },
      "balance": {
        "aborts": 429,
        "attempts": 70818,
        "committed": 70389,
        "errors": 65
      },
      "deposit_checking": {
        "aborts": 0,
        "attempts": 70196,
        "committed": 70196,
        "errors": 0
      },
      "transact_savings": {
        "aborts": 6360,
        "attempts": 75774,
        "committed": 69414,
        "errors": 979
      },
      "write_check": {
        "aborts": 12647,
        "attempts": 79711,
        "committed": 67064,
        "errors": 3187
      }
    },
    "committed": 341382,
    "committed_tps": 5689.7,
    "error_rate_pct": 2.818525234639877,
    "errors": 9901,
    "latency": {
      "count": 351283,
      "mean_ms": 5.455371604010912,
      "p50_ms": 1.1600209982134402,
      "p95_ms": 44.17311424040227
    },
    "latency_max_ms": 359.3817090149969,
    "latency_min_ms": 0.17733301501721144,
    "observed_tps": 5854.716666666666
  },
  "post_snapshot": {
    "account_count": 18000,
    "checking_count": 18000,
    "checking_total": 3469058081,
    "savings_count": 18000,
    "savings_total": 131496788,
    "total_funds": 3600554869
  },
  "pre_snapshot": {
    "account_count": 18000,
    "checking_count": 18000,
    "checking_total": 1800000000,
    "savings_count": 18000,
    "savings_total": 1800000000,
    "total_funds": 3600000000
  },
  "smallbank": {
    "account_count": 18000,
    "amount_max": 10,
    "amount_min": 1,
    "hotspot_probability": 0.5,
    "hotspot_size": 20,
    "initial_checking": 100000,
    "initial_savings": 100000
  },
  "validation": {
    "account_count_ok": true,
    "checking_count_ok": true,
    "ok": true,
    "post_total_funds": 3600554869,
    "pre_total_funds": 3600000000,
    "savings_count_ok": true,
    "total_funds_delta": 554869
  }
}