{
  "metadata": {
    "allocation": {
      "amalgamate": "SSI",
      "balance": "SSI",
      "deposit_checking": "SSI",
      "transact_savings": "SSI",
      "write_check": "SSI"
    },
    "elapsed_wall_seconds": 91.00829779100604,
    "host": "MacBook-Pro-86.local",
    "hotspot_probability": 0.9,
    "measurement_seconds": 60.0,
    "mpl": 64,
    "policy": "ssi",
    "python": "3.11.3",
    "raw_path": "results/main/raw/20260516T124937.980583+0000_ssi_mpl64_bounded_3_p0p9_r5.json",
    "repeat": 5,
    "retry_limit": 3,
    "retry_model": "bounded_3",
    "seed": 3996,
    "timestamp_utc": "2026-05-16T12:49:37.980583+00:00",
    "warmup_seconds": 30.0
  },
  "metrics": {
    "abort_rate_pct": 34.164551316108806,
    "abort_reasons": {
      "concurrent_update": 181821,
      "dangerous_structure": 26524
    },
    "aborts": 208345,
    "attempted_tps": 10163.8,
    "attempts": 609828,
    "by_isolation": {
      "SSI": {
        "aborts": 208345,
        "attempts": 609828,
        "committed": 401483,
        "errors": 17255
      }
    },
    "by_transaction": {
      "amalgamate": {
        "aborts": 96631,
        "attempts": 168953,
        "committed": 72322,
        "errors": 11077
      },
      "balance": {
        "aborts": 1289,
        "attempts": 84973,
        "committed": 83684,
        "errors": 50
      },
      "deposit_checking": {
        "aborts": 25626,
        "attempts": 108873,
        "committed": 83247,
        "errors": 561
      },
      "transact_savings": {
        "aborts": 23870,
        "attempts": 107418,
        "committed": 83548,
        "errors": 509
      },
      "write_check": {
        "aborts": 60929,
        "attempts": 139611,
        "committed": 78682,
        "errors": 5058
      }
    },
    "committed": 401483,
    "committed_tps": 6691.383333333333,
    "error_rate_pct": 4.1207151010894645,
    "errors": 17255,
    "latency": {
      "count": 418738,
      "mean_ms": 9.164245562130715,
      "p50_ms": 2.679458004422486,
      "p95_ms": 27.12107116822153
    },
    "latency_max_ms": 420.06112495437264,
    "latency_min_ms": 0.1550420420244336,
    "observed_tps": 6978.966666666666
  },
  "post_snapshot": {
    "account_count": 18000,
    "checking_count": 18000,
    "checking_total": 2723530490,
    "savings_count": 18000,
    "savings_total": 877251609,
    "total_funds": 3600782099
  },
  "pre_snapshot": {
    "account_count": 18000,
    "checking_count": 18000,
    "checking_total": 1800000000,
    "savings_count": 18000,
    "savings_total": 1800000000,
    "total_funds": 3600000000
  },
  "smallbank": {
    "account_count": 18000,
    "amount_max": 10,
    "amount_min": 1,
    "hotspot_probability": 0.9,
    "hotspot_size": 20,
    "initial_checking": 100000,
    "initial_savings": 100000
  },
  "validation": {
    "account_count_ok": true,
    "checking_count_ok": true,
    "ok": true,
    "post_total_funds": 3600782099,
    "pre_total_funds": 3600000000,
    "savings_count_ok": true,
    "total_funds_delta": 782099
  }
}