{
  "metadata": {
    "allocation": {
      "amalgamate": "SSI",
      "balance": "SSI",
      "deposit_checking": "RC",
      "transact_savings": "SSI",
      "write_check": "SSI"
    },
    "elapsed_wall_seconds": 91.01757441693917,
    "host": "MacBook-Pro-86.local",
    "hotspot_probability": 0.5,
    "measurement_seconds": 60.0,
    "mpl": 64,
    "policy": "mixed_robust",
    "python": "3.11.3",
    "raw_path": "results/main/raw/20260516T190936.388485+0000_mixed_robust_mpl64_bounded_10_p0p5_r5.json",
    "repeat": 5,
    "retry_limit": 10,
    "retry_model": "bounded_10",
    "seed": 3996,
    "timestamp_utc": "2026-05-16T19:09:36.388485+00:00",
    "warmup_seconds": 30.0
  },
  "metrics": {
    "abort_rate_pct": 16.108520089953362,
    "abort_reasons": {
      "concurrent_update": 51838,
      "dangerous_structure": 6326
    },
    "aborts": 58164,
    "attempted_tps": 6017.933333333333,
    "attempts": 361076,
    "by_isolation": {
      "RC": {
        "aborts": 0,
        "attempts": 60769,
        "committed": 60769,
        "errors": 0
      },
      "SSI": {
        "aborts": 58164,
        "attempts": 300307,
        "committed": 242143,
        "errors": 189
      }
    },
    "by_transaction": {
      "amalgamate": {
        "aborts": 31006,
        "attempts": 91708,
        "committed": 60702,
        "errors": 111
      },
      "balance": {
        "aborts": 627,
        "attempts": 61164,
        "committed": 60537,
        "errors": 15
      },
      "deposit_checking": {
        "aborts": 0,
        "attempts": 60769,
        "committed": 60769,
        "errors": 0
      },
      "transact_savings": {
        "aborts": 8061,
        "attempts": 68579,
        "committed": 60518,
        "errors": 15
      },
      "write_check": {
        "aborts": 18470,
        "attempts": 78856,
        "committed": 60386,
        "errors": 48
      }
    },
    "committed": 302912,
    "committed_tps": 5048.533333333334,
    "error_rate_pct": 0.06235545247293806,
    "errors": 189,
    "latency": {
      "count": 303101,
      "mean_ms": 12.665166121405544,
      "p50_ms": 1.9686039886437356,
      "p95_ms": 73.43275479506693
    },
    "latency_max_ms": 543.9591669710353,
    "latency_min_ms": 0.1861249329522252,
    "observed_tps": 5051.683333333333
  },
  "post_snapshot": {
    "account_count": 18000,
    "checking_count": 18000,
    "checking_total": 3454310597,
    "savings_count": 18000,
    "savings_total": 146191662,
    "total_funds": 3600502259
  },
  "pre_snapshot": {
    "account_count": 18000,
    "checking_count": 18000,
    "checking_total": 1800000000,
    "savings_count": 18000,
    "savings_total": 1800000000,
    "total_funds": 3600000000
  },
  "smallbank": {
    "account_count": 18000,
    "amount_max": 10,
    "amount_min": 1,
    "hotspot_probability": 0.5,
    "hotspot_size": 20,
    "initial_checking": 100000,
    "initial_savings": 100000
  },
  "validation": {
    "account_count_ok": true,
    "checking_count_ok": true,
    "ok": true,
    "post_total_funds": 3600502259,
    "pre_total_funds": 3600000000,
    "savings_count_ok": true,
    "total_funds_delta": 502259
  }
}