{
  "metadata": {
    "allocation": {
      "amalgamate": "SSI",
      "balance": "SSI",
      "deposit_checking": "RC",
      "transact_savings": "SSI",
      "write_check": "SSI"
    },
    "elapsed_wall_seconds": 90.71399787499104,
    "host": "MacBook-Pro-86.local",
    "hotspot_probability": 0.5,
    "measurement_seconds": 60.0,
    "mpl": 32,
    "policy": "mixed_robust",
    "python": "3.11.3",
    "raw_path": "results/main/raw/20260516T173631.019712+0000_mixed_robust_mpl32_bounded_10_p0p5_r4.json",
    "repeat": 4,
    "retry_limit": 10,
    "retry_model": "bounded_10",
    "seed": 3995,
    "timestamp_utc": "2026-05-16T17:36:31.019712+00:00",
    "warmup_seconds": 30.0
  },
  "metrics": {
    "abort_rate_pct": 13.151315400373141,
    "abort_reasons": {
      "concurrent_update": 44210,
      "dangerous_structure": 4710
    },
    "aborts": 48920,
    "attempted_tps": 6199.633333333333,
    "attempts": 371978,
    "by_isolation": {
      "RC": {
        "aborts": 0,
        "attempts": 64575,
        "committed": 64575,
        "errors": 0
      },
      "SSI": {
        "aborts": 48920,
        "attempts": 307403,
        "committed": 258483,
        "errors": 119
      }
    },
    "by_transaction": {
      "amalgamate": {
        "aborts": 26647,
        "attempts": 91021,
        "committed": 64374,
        "errors": 72
      },
      "balance": {
        "aborts": 512,
        "attempts": 65210,
        "committed": 64698,
        "errors": 12
      },
      "deposit_checking": {
        "aborts": 0,
        "attempts": 64575,
        "committed": 64575,
        "errors": 0
      },
      "transact_savings": {
        "aborts": 6373,
        "attempts": 71147,
        "committed": 64774,
        "errors": 7
      },
      "write_check": {
        "aborts": 15388,
        "attempts": 80025,
        "committed": 64637,
        "errors": 28
      }
    },
    "committed": 323058,
    "committed_tps": 5384.3,
    "error_rate_pct": 0.03682192730299495,
    "errors": 119,
    "latency": {
      "count": 323177,
      "mean_ms": 5.930132775847534,
      "p50_ms": 1.785250031389296,
      "p95_ms": 24.326898582512502
    },
    "latency_max_ms": 427.5145409628749,
    "latency_min_ms": 0.15241699293255806,
    "observed_tps": 5386.283333333334
  },
  "post_snapshot": {
    "account_count": 18000,
    "checking_count": 18000,
    "checking_total": 3485342730,
    "savings_count": 18000,
    "savings_total": 115192650,
    "total_funds": 3600535380
  },
  "pre_snapshot": {
    "account_count": 18000,
    "checking_count": 18000,
    "checking_total": 1800000000,
    "savings_count": 18000,
    "savings_total": 1800000000,
    "total_funds": 3600000000
  },
  "smallbank": {
    "account_count": 18000,
    "amount_max": 10,
    "amount_min": 1,
    "hotspot_probability": 0.5,
    "hotspot_size": 20,
    "initial_checking": 100000,
    "initial_savings": 100000
  },
  "validation": {
    "account_count_ok": true,
    "checking_count_ok": true,
    "ok": true,
    "post_total_funds": 3600535380,
    "pre_total_funds": 3600000000,
    "savings_count_ok": true,
    "total_funds_delta": 535380
  }
}