{
  "metadata": {
    "allocation": {
      "amalgamate": "SI",
      "balance": "SI",
      "deposit_checking": "SI",
      "transact_savings": "SI",
      "write_check": "SI"
    },
    "elapsed_wall_seconds": 90.75936737493612,
    "host": "MacBook-Pro-86.local",
    "hotspot_probability": 0.1,
    "measurement_seconds": 60.0,
    "mpl": 32,
    "policy": "si",
    "python": "3.11.3",
    "raw_path": "results/main/raw/20260516T045016.871184+0000_si_mpl32_bounded_10_p0p1_r4.json",
    "repeat": 4,
    "retry_limit": 10,
    "retry_model": "bounded_10",
    "seed": 3995,
    "timestamp_utc": "2026-05-16T04:50:16.871184+00:00",
    "warmup_seconds": 30.0
  },
  "metrics": {
    "abort_rate_pct": 0.7350500830942155,
    "abort_reasons": {
      "concurrent_update": 6002
    },
    "aborts": 6002,
    "attempted_tps": 13609.05,
    "attempts": 816543,
    "by_isolation": {
      "SI": {
        "aborts": 6002,
        "attempts": 816543,
        "committed": 810541,
        "errors": 0
      }
    },
    "by_transaction": {
      "amalgamate": {
        "aborts": 2656,
        "attempts": 164731,
        "committed": 162075,
        "errors": 0
      },
      "balance": {
        "aborts": 0,
        "attempts": 161674,
        "committed": 161674,
        "errors": 0
      },
      "deposit_checking": {
        "aborts": 872,
        "attempts": 162555,
        "committed": 161683,
        "errors": 0
      },
      "transact_savings": {
        "aborts": 791,
        "attempts": 164165,
        "committed": 163374,
        "errors": 0
      },
      "write_check": {
        "aborts": 1683,
        "attempts": 163418,
        "committed": 161735,
        "errors": 0
      }
    },
    "committed": 810541,
    "committed_tps": 13509.016666666666,
    "error_rate_pct": 0.0,
    "errors": 0,
    "latency": {
      "count": 810541,
      "mean_ms": 2.356648065634068,
      "p50_ms": 1.8916454864665866,
      "p95_ms": 3.736254182877019
    },
    "latency_max_ms": 258.6352499201894,
    "latency_min_ms": 0.17920800019055605,
    "observed_tps": 13509.016666666666
  },
  "post_snapshot": {
    "account_count": 18000,
    "checking_count": 18000,
    "checking_total": 3601063108,
    "savings_count": 18000,
    "savings_total": 199120,
    "total_funds": 3601262228
  },
  "pre_snapshot": {
    "account_count": 18000,
    "checking_count": 18000,
    "checking_total": 1800000000,
    "savings_count": 18000,
    "savings_total": 1800000000,
    "total_funds": 3600000000
  },
  "smallbank": {
    "account_count": 18000,
    "amount_max": 10,
    "amount_min": 1,
    "hotspot_probability": 0.1,
    "hotspot_size": 20,
    "initial_checking": 100000,
    "initial_savings": 100000
  },
  "validation": {
    "account_count_ok": true,
    "checking_count_ok": true,
    "ok": true,
    "post_total_funds": 3601262228,
    "pre_total_funds": 3600000000,
    "savings_count_ok": true,
    "total_funds_delta": 1262228
  }
}