{
  "metadata": {
    "allocation": {
      "amalgamate": "SI",
      "balance": "SI",
      "deposit_checking": "SI",
      "transact_savings": "SI",
      "write_check": "SI"
    },
    "elapsed_wall_seconds": 90.68002679105848,
    "host": "MacBook-Pro-86.local",
    "hotspot_probability": 0.5,
    "measurement_seconds": 60.0,
    "mpl": 32,
    "policy": "si",
    "python": "3.11.3",
    "raw_path": "results/main/raw/20260516T040739.233758+0000_si_mpl32_bounded_1_p0p5_r1.json",
    "repeat": 1,
    "retry_limit": 1,
    "retry_model": "bounded_1",
    "seed": 3992,
    "timestamp_utc": "2026-05-16T04:07:39.233758+00:00",
    "warmup_seconds": 30.0
  },
  "metrics": {
    "abort_rate_pct": 12.591588814845519,
    "abort_reasons": {
      "concurrent_update": 78982
    },
    "aborts": 78982,
    "attempted_tps": 10454.333333333334,
    "attempts": 627260,
    "by_isolation": {
      "SI": {
        "aborts": 78982,
        "attempts": 627260,
        "committed": 548278,
        "errors": 19184
      }
    },
    "by_transaction": {
      "amalgamate": {
        "aborts": 35521,
        "attempts": 138318,
        "committed": 102797,
        "errors": 10337
      },
      "balance": {
        "aborts": 0,
        "attempts": 113281,
        "committed": 113281,
        "errors": 0
      },
      "deposit_checking": {
        "aborts": 11524,
        "attempts": 123235,
        "committed": 111711,
        "errors": 1640
      },
      "transact_savings": {
        "aborts": 10300,
        "attempts": 122741,
        "committed": 112441,
        "errors": 1570
      },
      "write_check": {
        "aborts": 21637,
        "attempts": 129685,
        "committed": 108048,
        "errors": 5637
      }
    },
    "committed": 548278,
    "committed_tps": 9137.966666666667,
    "error_rate_pct": 3.3806668992813615,
    "errors": 19184,
    "latency": {
      "count": 567462,
      "mean_ms": 3.3723385866880142,
      "p50_ms": 1.826770487241447,
      "p95_ms": 5.415852396981789
    },
    "latency_max_ms": 372.0035420265049,
    "latency_min_ms": 0.1842080382630229,
    "observed_tps": 9457.7
  },
  "post_snapshot": {
    "account_count": 18000,
    "checking_count": 18000,
    "checking_total": 3588335460,
    "savings_count": 18000,
    "savings_total": 12702974,
    "total_funds": 3601038434
  },
  "pre_snapshot": {
    "account_count": 18000,
    "checking_count": 18000,
    "checking_total": 1800000000,
    "savings_count": 18000,
    "savings_total": 1800000000,
    "total_funds": 3600000000
  },
  "smallbank": {
    "account_count": 18000,
    "amount_max": 10,
    "amount_min": 1,
    "hotspot_probability": 0.5,
    "hotspot_size": 20,
    "initial_checking": 100000,
    "initial_savings": 100000
  },
  "validation": {
    "account_count_ok": true,
    "checking_count_ok": true,
    "ok": true,
    "post_total_funds": 3601038434,
    "pre_total_funds": 3600000000,
    "savings_count_ok": true,
    "total_funds_delta": 1038434
  }
}