{
  "metadata": {
    "allocation": {
      "amalgamate": "SI",
      "balance": "SI",
      "deposit_checking": "SI",
      "transact_savings": "SI",
      "write_check": "SI"
    },
    "elapsed_wall_seconds": 90.66212674998678,
    "host": "MacBook-Pro-86.local",
    "hotspot_probability": 0.5,
    "measurement_seconds": 60.0,
    "mpl": 32,
    "policy": "si",
    "python": "3.11.3",
    "raw_path": "results/main/raw/20260516T041042.105856+0000_si_mpl32_bounded_1_p0p5_r3.json",
    "repeat": 3,
    "retry_limit": 1,
    "retry_model": "bounded_1",
    "seed": 3994,
    "timestamp_utc": "2026-05-16T04:10:42.105856+00:00",
    "warmup_seconds": 30.0
  },
  "metrics": {
    "abort_rate_pct": 12.310355148943923,
    "abort_reasons": {
      "concurrent_update": 47297
    },
    "aborts": 47297,
    "attempted_tps": 6403.416666666667,
    "attempts": 384205,
    "by_isolation": {
      "SI": {
        "aborts": 47297,
        "attempts": 384205,
        "committed": 336908,
        "errors": 11534
      }
    },
    "by_transaction": {
      "amalgamate": {
        "aborts": 21505,
        "attempts": 84698,
        "committed": 63193,
        "errors": 6246
      },
      "balance": {
        "aborts": 0,
        "attempts": 69867,
        "committed": 69867,
        "errors": 0
      },
      "deposit_checking": {
        "aborts": 6791,
        "attempts": 75506,
        "committed": 68715,
        "errors": 963
      },
      "transact_savings": {
        "aborts": 6302,
        "attempts": 74907,
        "committed": 68605,
        "errors": 951
      },
      "write_check": {
        "aborts": 12699,
        "attempts": 79227,
        "committed": 66528,
        "errors": 3374
      }
    },
    "committed": 336908,
    "committed_tps": 5615.133333333333,
    "error_rate_pct": 3.3101635279329127,
    "errors": 11534,
    "latency": {
      "count": 348442,
      "mean_ms": 5.5001396985979625,
      "p50_ms": 1.8432289944030344,
      "p95_ms": 23.100756976054985
    },
    "latency_max_ms": 279.63279210962355,
    "latency_min_ms": 0.1930830767378211,
    "observed_tps": 5807.366666666667
  },
  "post_snapshot": {
    "account_count": 18000,
    "checking_count": 18000,
    "checking_total": 3489290384,
    "savings_count": 18000,
    "savings_total": 111298693,
    "total_funds": 3600589077
  },
  "pre_snapshot": {
    "account_count": 18000,
    "checking_count": 18000,
    "checking_total": 1800000000,
    "savings_count": 18000,
    "savings_total": 1800000000,
    "total_funds": 3600000000
  },
  "smallbank": {
    "account_count": 18000,
    "amount_max": 10,
    "amount_min": 1,
    "hotspot_probability": 0.5,
    "hotspot_size": 20,
    "initial_checking": 100000,
    "initial_savings": 100000
  },
  "validation": {
    "account_count_ok": true,
    "checking_count_ok": true,
    "ok": true,
    "post_total_funds": 3600589077,
    "pre_total_funds": 3600000000,
    "savings_count_ok": true,
    "total_funds_delta": 589077
  }
}