{
  "metadata": {
    "allocation": {
      "amalgamate": "SSI",
      "balance": "SSI",
      "deposit_checking": "RC",
      "transact_savings": "SSI",
      "write_check": "SSI"
    },
    "elapsed_wall_seconds": 91.04281458293553,
    "host": "MacBook-Pro-86.local",
    "hotspot_probability": 0.9,
    "measurement_seconds": 60.0,
    "mpl": 64,
    "policy": "mixed_robust",
    "python": "3.11.3",
    "raw_path": "results/main/raw/20260516T185420.270122+0000_mixed_robust_mpl64_bounded_3_p0p9_r5.json",
    "repeat": 5,
    "retry_limit": 3,
    "retry_model": "bounded_3",
    "seed": 3996,
    "timestamp_utc": "2026-05-16T18:54:20.270122+00:00",
    "warmup_seconds": 30.0
  },
  "metrics": {
    "abort_rate_pct": 32.35694272579808,
    "abort_reasons": {
      "concurrent_update": 222703,
      "dangerous_structure": 29631
    },
    "aborts": 252334,
    "attempted_tps": 12997.416666666666,
    "attempts": 779845,
    "by_isolation": {
      "RC": {
        "aborts": 0,
        "attempts": 110419,
        "committed": 110419,
        "errors": 0
      },
      "SSI": {
        "aborts": 252334,
        "attempts": 669426,
        "committed": 417092,
        "errors": 23463
      }
    },
    "by_transaction": {
      "amalgamate": {
        "aborts": 134550,
        "attempts": 228165,
        "committed": 93615,
        "errors": 16046
      },
      "balance": {
        "aborts": 2337,
        "attempts": 112382,
        "committed": 110045,
        "errors": 95
      },
      "deposit_checking": {
        "aborts": 0,
        "attempts": 110419,
        "committed": 110419,
        "errors": 0
      },
      "transact_savings": {
        "aborts": 34416,
        "attempts": 144029,
        "committed": 109613,
        "errors": 862
      },
      "write_check": {
        "aborts": 81031,
        "attempts": 184850,
        "committed": 103819,
        "errors": 6460
      }
    },
    "committed": 527511,
    "committed_tps": 8791.85,
    "error_rate_pct": 4.258458656851322,
    "errors": 23463,
    "latency": {
      "count": 550974,
      "mean_ms": 6.961477122189649,
      "p50_ms": 2.4005210143513978,
      "p95_ms": 27.061720209894695
    },
    "latency_max_ms": 206.08129200991243,
    "latency_min_ms": 0.1627500168979168,
    "observed_tps": 9182.9
  },
  "post_snapshot": {
    "account_count": 18000,
    "checking_count": 18000,
    "checking_total": 2847293389,
    "savings_count": 18000,
    "savings_total": 753658645,
    "total_funds": 3600952034
  },
  "pre_snapshot": {
    "account_count": 18000,
    "checking_count": 18000,
    "checking_total": 1800000000,
    "savings_count": 18000,
    "savings_total": 1800000000,
    "total_funds": 3600000000
  },
  "smallbank": {
    "account_count": 18000,
    "amount_max": 10,
    "amount_min": 1,
    "hotspot_probability": 0.9,
    "hotspot_size": 20,
    "initial_checking": 100000,
    "initial_savings": 100000
  },
  "validation": {
    "account_count_ok": true,
    "checking_count_ok": true,
    "ok": true,
    "post_total_funds": 3600952034,
    "pre_total_funds": 3600000000,
    "savings_count_ok": true,
    "total_funds_delta": 952034
  }
}