{
  "metadata": {
    "allocation": {
      "amalgamate": "SI",
      "balance": "SI",
      "deposit_checking": "SI",
      "transact_savings": "SI",
      "write_check": "SI"
    },
    "elapsed_wall_seconds": 90.75512004108168,
    "host": "MacBook-Pro-86.local",
    "hotspot_probability": 0.9,
    "measurement_seconds": 60.0,
    "mpl": 32,
    "policy": "si",
    "python": "3.11.3",
    "raw_path": "results/main/raw/20260516T050228.022906+0000_si_mpl32_bounded_10_p0p9_r2.json",
    "repeat": 2,
    "retry_limit": 10,
    "retry_model": "bounded_10",
    "seed": 3993,
    "timestamp_utc": "2026-05-16T05:02:28.022906+00:00",
    "warmup_seconds": 30.0
  },
  "metrics": {
    "abort_rate_pct": 32.760772983728096,
    "abort_reasons": {
      "concurrent_update": 120196
    },
    "aborts": 120196,
    "attempted_tps": 6114.833333333333,
    "attempts": 366890,
    "by_isolation": {
      "SI": {
        "aborts": 120196,
        "attempts": 366890,
        "committed": 246694,
        "errors": 637
      }
    },
    "by_transaction": {
      "amalgamate": {
        "aborts": 63675,
        "attempts": 112315,
        "committed": 48640,
        "errors": 555
      },
      "balance": {
        "aborts": 0,
        "attempts": 49491,
        "committed": 49491,
        "errors": 0
      },
      "deposit_checking": {
        "aborts": 12942,
        "attempts": 62517,
        "committed": 49575,
        "errors": 0
      },
      "transact_savings": {
        "aborts": 11577,
        "attempts": 61064,
        "committed": 49487,
        "errors": 2
      },
      "write_check": {
        "aborts": 32002,
        "attempts": 81503,
        "committed": 49501,
        "errors": 80
      }
    },
    "committed": 246694,
    "committed_tps": 4111.566666666667,
    "error_rate_pct": 0.25754959952452383,
    "errors": 637,
    "latency": {
      "count": 247331,
      "mean_ms": 7.755108024381008,
      "p50_ms": 1.7072499613277614,
      "p95_ms": 36.24896670226007
    },
    "latency_max_ms": 437.8115420695394,
    "latency_min_ms": 0.15104201156646013,
    "observed_tps": 4122.183333333333
  },
  "post_snapshot": {
    "account_count": 18000,
    "checking_count": 18000,
    "checking_total": 2411372748,
    "savings_count": 18000,
    "savings_total": 1189032880,
    "total_funds": 3600405628
  },
  "pre_snapshot": {
    "account_count": 18000,
    "checking_count": 18000,
    "checking_total": 1800000000,
    "savings_count": 18000,
    "savings_total": 1800000000,
    "total_funds": 3600000000
  },
  "smallbank": {
    "account_count": 18000,
    "amount_max": 10,
    "amount_min": 1,
    "hotspot_probability": 0.9,
    "hotspot_size": 20,
    "initial_checking": 100000,
    "initial_savings": 100000
  },
  "validation": {
    "account_count_ok": true,
    "checking_count_ok": true,
    "ok": true,
    "post_total_funds": 3600405628,
    "pre_total_funds": 3600000000,
    "savings_count_ok": true,
    "total_funds_delta": 405628
  }
}