{
  "metadata": {
    "allocation": {
      "amalgamate": "SSI",
      "balance": "SSI",
      "deposit_checking": "SSI",
      "transact_savings": "SSI",
      "write_check": "SSI"
    },
    "elapsed_wall_seconds": 90.32122670800891,
    "host": "MacBook-Pro-86.local",
    "hotspot_probability": 0.9,
    "measurement_seconds": 60.0,
    "mpl": 8,
    "policy": "ssi",
    "python": "3.11.3",
    "raw_path": "results/main/raw/20260516T085342.943886+0000_ssi_mpl8_bounded_1_p0p9_r4.json",
    "repeat": 4,
    "retry_limit": 1,
    "retry_model": "bounded_1",
    "seed": 3995,
    "timestamp_utc": "2026-05-16T08:53:42.943886+00:00",
    "warmup_seconds": 30.0
  },
  "metrics": {
    "abort_rate_pct": 11.485268772158696,
    "abort_reasons": {
      "concurrent_update": 38793,
      "dangerous_structure": 2057
    },
    "aborts": 40850,
    "attempted_tps": 5927.883333333333,
    "attempts": 355673,
    "by_isolation": {
      "SSI": {
        "aborts": 40850,
        "attempts": 355673,
        "committed": 314823,
        "errors": 6362
      }
    },
    "by_transaction": {
      "amalgamate": {
        "aborts": 18591,
        "attempts": 79007,
        "committed": 60416,
        "errors": 3886
      },
      "balance": {
        "aborts": 208,
        "attempts": 64204,
        "committed": 63996,
        "errors": 9
      },
      "deposit_checking": {
        "aborts": 6005,
        "attempts": 69832,
        "committed": 63827,
        "errors": 402
      },
      "transact_savings": {
        "aborts": 5285,
        "attempts": 69554,
        "committed": 64269,
        "errors": 384
      },
      "write_check": {
        "aborts": 10761,
        "attempts": 73076,
        "committed": 62315,
        "errors": 1681
      }
    },
    "committed": 314823,
    "committed_tps": 5247.05,
    "error_rate_pct": 1.980789887448044,
    "errors": 6362,
    "latency": {
      "count": 321185,
      "mean_ms": 1.4855816634860466,
      "p50_ms": 0.6335835205391049,
      "p95_ms": 5.89049720438197
    },
    "latency_max_ms": 122.0550840953365,
    "latency_min_ms": 0.13637496158480644,
    "observed_tps": 5353.083333333333
  },
  "post_snapshot": {
    "account_count": 18000,
    "checking_count": 18000,
    "checking_total": 2545302302,
    "savings_count": 18000,
    "savings_total": 1055241835,
    "total_funds": 3600544137
  },
  "pre_snapshot": {
    "account_count": 18000,
    "checking_count": 18000,
    "checking_total": 1800000000,
    "savings_count": 18000,
    "savings_total": 1800000000,
    "total_funds": 3600000000
  },
  "smallbank": {
    "account_count": 18000,
    "amount_max": 10,
    "amount_min": 1,
    "hotspot_probability": 0.9,
    "hotspot_size": 20,
    "initial_checking": 100000,
    "initial_savings": 100000
  },
  "validation": {
    "account_count_ok": true,
    "checking_count_ok": true,
    "ok": true,
    "post_total_funds": 3600544137,
    "pre_total_funds": 3600000000,
    "savings_count_ok": true,
    "total_funds_delta": 544137
  }
}