{
  "metadata": {
    "allocation": {
      "amalgamate": "SI",
      "balance": "SI",
      "deposit_checking": "SI",
      "transact_savings": "SI",
      "write_check": "SI"
    },
    "elapsed_wall_seconds": 90.77548624994233,
    "host": "MacBook-Pro-86.local",
    "hotspot_probability": 0.9,
    "measurement_seconds": 60.0,
    "mpl": 32,
    "policy": "si",
    "python": "3.11.3",
    "raw_path": "results/main/raw/20260516T052650.301672+0000_si_mpl32_unbounded_p0p9_r3.json",
    "repeat": 3,
    "retry_limit": null,
    "retry_model": "unbounded",
    "seed": 3994,
    "timestamp_utc": "2026-05-16T05:26:50.301672+00:00",
    "warmup_seconds": 30.0
  },
  "metrics": {
    "abort_rate_pct": 33.616582274171755,
    "abort_reasons": {
      "concurrent_update": 227118
    },
    "aborts": 227118,
    "attempted_tps": 11260.216666666667,
    "attempts": 675613,
    "by_isolation": {
      "SI": {
        "aborts": 227118,
        "attempts": 675613,
        "committed": 448495,
        "errors": 0
      }
    },
    "by_transaction": {
      "amalgamate": {
        "aborts": 123451,
        "attempts": 212860,
        "committed": 89409,
        "errors": 0
      },
      "balance": {
        "aborts": 0,
        "attempts": 89332,
        "committed": 89332,
        "errors": 0
      },
      "deposit_checking": {
        "aborts": 23121,
        "attempts": 112818,
        "committed": 89697,
        "errors": 0
      },
      "transact_savings": {
        "aborts": 21190,
        "attempts": 111459,
        "committed": 90269,
        "errors": 0
      },
      "write_check": {
        "aborts": 59356,
        "attempts": 149144,
        "committed": 89788,
        "errors": 0
      }
    },
    "committed": 448495,
    "committed_tps": 7474.916666666667,
    "error_rate_pct": 0.0,
    "errors": 0,
    "latency": {
      "count": 448495,
      "mean_ms": 4.268766568436633,
      "p50_ms": 1.89339549979195,
      "p95_ms": 21.28913963097147
    },
    "latency_max_ms": 426.6182080609724,
    "latency_min_ms": 0.1360420137643814,
    "observed_tps": 7474.916666666667
  },
  "post_snapshot": {
    "account_count": 18000,
    "checking_count": 18000,
    "checking_total": 2668006130,
    "savings_count": 18000,
    "savings_total": 932647705,
    "total_funds": 3600653835
  },
  "pre_snapshot": {
    "account_count": 18000,
    "checking_count": 18000,
    "checking_total": 1800000000,
    "savings_count": 18000,
    "savings_total": 1800000000,
    "total_funds": 3600000000
  },
  "smallbank": {
    "account_count": 18000,
    "amount_max": 10,
    "amount_min": 1,
    "hotspot_probability": 0.9,
    "hotspot_size": 20,
    "initial_checking": 100000,
    "initial_savings": 100000
  },
  "validation": {
    "account_count_ok": true,
    "checking_count_ok": true,
    "ok": true,
    "post_total_funds": 3600653835,
    "pre_total_funds": 3600000000,
    "savings_count_ok": true,
    "total_funds_delta": 653835
  }
}