{
  "metadata": {
    "allocation": {
      "amalgamate": "SSI",
      "balance": "SSI",
      "deposit_checking": "SSI",
      "transact_savings": "SSI",
      "write_check": "SSI"
    },
    "elapsed_wall_seconds": 90.72247787495144,
    "host": "MacBook-Pro-86.local",
    "hotspot_probability": 0.5,
    "measurement_seconds": 60.0,
    "mpl": 32,
    "policy": "ssi",
    "python": "3.11.3",
    "raw_path": "results/main/raw/20260516T113318.746554+0000_ssi_mpl32_bounded_10_p0p5_r5.json",
    "repeat": 5,
    "retry_limit": 10,
    "retry_model": "bounded_10",
    "seed": 3996,
    "timestamp_utc": "2026-05-16T11:33:18.746554+00:00",
    "warmup_seconds": 30.0
  },
  "metrics": {
    "abort_rate_pct": 14.876606914805263,
    "abort_reasons": {
      "concurrent_update": 49130,
      "dangerous_structure": 5503
    },
    "aborts": 54633,
    "attempted_tps": 6120.683333333333,
    "attempts": 367241,
    "by_isolation": {
      "SSI": {
        "aborts": 54633,
        "attempts": 367241,
        "committed": 312608,
        "errors": 127
      }
    },
    "by_transaction": {
      "amalgamate": {
        "aborts": 25649,
        "attempts": 88050,
        "committed": 62401,
        "errors": 64
      },
      "balance": {
        "aborts": 431,
        "attempts": 62984,
        "committed": 62553,
        "errors": 10
      },
      "deposit_checking": {
        "aborts": 6469,
        "attempts": 68957,
        "committed": 62488,
        "errors": 12
      },
      "transact_savings": {
        "aborts": 5995,
        "attempts": 68410,
        "committed": 62415,
        "errors": 9
      },
      "write_check": {
        "aborts": 16089,
        "attempts": 78840,
        "committed": 62751,
        "errors": 32
      }
    },
    "committed": 312608,
    "committed_tps": 5210.133333333333,
    "error_rate_pct": 0.04060946168481302,
    "errors": 127,
    "latency": {
      "count": 312735,
      "mean_ms": 6.129249341549961,
      "p50_ms": 1.7690204549580812,
      "p95_ms": 25.306625000666823
    },
    "latency_max_ms": 357.30762500315905,
    "latency_min_ms": 0.15887501649558544,
    "observed_tps": 5212.25
  },
  "post_snapshot": {
    "account_count": 18000,
    "checking_count": 18000,
    "checking_total": 3533137793,
    "savings_count": 18000,
    "savings_total": 67495824,
    "total_funds": 3600633617
  },
  "pre_snapshot": {
    "account_count": 18000,
    "checking_count": 18000,
    "checking_total": 1800000000,
    "savings_count": 18000,
    "savings_total": 1800000000,
    "total_funds": 3600000000
  },
  "smallbank": {
    "account_count": 18000,
    "amount_max": 10,
    "amount_min": 1,
    "hotspot_probability": 0.5,
    "hotspot_size": 20,
    "initial_checking": 100000,
    "initial_savings": 100000
  },
  "validation": {
    "account_count_ok": true,
    "checking_count_ok": true,
    "ok": true,
    "post_total_funds": 3600633617,
    "pre_total_funds": 3600000000,
    "savings_count_ok": true,
    "total_funds_delta": 633617
  }
}