{
  "metadata": {
    "allocation": {
      "amalgamate": "SI",
      "balance": "SI",
      "deposit_checking": "SI",
      "transact_savings": "SI",
      "write_check": "SI"
    },
    "elapsed_wall_seconds": 91.32127995893825,
    "host": "MacBook-Pro-86.local",
    "hotspot_probability": 0.5,
    "measurement_seconds": 60.0,
    "mpl": 64,
    "policy": "si",
    "python": "3.11.3",
    "raw_path": "results/main/raw/20260516T060637.442565+0000_si_mpl64_bounded_3_p0p5_r4.json",
    "repeat": 4,
    "retry_limit": 3,
    "retry_model": "bounded_3",
    "seed": 3995,
    "timestamp_utc": "2026-05-16T06:06:37.442565+00:00",
    "warmup_seconds": 30.0
  },
  "metrics": {
    "abort_rate_pct": 22.727622250360124,
    "abort_reasons": {
      "concurrent_update": 88670
    },
    "aborts": 88670,
    "attempted_tps": 6502.366666666667,
    "attempts": 390142,
    "by_isolation": {
      "SI": {
        "aborts": 88670,
        "attempts": 390142,
        "committed": 301472,
        "errors": 7732
      }
    },
    "by_transaction": {
      "amalgamate": {
        "aborts": 42194,
        "attempts": 99295,
        "committed": 57101,
        "errors": 4809
      },
      "balance": {
        "aborts": 0,
        "attempts": 61681,
        "committed": 61681,
        "errors": 0
      },
      "deposit_checking": {
        "aborts": 11756,
        "attempts": 73480,
        "committed": 61724,
        "errors": 366
      },
      "transact_savings": {
        "aborts": 11057,
        "attempts": 72597,
        "committed": 61540,
        "errors": 365
      },
      "write_check": {
        "aborts": 23663,
        "attempts": 83089,
        "committed": 59426,
        "errors": 2192
      }
    },
    "committed": 301472,
    "committed_tps": 5024.533333333334,
    "error_rate_pct": 2.500614481054579,
    "errors": 7732,
    "latency": {
      "count": 309204,
      "mean_ms": 12.420548154198563,
      "p50_ms": 2.7508329949341714,
      "p95_ms": 64.6562985144555
    },
    "latency_max_ms": 465.96379205584526,
    "latency_min_ms": 0.16408308874815702,
    "observed_tps": 5153.4
  },
  "post_snapshot": {
    "account_count": 18000,
    "checking_count": 18000,
    "checking_total": 3449132508,
    "savings_count": 18000,
    "savings_total": 151395243,
    "total_funds": 3600527751
  },
  "pre_snapshot": {
    "account_count": 18000,
    "checking_count": 18000,
    "checking_total": 1800000000,
    "savings_count": 18000,
    "savings_total": 1800000000,
    "total_funds": 3600000000
  },
  "smallbank": {
    "account_count": 18000,
    "amount_max": 10,
    "amount_min": 1,
    "hotspot_probability": 0.5,
    "hotspot_size": 20,
    "initial_checking": 100000,
    "initial_savings": 100000
  },
  "validation": {
    "account_count_ok": true,
    "checking_count_ok": true,
    "ok": true,
    "post_total_funds": 3600527751,
    "pre_total_funds": 3600000000,
    "savings_count_ok": true,
    "total_funds_delta": 527751
  }
}