{
  "metadata": {
    "allocation": {
      "amalgamate": "SI",
      "balance": "SI",
      "deposit_checking": "SI",
      "transact_savings": "SI",
      "write_check": "SI"
    },
    "elapsed_wall_seconds": 90.70790645806119,
    "host": "MacBook-Pro-86.local",
    "hotspot_probability": 0.5,
    "measurement_seconds": 60.0,
    "mpl": 32,
    "policy": "si",
    "python": "3.11.3",
    "raw_path": "results/main/raw/20260516T045925.273755+0000_si_mpl32_bounded_10_p0p5_r5.json",
    "repeat": 5,
    "retry_limit": 10,
    "retry_model": "bounded_10",
    "seed": 3996,
    "timestamp_utc": "2026-05-16T04:59:25.273755+00:00",
    "warmup_seconds": 30.0
  },
  "metrics": {
    "abort_rate_pct": 14.898777526739131,
    "abort_reasons": {
      "concurrent_update": 56513
    },
    "aborts": 56513,
    "attempted_tps": 6321.883333333333,
    "attempts": 379313,
    "by_isolation": {
      "SI": {
        "aborts": 56513,
        "attempts": 379313,
        "committed": 322800,
        "errors": 67
      }
    },
    "by_transaction": {
      "amalgamate": {
        "aborts": 27859,
        "attempts": 92288,
        "committed": 64429,
        "errors": 57
      },
      "balance": {
        "aborts": 0,
        "attempts": 64705,
        "committed": 64705,
        "errors": 0
      },
      "deposit_checking": {
        "aborts": 6966,
        "attempts": 71620,
        "committed": 64654,
        "errors": 0
      },
      "transact_savings": {
        "aborts": 6217,
        "attempts": 70608,
        "committed": 64391,
        "errors": 0
      },
      "write_check": {
        "aborts": 15471,
        "attempts": 80092,
        "committed": 64621,
        "errors": 10
      }
    },
    "committed": 322800,
    "committed_tps": 5380.0,
    "error_rate_pct": 0.0207515788234784,
    "errors": 67,
    "latency": {
      "count": 322867,
      "mean_ms": 5.934092970736173,
      "p50_ms": 1.6161464736796916,
      "p95_ms": 22.31692507048137
    },
    "latency_max_ms": 462.7152089960873,
    "latency_min_ms": 0.19050005357712507,
    "observed_tps": 5381.116666666667
  },
  "post_snapshot": {
    "account_count": 18000,
    "checking_count": 18000,
    "checking_total": 3526023317,
    "savings_count": 18000,
    "savings_total": 74595267,
    "total_funds": 3600618584
  },
  "pre_snapshot": {
    "account_count": 18000,
    "checking_count": 18000,
    "checking_total": 1800000000,
    "savings_count": 18000,
    "savings_total": 1800000000,
    "total_funds": 3600000000
  },
  "smallbank": {
    "account_count": 18000,
    "amount_max": 10,
    "amount_min": 1,
    "hotspot_probability": 0.5,
    "hotspot_size": 20,
    "initial_checking": 100000,
    "initial_savings": 100000
  },
  "validation": {
    "account_count_ok": true,
    "checking_count_ok": true,
    "ok": true,
    "post_total_funds": 3600618584,
    "pre_total_funds": 3600000000,
    "savings_count_ok": true,
    "total_funds_delta": 618584
  }
}