{
  "metadata": {
    "allocation": {
      "amalgamate": "SI",
      "balance": "SI",
      "deposit_checking": "SI",
      "transact_savings": "SI",
      "write_check": "SI"
    },
    "elapsed_wall_seconds": 90.33946516702417,
    "host": "MacBook-Pro-86.local",
    "hotspot_probability": 0.1,
    "measurement_seconds": 60.0,
    "mpl": 8,
    "policy": "si",
    "python": "3.11.3",
    "raw_path": "results/main/raw/20260516T023337.267693+0000_si_mpl8_bounded_1_p0p1_r4.json",
    "repeat": 4,
    "retry_limit": 1,
    "retry_model": "bounded_1",
    "seed": 3995,
    "timestamp_utc": "2026-05-16T02:33:37.267693+00:00",
    "warmup_seconds": 30.0
  },
  "metrics": {
    "abort_rate_pct": 0.1617019404232851,
    "abort_reasons": {
      "concurrent_update": 588
    },
    "aborts": 588,
    "attempted_tps": 6060.533333333334,
    "attempts": 363632,
    "by_isolation": {
      "SI": {
        "aborts": 588,
        "attempts": 363632,
        "committed": 363044,
        "errors": 7
      }
    },
    "by_transaction": {
      "amalgamate": {
        "aborts": 274,
        "attempts": 72902,
        "committed": 72628,
        "errors": 4
      },
      "balance": {
        "aborts": 0,
        "attempts": 72925,
        "committed": 72925,
        "errors": 0
      },
      "deposit_checking": {
        "aborts": 109,
        "attempts": 72908,
        "committed": 72799,
        "errors": 1
      },
      "transact_savings": {
        "aborts": 74,
        "attempts": 72449,
        "committed": 72375,
        "errors": 0
      },
      "write_check": {
        "aborts": 131,
        "attempts": 72448,
        "committed": 72317,
        "errors": 2
      }
    },
    "committed": 363044,
    "committed_tps": 6050.733333333334,
    "error_rate_pct": 0.0019281037650357663,
    "errors": 7,
    "latency": {
      "count": 363051,
      "mean_ms": 1.3130226604967776,
      "p50_ms": 0.5598960560746491,
      "p95_ms": 5.362514225998887
    },
    "latency_max_ms": 231.89349996391684,
    "latency_min_ms": 0.17058290541172028,
    "observed_tps": 6050.85
  },
  "post_snapshot": {
    "account_count": 18000,
    "checking_count": 18000,
    "checking_total": 3593707305,
    "savings_count": 18000,
    "savings_total": 6897032,
    "total_funds": 3600604337
  },
  "pre_snapshot": {
    "account_count": 18000,
    "checking_count": 18000,
    "checking_total": 1800000000,
    "savings_count": 18000,
    "savings_total": 1800000000,
    "total_funds": 3600000000
  },
  "smallbank": {
    "account_count": 18000,
    "amount_max": 10,
    "amount_min": 1,
    "hotspot_probability": 0.1,
    "hotspot_size": 20,
    "initial_checking": 100000,
    "initial_savings": 100000
  },
  "validation": {
    "account_count_ok": true,
    "checking_count_ok": true,
    "ok": true,
    "post_total_funds": 3600604337,
    "pre_total_funds": 3600000000,
    "savings_count_ok": true,
    "total_funds_delta": 604337
  }
}