{
  "metadata": {
    "allocation": {
      "amalgamate": "SI",
      "balance": "SI",
      "deposit_checking": "SI",
      "transact_savings": "SI",
      "write_check": "SI"
    },
    "elapsed_wall_seconds": 91.11480795801617,
    "host": "MacBook-Pro-86.local",
    "hotspot_probability": 0.9,
    "measurement_seconds": 60.0,
    "mpl": 64,
    "policy": "si",
    "python": "3.11.3",
    "raw_path": "results/main/raw/20260516T054643.008783+0000_si_mpl64_bounded_1_p0p9_r1.json",
    "repeat": 1,
    "retry_limit": 1,
    "retry_model": "bounded_1",
    "seed": 3992,
    "timestamp_utc": "2026-05-16T05:46:43.008783+00:00",
    "warmup_seconds": 30.0
  },
  "metrics": {
    "abort_rate_pct": 34.757395994064844,
    "abort_reasons": {
      "concurrent_update": 117358
    },
    "aborts": 117358,
    "attempted_tps": 5627.483333333334,
    "attempts": 337649,
    "by_isolation": {
      "SI": {
        "aborts": 117358,
        "attempts": 337649,
        "committed": 220291,
        "errors": 40784
      }
    },
    "by_transaction": {
      "amalgamate": {
        "aborts": 49790,
        "attempts": 81659,
        "committed": 31869,
        "errors": 20193
      },
      "balance": {
        "aborts": 0,
        "attempts": 52318,
        "committed": 52318,
        "errors": 0
      },
      "deposit_checking": {
        "aborts": 17971,
        "attempts": 65441,
        "committed": 47470,
        "errors": 4552
      },
      "transact_savings": {
        "aborts": 18303,
        "attempts": 65664,
        "committed": 47361,
        "errors": 4826
      },
      "write_check": {
        "aborts": 31294,
        "attempts": 72567,
        "committed": 41273,
        "errors": 11213
      }
    },
    "committed": 220291,
    "committed_tps": 3671.516666666667,
    "error_rate_pct": 15.62156468447764,
    "errors": 40784,
    "latency": {
      "count": 261075,
      "mean_ms": 14.70842026897063,
      "p50_ms": 2.950291964225471,
      "p95_ms": 73.49098543636497
    },
    "latency_max_ms": 470.7237909315154,
    "latency_min_ms": 0.16808405052870512,
    "observed_tps": 4351.25
  },
  "post_snapshot": {
    "account_count": 18000,
    "checking_count": 18000,
    "checking_total": 2325518607,
    "savings_count": 18000,
    "savings_total": 1274937051,
    "total_funds": 3600455658
  },
  "pre_snapshot": {
    "account_count": 18000,
    "checking_count": 18000,
    "checking_total": 1800000000,
    "savings_count": 18000,
    "savings_total": 1800000000,
    "total_funds": 3600000000
  },
  "smallbank": {
    "account_count": 18000,
    "amount_max": 10,
    "amount_min": 1,
    "hotspot_probability": 0.9,
    "hotspot_size": 20,
    "initial_checking": 100000,
    "initial_savings": 100000
  },
  "validation": {
    "account_count_ok": true,
    "checking_count_ok": true,
    "ok": true,
    "post_total_funds": 3600455658,
    "pre_total_funds": 3600000000,
    "savings_count_ok": true,
    "total_funds_delta": 455658
  }
}