{
  "metadata": {
    "allocation": {
      "amalgamate": "SSI",
      "balance": "SSI",
      "deposit_checking": "RC",
      "transact_savings": "SSI",
      "write_check": "SSI"
    },
    "elapsed_wall_seconds": 91.1298554589739,
    "host": "MacBook-Pro-86.local",
    "hotspot_probability": 0.9,
    "measurement_seconds": 60.0,
    "mpl": 64,
    "policy": "mixed_robust",
    "python": "3.11.3",
    "raw_path": "results/main/raw/20260516T191715.233756+0000_mixed_robust_mpl64_bounded_10_p0p9_r5.json",
    "repeat": 5,
    "retry_limit": 10,
    "retry_model": "bounded_10",
    "seed": 3996,
    "timestamp_utc": "2026-05-16T19:17:15.233756+00:00",
    "warmup_seconds": 30.0
  },
  "metrics": {
    "abort_rate_pct": 33.40465812280712,
    "abort_reasons": {
      "concurrent_update": 102901,
      "dangerous_structure": 14966
    },
    "aborts": 117867,
    "attempted_tps": 5880.766666666666,
    "attempts": 352846,
    "by_isolation": {
      "RC": {
        "aborts": 0,
        "attempts": 46969,
        "committed": 46969,
        "errors": 0
      },
      "SSI": {
        "aborts": 117867,
        "attempts": 305877,
        "committed": 188010,
        "errors": 805
      }
    },
    "by_transaction": {
      "amalgamate": {
        "aborts": 67743,
        "attempts": 114151,
        "committed": 46408,
        "errors": 658
      },
      "balance": {
        "aborts": 1058,
        "attempts": 48284,
        "committed": 47226,
        "errors": 20
      },
      "deposit_checking": {
        "aborts": 0,
        "attempts": 46969,
        "committed": 46969,
        "errors": 0
      },
      "transact_savings": {
        "aborts": 15161,
        "attempts": 62257,
        "committed": 47096,
        "errors": 15
      },
      "write_check": {
        "aborts": 33905,
        "attempts": 81185,
        "committed": 47280,
        "errors": 112
      }
    },
    "committed": 234979,
    "committed_tps": 3916.3166666666666,
    "error_rate_pct": 0.3414141756862213,
    "errors": 805,
    "latency": {
      "count": 235784,
      "mean_ms": 16.284609011545754,
      "p50_ms": 2.4460210115648806,
      "p95_ms": 98.43924543820285
    },
    "latency_max_ms": 508.46866704523563,
    "latency_min_ms": 0.18091697711497545,
    "observed_tps": 3929.733333333333
  },
  "post_snapshot": {
    "account_count": 18000,
    "checking_count": 18000,
    "checking_total": 2387557265,
    "savings_count": 18000,
    "savings_total": 1212832057,
    "total_funds": 3600389322
  },
  "pre_snapshot": {
    "account_count": 18000,
    "checking_count": 18000,
    "checking_total": 1800000000,
    "savings_count": 18000,
    "savings_total": 1800000000,
    "total_funds": 3600000000
  },
  "smallbank": {
    "account_count": 18000,
    "amount_max": 10,
    "amount_min": 1,
    "hotspot_probability": 0.9,
    "hotspot_size": 20,
    "initial_checking": 100000,
    "initial_savings": 100000
  },
  "validation": {
    "account_count_ok": true,
    "checking_count_ok": true,
    "ok": true,
    "post_total_funds": 3600389322,
    "pre_total_funds": 3600000000,
    "savings_count_ok": true,
    "total_funds_delta": 389322
  }
}