{
  "metadata": {
    "allocation": {
      "amalgamate": "SSI",
      "balance": "SSI",
      "deposit_checking": "RC",
      "transact_savings": "SSI",
      "write_check": "SSI"
    },
    "elapsed_wall_seconds": 90.71428458299488,
    "host": "MacBook-Pro-86.local",
    "hotspot_probability": 0.5,
    "measurement_seconds": 60.0,
    "mpl": 32,
    "policy": "mixed_robust",
    "python": "3.11.3",
    "raw_path": "results/main/raw/20260516T173157.201467+0000_mixed_robust_mpl32_bounded_10_p0p5_r1.json",
    "repeat": 1,
    "retry_limit": 10,
    "retry_model": "bounded_10",
    "seed": 3992,
    "timestamp_utc": "2026-05-16T17:31:57.201467+00:00",
    "warmup_seconds": 30.0
  },
  "metrics": {
    "abort_rate_pct": 13.504145244725315,
    "abort_reasons": {
      "concurrent_update": 45767,
      "dangerous_structure": 5347
    },
    "aborts": 51114,
    "attempted_tps": 6308.433333333333,
    "attempts": 378506,
    "by_isolation": {
      "RC": {
        "aborts": 0,
        "attempts": 65360,
        "committed": 65360,
        "errors": 0
      },
      "SSI": {
        "aborts": 51114,
        "attempts": 313146,
        "committed": 262032,
        "errors": 116
      }
    },
    "by_transaction": {
      "amalgamate": {
        "aborts": 27851,
        "attempts": 93070,
        "committed": 65219,
        "errors": 66
      },
      "balance": {
        "aborts": 481,
        "attempts": 66315,
        "committed": 65834,
        "errors": 9
      },
      "deposit_checking": {
        "aborts": 0,
        "attempts": 65360,
        "committed": 65360,
        "errors": 0
      },
      "transact_savings": {
        "aborts": 6633,
        "attempts": 72195,
        "committed": 65562,
        "errors": 7
      },
      "write_check": {
        "aborts": 16149,
        "attempts": 81566,
        "committed": 65417,
        "errors": 34
      }
    },
    "committed": 327392,
    "committed_tps": 5456.533333333334,
    "error_rate_pct": 0.03541898213173419,
    "errors": 116,
    "latency": {
      "count": 327508,
      "mean_ms": 5.852115498471147,
      "p50_ms": 1.7763334908522666,
      "p95_ms": 24.90336014307104
    },
    "latency_max_ms": 397.5452500162646,
    "latency_min_ms": 0.1443750225007534,
    "observed_tps": 5458.466666666666
  },
  "post_snapshot": {
    "account_count": 18000,
    "checking_count": 18000,
    "checking_total": 3482544380,
    "savings_count": 18000,
    "savings_total": 117993428,
    "total_funds": 3600537808
  },
  "pre_snapshot": {
    "account_count": 18000,
    "checking_count": 18000,
    "checking_total": 1800000000,
    "savings_count": 18000,
    "savings_total": 1800000000,
    "total_funds": 3600000000
  },
  "smallbank": {
    "account_count": 18000,
    "amount_max": 10,
    "amount_min": 1,
    "hotspot_probability": 0.5,
    "hotspot_size": 20,
    "initial_checking": 100000,
    "initial_savings": 100000
  },
  "validation": {
    "account_count_ok": true,
    "checking_count_ok": true,
    "ok": true,
    "post_total_funds": 3600537808,
    "pre_total_funds": 3600000000,
    "savings_count_ok": true,
    "total_funds_delta": 537808
  }
}