{
  "metadata": {
    "allocation": {
      "amalgamate": "SSI",
      "balance": "SSI",
      "deposit_checking": "RC",
      "transact_savings": "SSI",
      "write_check": "SSI"
    },
    "elapsed_wall_seconds": 90.32412483298685,
    "host": "MacBook-Pro-86.local",
    "hotspot_probability": 0.9,
    "measurement_seconds": 60.0,
    "mpl": 8,
    "policy": "mixed_robust",
    "python": "3.11.3",
    "raw_path": "results/main/raw/20260516T152253.999798+0000_mixed_robust_mpl8_bounded_1_p0p9_r1.json",
    "repeat": 1,
    "retry_limit": 1,
    "retry_model": "bounded_1",
    "seed": 3992,
    "timestamp_utc": "2026-05-16T15:22:53.999798+00:00",
    "warmup_seconds": 30.0
  },
  "metrics": {
    "abort_rate_pct": 9.801697090845341,
    "abort_reasons": {
      "concurrent_update": 46374,
      "dangerous_structure": 2268
    },
    "aborts": 48642,
    "attempted_tps": 8271.016666666666,
    "attempts": 496261,
    "by_isolation": {
      "RC": {
        "aborts": 0,
        "attempts": 90888,
        "committed": 90888,
        "errors": 0
      },
      "SSI": {
        "aborts": 48642,
        "attempts": 405373,
        "committed": 356731,
        "errors": 8034
      }
    },
    "by_transaction": {
      "amalgamate": {
        "aborts": 26520,
        "attempts": 112160,
        "committed": 85640,
        "errors": 5548
      },
      "balance": {
        "aborts": 265,
        "attempts": 91357,
        "committed": 91092,
        "errors": 4
      },
      "deposit_checking": {
        "aborts": 0,
        "attempts": 90888,
        "committed": 90888,
        "errors": 0
      },
      "transact_savings": {
        "aborts": 7330,
        "attempts": 98211,
        "committed": 90881,
        "errors": 450
      },
      "write_check": {
        "aborts": 14527,
        "attempts": 103645,
        "committed": 89118,
        "errors": 2032
      }
    },
    "committed": 447619,
    "committed_tps": 7460.316666666667,
    "error_rate_pct": 1.7631838262888646,
    "errors": 8034,
    "latency": {
      "count": 455653,
      "mean_ms": 1.043680793073287,
      "p50_ms": 0.5865414859727025,
      "p95_ms": 1.5378726122435176
    },
    "latency_max_ms": 68.57025006320328,
    "latency_min_ms": 0.1377500593662262,
    "observed_tps": 7594.216666666666
  },
  "post_snapshot": {
    "account_count": 18000,
    "checking_count": 18000,
    "checking_total": 2852358107,
    "savings_count": 18000,
    "savings_total": 748559006,
    "total_funds": 3600917113
  },
  "pre_snapshot": {
    "account_count": 18000,
    "checking_count": 18000,
    "checking_total": 1800000000,
    "savings_count": 18000,
    "savings_total": 1800000000,
    "total_funds": 3600000000
  },
  "smallbank": {
    "account_count": 18000,
    "amount_max": 10,
    "amount_min": 1,
    "hotspot_probability": 0.9,
    "hotspot_size": 20,
    "initial_checking": 100000,
    "initial_savings": 100000
  },
  "validation": {
    "account_count_ok": true,
    "checking_count_ok": true,
    "ok": true,
    "post_total_funds": 3600917113,
    "pre_total_funds": 3600000000,
    "savings_count_ok": true,
    "total_funds_delta": 917113
  }
}