{
  "metadata": {
    "allocation": {
      "amalgamate": "SI",
      "balance": "SI",
      "deposit_checking": "SI",
      "transact_savings": "SI",
      "write_check": "SI"
    },
    "elapsed_wall_seconds": 90.66535562509671,
    "host": "MacBook-Pro-86.local",
    "hotspot_probability": 0.5,
    "measurement_seconds": 60.0,
    "mpl": 32,
    "policy": "si",
    "python": "3.11.3",
    "raw_path": "results/main/raw/20260516T043503.576048+0000_si_mpl32_bounded_3_p0p5_r4.json",
    "repeat": 4,
    "retry_limit": 3,
    "retry_model": "bounded_3",
    "seed": 3995,
    "timestamp_utc": "2026-05-16T04:35:03.576048+00:00",
    "warmup_seconds": 30.0
  },
  "metrics": {
    "abort_rate_pct": 15.075548912106118,
    "abort_reasons": {
      "concurrent_update": 115378
    },
    "aborts": 115378,
    "attempted_tps": 12755.533333333333,
    "attempts": 765332,
    "by_isolation": {
      "SI": {
        "aborts": 115378,
        "attempts": 765332,
        "committed": 649954,
        "errors": 5369
      }
    },
    "by_transaction": {
      "amalgamate": {
        "aborts": 55280,
        "attempts": 182527,
        "committed": 127247,
        "errors": 3607
      },
      "balance": {
        "aborts": 0,
        "attempts": 130877,
        "committed": 130877,
        "errors": 0
      },
      "deposit_checking": {
        "aborts": 14568,
        "attempts": 145304,
        "committed": 130736,
        "errors": 108
      },
      "transact_savings": {
        "aborts": 12818,
        "attempts": 143959,
        "committed": 131141,
        "errors": 95
      },
      "write_check": {
        "aborts": 32712,
        "attempts": 162665,
        "committed": 129953,
        "errors": 1559
      }
    },
    "committed": 649954,
    "committed_tps": 10832.566666666668,
    "error_rate_pct": 0.8192906398829279,
    "errors": 5369,
    "latency": {
      "count": 655323,
      "mean_ms": 2.9177680677514486,
      "p50_ms": 1.9144369871355593,
      "p95_ms": 10.23844164446927
    },
    "latency_max_ms": 234.73883396945894,
    "latency_min_ms": 0.181750045157969,
    "observed_tps": 10922.05
  },
  "post_snapshot": {
    "account_count": 18000,
    "checking_count": 18000,
    "checking_total": 3589482799,
    "savings_count": 18000,
    "savings_total": 11499567,
    "total_funds": 3600982366
  },
  "pre_snapshot": {
    "account_count": 18000,
    "checking_count": 18000,
    "checking_total": 1800000000,
    "savings_count": 18000,
    "savings_total": 1800000000,
    "total_funds": 3600000000
  },
  "smallbank": {
    "account_count": 18000,
    "amount_max": 10,
    "amount_min": 1,
    "hotspot_probability": 0.5,
    "hotspot_size": 20,
    "initial_checking": 100000,
    "initial_savings": 100000
  },
  "validation": {
    "account_count_ok": true,
    "checking_count_ok": true,
    "ok": true,
    "post_total_funds": 3600982366,
    "pre_total_funds": 3600000000,
    "savings_count_ok": true,
    "total_funds_delta": 982366
  }
}