{
  "metadata": {
    "allocation": {
      "amalgamate": "SI",
      "balance": "SI",
      "deposit_checking": "SI",
      "transact_savings": "SI",
      "write_check": "SI"
    },
    "elapsed_wall_seconds": 91.15810295904521,
    "host": "MacBook-Pro-86.local",
    "hotspot_probability": 0.9,
    "measurement_seconds": 60.0,
    "mpl": 64,
    "policy": "si",
    "python": "3.11.3",
    "raw_path": "results/main/raw/20260516T061416.550987+0000_si_mpl64_bounded_3_p0p9_r4.json",
    "repeat": 4,
    "retry_limit": 3,
    "retry_model": "bounded_3",
    "seed": 3995,
    "timestamp_utc": "2026-05-16T06:14:16.550987+00:00",
    "warmup_seconds": 30.0
  },
  "metrics": {
    "abort_rate_pct": 40.662110123187965,
    "abort_reasons": {
      "concurrent_update": 161344
    },
    "aborts": 161344,
    "attempted_tps": 6613.2,
    "attempts": 396792,
    "by_isolation": {
      "SI": {
        "aborts": 161344,
        "attempts": 396792,
        "committed": 235448,
        "errors": 18160
      }
    },
    "by_transaction": {
      "amalgamate": {
        "aborts": 77991,
        "attempts": 116601,
        "committed": 38610,
        "errors": 11954
      },
      "balance": {
        "aborts": 0,
        "attempts": 50801,
        "committed": 50801,
        "errors": 0
      },
      "deposit_checking": {
        "aborts": 20054,
        "attempts": 69827,
        "committed": 49773,
        "errors": 744
      },
      "transact_savings": {
        "aborts": 19999,
        "attempts": 69901,
        "committed": 49902,
        "errors": 798
      },
      "write_check": {
        "aborts": 43300,
        "attempts": 89662,
        "committed": 46362,
        "errors": 4664
      }
    },
    "committed": 235448,
    "committed_tps": 3924.133333333333,
    "error_rate_pct": 7.160657392511277,
    "errors": 18160,
    "latency": {
      "count": 253608,
      "mean_ms": 15.13941746016286,
      "p50_ms": 2.8269580216147006,
      "p95_ms": 89.86261438112702
    },
    "latency_max_ms": 400.08983307052404,
    "latency_min_ms": 0.13754097744822502,
    "observed_tps": 4226.8
  },
  "post_snapshot": {
    "account_count": 18000,
    "checking_count": 18000,
    "checking_total": 2371209051,
    "savings_count": 18000,
    "savings_total": 1229234573,
    "total_funds": 3600443624
  },
  "pre_snapshot": {
    "account_count": 18000,
    "checking_count": 18000,
    "checking_total": 1800000000,
    "savings_count": 18000,
    "savings_total": 1800000000,
    "total_funds": 3600000000
  },
  "smallbank": {
    "account_count": 18000,
    "amount_max": 10,
    "amount_min": 1,
    "hotspot_probability": 0.9,
    "hotspot_size": 20,
    "initial_checking": 100000,
    "initial_savings": 100000
  },
  "validation": {
    "account_count_ok": true,
    "checking_count_ok": true,
    "ok": true,
    "post_total_funds": 3600443624,
    "pre_total_funds": 3600000000,
    "savings_count_ok": true,
    "total_funds_delta": 443624
  }
}