{
  "metadata": {
    "allocation": {
      "amalgamate": "SI",
      "balance": "SI",
      "deposit_checking": "SI",
      "transact_savings": "SI",
      "write_check": "SI"
    },
    "elapsed_wall_seconds": 90.68228408298455,
    "host": "MacBook-Pro-86.local",
    "hotspot_probability": 0.1,
    "measurement_seconds": 60.0,
    "mpl": 32,
    "policy": "si",
    "python": "3.11.3",
    "raw_path": "results/main/raw/20260516T040133.849721+0000_si_mpl32_bounded_1_p0p1_r2.json",
    "repeat": 2,
    "retry_limit": 1,
    "retry_model": "bounded_1",
    "seed": 3993,
    "timestamp_utc": "2026-05-16T04:01:33.849721+00:00",
    "warmup_seconds": 30.0
  },
  "metrics": {
    "abort_rate_pct": 0.7030831774165337,
    "abort_reasons": {
      "concurrent_update": 2653
    },
    "aborts": 2653,
    "attempted_tps": 6288.966666666666,
    "attempts": 377338,
    "by_isolation": {
      "SI": {
        "aborts": 2653,
        "attempts": 377338,
        "committed": 374685,
        "errors": 235
      }
    },
    "by_transaction": {
      "amalgamate": {
        "aborts": 1181,
        "attempts": 75951,
        "committed": 74770,
        "errors": 107
      },
      "balance": {
        "aborts": 0,
        "attempts": 74761,
        "committed": 74761,
        "errors": 0
      },
      "deposit_checking": {
        "aborts": 407,
        "attempts": 75290,
        "committed": 74883,
        "errors": 22
      },
      "transact_savings": {
        "aborts": 355,
        "attempts": 75935,
        "committed": 75580,
        "errors": 20
      },
      "write_check": {
        "aborts": 710,
        "attempts": 75401,
        "committed": 74691,
        "errors": 86
      }
    },
    "committed": 374685,
    "committed_tps": 6244.75,
    "error_rate_pct": 0.06268003840819375,
    "errors": 235,
    "latency": {
      "count": 374920,
      "mean_ms": 5.111555378936379,
      "p50_ms": 1.60152098396793,
      "p95_ms": 22.36340831732377
    },
    "latency_max_ms": 376.4228340005502,
    "latency_min_ms": 0.1900000497698784,
    "observed_tps": 6248.666666666667
  },
  "post_snapshot": {
    "account_count": 18000,
    "checking_count": 18000,
    "checking_total": 3599672044,
    "savings_count": 18000,
    "savings_total": 1100321,
    "total_funds": 3600772365
  },
  "pre_snapshot": {
    "account_count": 18000,
    "checking_count": 18000,
    "checking_total": 1800000000,
    "savings_count": 18000,
    "savings_total": 1800000000,
    "total_funds": 3600000000
  },
  "smallbank": {
    "account_count": 18000,
    "amount_max": 10,
    "amount_min": 1,
    "hotspot_probability": 0.1,
    "hotspot_size": 20,
    "initial_checking": 100000,
    "initial_savings": 100000
  },
  "validation": {
    "account_count_ok": true,
    "checking_count_ok": true,
    "ok": true,
    "post_total_funds": 3600772365,
    "pre_total_funds": 3600000000,
    "savings_count_ok": true,
    "total_funds_delta": 772365
  }
}