{
  "metadata": {
    "allocation": {
      "amalgamate": "SSI",
      "balance": "SSI",
      "deposit_checking": "SSI",
      "transact_savings": "SSI",
      "write_check": "SSI"
    },
    "elapsed_wall_seconds": 90.63582524994854,
    "host": "MacBook-Pro-86.local",
    "hotspot_probability": 0.5,
    "measurement_seconds": 60.0,
    "mpl": 32,
    "policy": "ssi",
    "python": "3.11.3",
    "raw_path": "results/main/raw/20260516T104305.735329+0000_ssi_mpl32_bounded_1_p0p5_r2.json",
    "repeat": 2,
    "retry_limit": 1,
    "retry_model": "bounded_1",
    "seed": 3993,
    "timestamp_utc": "2026-05-16T10:43:05.735329+00:00",
    "warmup_seconds": 30.0
  },
  "metrics": {
    "abort_rate_pct": 11.920316071331204,
    "abort_reasons": {
      "concurrent_update": 75285,
      "dangerous_structure": 5604
    },
    "aborts": 80889,
    "attempted_tps": 11309.683333333332,
    "attempts": 678581,
    "by_isolation": {
      "SSI": {
        "aborts": 80889,
        "attempts": 678581,
        "committed": 597692,
        "errors": 18919
      }
    },
    "by_transaction": {
      "amalgamate": {
        "aborts": 35657,
        "attempts": 148804,
        "committed": 113147,
        "errors": 9828
      },
      "balance": {
        "aborts": 500,
        "attempts": 123908,
        "committed": 123408,
        "errors": 27
      },
      "deposit_checking": {
        "aborts": 11478,
        "attempts": 132898,
        "committed": 121420,
        "errors": 1580
      },
      "transact_savings": {
        "aborts": 10658,
        "attempts": 132641,
        "committed": 121983,
        "errors": 1577
      },
      "write_check": {
        "aborts": 22596,
        "attempts": 140330,
        "committed": 117734,
        "errors": 5907
      }
    },
    "committed": 597692,
    "committed_tps": 9961.533333333333,
    "error_rate_pct": 3.068222915257756,
    "errors": 18919,
    "latency": {
      "count": 616611,
      "mean_ms": 3.1012529061825984,
      "p50_ms": 1.857916999142617,
      "p95_ms": 13.587503874441598
    },
    "latency_max_ms": 253.91404202673584,
    "latency_min_ms": 0.1751669915392995,
    "observed_tps": 10276.85
  },
  "post_snapshot": {
    "account_count": 18000,
    "checking_count": 18000,
    "checking_total": 3579528425,
    "savings_count": 18000,
    "savings_total": 21402256,
    "total_funds": 3600930681
  },
  "pre_snapshot": {
    "account_count": 18000,
    "checking_count": 18000,
    "checking_total": 1800000000,
    "savings_count": 18000,
    "savings_total": 1800000000,
    "total_funds": 3600000000
  },
  "smallbank": {
    "account_count": 18000,
    "amount_max": 10,
    "amount_min": 1,
    "hotspot_probability": 0.5,
    "hotspot_size": 20,
    "initial_checking": 100000,
    "initial_savings": 100000
  },
  "validation": {
    "account_count_ok": true,
    "checking_count_ok": true,
    "ok": true,
    "post_total_funds": 3600930681,
    "pre_total_funds": 3600000000,
    "savings_count_ok": true,
    "total_funds_delta": 930681
  }
}