{
  "metadata": {
    "allocation": {
      "amalgamate": "SI",
      "balance": "SI",
      "deposit_checking": "SI",
      "transact_savings": "SI",
      "write_check": "SI"
    },
    "elapsed_wall_seconds": 90.66562137508299,
    "host": "MacBook-Pro-86.local",
    "hotspot_probability": 0.5,
    "measurement_seconds": 60.0,
    "mpl": 32,
    "policy": "si",
    "python": "3.11.3",
    "raw_path": "results/main/raw/20260516T041213.484693+0000_si_mpl32_bounded_1_p0p5_r4.json",
    "repeat": 4,
    "retry_limit": 1,
    "retry_model": "bounded_1",
    "seed": 3995,
    "timestamp_utc": "2026-05-16T04:12:13.484693+00:00",
    "warmup_seconds": 30.0
  },
  "metrics": {
    "abort_rate_pct": 12.415541150445673,
    "abort_reasons": {
      "concurrent_update": 51579
    },
    "aborts": 51579,
    "attempted_tps": 6923.983333333334,
    "attempts": 415439,
    "by_isolation": {
      "SI": {
        "aborts": 51579,
        "attempts": 415439,
        "committed": 363860,
        "errors": 12609
      }
    },
    "by_transaction": {
      "amalgamate": {
        "aborts": 23393,
        "attempts": 91656,
        "committed": 68263,
        "errors": 6806
      },
      "balance": {
        "aborts": 0,
        "attempts": 75413,
        "committed": 75413,
        "errors": 0
      },
      "deposit_checking": {
        "aborts": 7619,
        "attempts": 81876,
        "committed": 74257,
        "errors": 1126
      },
      "transact_savings": {
        "aborts": 6610,
        "attempts": 80790,
        "committed": 74180,
        "errors": 989
      },
      "write_check": {
        "aborts": 13957,
        "attempts": 85704,
        "committed": 71747,
        "errors": 3688
      }
    },
    "committed": 363860,
    "committed_tps": 6064.333333333333,
    "error_rate_pct": 3.3492797547739657,
    "errors": 12609,
    "latency": {
      "count": 376469,
      "mean_ms": 5.089553461902836,
      "p50_ms": 1.908791542518884,
      "p95_ms": 22.12626524269581
    },
    "latency_max_ms": 297.90454206522554,
    "latency_min_ms": 0.15720806550234556,
    "observed_tps": 6274.483333333334
  },
  "post_snapshot": {
    "account_count": 18000,
    "checking_count": 18000,
    "checking_total": 3506921707,
    "savings_count": 18000,
    "savings_total": 93700557,
    "total_funds": 3600622264
  },
  "pre_snapshot": {
    "account_count": 18000,
    "checking_count": 18000,
    "checking_total": 1800000000,
    "savings_count": 18000,
    "savings_total": 1800000000,
    "total_funds": 3600000000
  },
  "smallbank": {
    "account_count": 18000,
    "amount_max": 10,
    "amount_min": 1,
    "hotspot_probability": 0.5,
    "hotspot_size": 20,
    "initial_checking": 100000,
    "initial_savings": 100000
  },
  "validation": {
    "account_count_ok": true,
    "checking_count_ok": true,
    "ok": true,
    "post_total_funds": 3600622264,
    "pre_total_funds": 3600000000,
    "savings_count_ok": true,
    "total_funds_delta": 622264
  }
}