{
  "metadata": {
    "allocation": {
      "amalgamate": "SI",
      "balance": "SI",
      "deposit_checking": "SI",
      "transact_savings": "SI",
      "write_check": "SI"
    },
    "elapsed_wall_seconds": 91.25502954109106,
    "host": "MacBook-Pro-86.local",
    "hotspot_probability": 0.9,
    "measurement_seconds": 60.0,
    "mpl": 64,
    "policy": "si",
    "python": "3.11.3",
    "raw_path": "results/main/raw/20260516T063409.420596+0000_si_mpl64_bounded_10_p0p9_r2.json",
    "repeat": 2,
    "retry_limit": 10,
    "retry_model": "bounded_10",
    "seed": 3993,
    "timestamp_utc": "2026-05-16T06:34:09.420596+00:00",
    "warmup_seconds": 30.0
  },
  "metrics": {
    "abort_rate_pct": 42.911122148858766,
    "abort_reasons": {
      "concurrent_update": 165010
    },
    "aborts": 165010,
    "attempted_tps": 6408.983333333334,
    "attempts": 384539,
    "by_isolation": {
      "SI": {
        "aborts": 165010,
        "attempts": 384539,
        "committed": 219529,
        "errors": 2284
      }
    },
    "by_transaction": {
      "amalgamate": {
        "aborts": 92191,
        "attempts": 134386,
        "committed": 42195,
        "errors": 2007
      },
      "balance": {
        "aborts": 0,
        "attempts": 44483,
        "committed": 44483,
        "errors": 0
      },
      "deposit_checking": {
        "aborts": 15421,
        "attempts": 59572,
        "committed": 44151,
        "errors": 4
      },
      "transact_savings": {
        "aborts": 17389,
        "attempts": 61740,
        "committed": 44351,
        "errors": 4
      },
      "write_check": {
        "aborts": 40009,
        "attempts": 84358,
        "committed": 44349,
        "errors": 269
      }
    },
    "committed": 219529,
    "committed_tps": 3658.8166666666666,
    "error_rate_pct": 1.0296961855256455,
    "errors": 2284,
    "latency": {
      "count": 221813,
      "mean_ms": 17.312960294968708,
      "p50_ms": 2.4724374525249004,
      "p95_ms": 103.94262730260375
    },
    "latency_max_ms": 584.2407499440014,
    "latency_min_ms": 0.1290410291403532,
    "observed_tps": 3696.883333333333
  },
  "post_snapshot": {
    "account_count": 18000,
    "checking_count": 18000,
    "checking_total": 2354834816,
    "savings_count": 18000,
    "savings_total": 1245530757,
    "total_funds": 3600365573
  },
  "pre_snapshot": {
    "account_count": 18000,
    "checking_count": 18000,
    "checking_total": 1800000000,
    "savings_count": 18000,
    "savings_total": 1800000000,
    "total_funds": 3600000000
  },
  "smallbank": {
    "account_count": 18000,
    "amount_max": 10,
    "amount_min": 1,
    "hotspot_probability": 0.9,
    "hotspot_size": 20,
    "initial_checking": 100000,
    "initial_savings": 100000
  },
  "validation": {
    "account_count_ok": true,
    "checking_count_ok": true,
    "ok": true,
    "post_total_funds": 3600365573,
    "pre_total_funds": 3600000000,
    "savings_count_ok": true,
    "total_funds_delta": 365573
  }
}