{
  "metadata": {
    "allocation": {
      "amalgamate": "SI",
      "balance": "SI",
      "deposit_checking": "SI",
      "transact_savings": "SI",
      "write_check": "SI"
    },
    "elapsed_wall_seconds": 8.59458266699221,
    "host": "MacBook-Pro-86.local",
    "hotspot_probability": 0.9,
    "measurement_seconds": 6.0,
    "mpl": 32,
    "policy": "si",
    "python": "3.11.3",
    "raw_path": "results/micro_pilot/raw/20260515T175940.067557+0000_si_mpl32_bounded_1_p0p9_r1.json",
    "repeat": 1,
    "retry_limit": 1,
    "retry_model": "bounded_1",
    "seed": 3992,
    "timestamp_utc": "2026-05-15T17:59:40.067557+00:00",
    "warmup_seconds": 2.0
  },
  "metrics": {
    "abort_rate_pct": 27.64632942784118,
    "abort_reasons": {
      "concurrent_update": 21850
    },
    "aborts": 21850,
    "attempted_tps": 13172.333333333334,
    "attempts": 79034,
    "by_isolation": {
      "SI": {
        "aborts": 21850,
        "attempts": 79034,
        "committed": 57184,
        "errors": 6530
      }
    },
    "by_transaction": {
      "amalgamate": {
        "aborts": 9885,
        "attempts": 18914,
        "committed": 9029,
        "errors": 3639
      },
      "balance": {
        "aborts": 0,
        "attempts": 12642,
        "committed": 12642,
        "errors": 0
      },
      "deposit_checking": {
        "aborts": 3128,
        "attempts": 15350,
        "committed": 12222,
        "errors": 557
      },
      "transact_savings": {
        "aborts": 2691,
        "attempts": 14972,
        "committed": 12281,
        "errors": 475
      },
      "write_check": {
        "aborts": 6146,
        "attempts": 17156,
        "committed": 11010,
        "errors": 1859
      }
    },
    "committed": 57184,
    "committed_tps": 9530.666666666666,
    "error_rate_pct": 10.248924883071224,
    "errors": 6530,
    "latency": {
      "count": 63714,
      "mean_ms": 3.0090501854177276,
      "p50_ms": 1.7489579622633755,
      "p95_ms": 6.064777087885885
    },
    "latency_max_ms": 209.2085420154035,
    "latency_min_ms": 0.1907499972730875,
    "observed_tps": 10619.0
  },
  "post_snapshot": {
    "account_count": 18000,
    "checking_count": 18000,
    "checking_total": 1936088171,
    "savings_count": 18000,
    "savings_total": 1664009042,
    "total_funds": 3600097213
  },
  "pre_snapshot": {
    "account_count": 18000,
    "checking_count": 18000,
    "checking_total": 1800000000,
    "savings_count": 18000,
    "savings_total": 1800000000,
    "total_funds": 3600000000
  },
  "smallbank": {
    "account_count": 18000,
    "amount_max": 10,
    "amount_min": 1,
    "hotspot_probability": 0.9,
    "hotspot_size": 20,
    "initial_checking": 100000,
    "initial_savings": 100000
  },
  "validation": {
    "account_count_ok": true,
    "checking_count_ok": true,
    "ok": true,
    "post_total_funds": 3600097213,
    "pre_total_funds": 3600000000,
    "savings_count_ok": true,
    "total_funds_delta": 97213
  }
}