{
  "metadata": {
    "allocation": {
      "amalgamate": "SI",
      "balance": "SI",
      "deposit_checking": "SI",
      "transact_savings": "SI",
      "write_check": "SI"
    },
    "elapsed_wall_seconds": 91.08314899995457,
    "host": "MacBook-Pro-86.local",
    "hotspot_probability": 0.9,
    "measurement_seconds": 60.0,
    "mpl": 64,
    "policy": "si",
    "python": "3.11.3",
    "raw_path": "results/v7/raw/20260516T061112.993765+0000_si_mpl64_bounded_3_p0p9_r2.json",
    "repeat": 2,
    "retry_limit": 3,
    "retry_model": "bounded_3",
    "seed": 3993,
    "timestamp_utc": "2026-05-16T06:11:12.993765+00:00",
    "warmup_seconds": 30.0
  },
  "metrics": {
    "abort_rate_pct": 42.994968699308956,
    "abort_reasons": {
      "concurrent_update": 359680
    },
    "aborts": 359680,
    "attempted_tps": 13942.716666666667,
    "attempts": 836563,
    "by_isolation": {
      "SI": {
        "aborts": 359680,
        "attempts": 836563,
        "committed": 476883,
        "errors": 42264
      }
    },
    "by_transaction": {
      "amalgamate": {
        "aborts": 173389,
        "attempts": 249329,
        "committed": 75940,
        "errors": 27439
      },
      "balance": {
        "aborts": 0,
        "attempts": 103990,
        "committed": 103990,
        "errors": 0
      },
      "deposit_checking": {
        "aborts": 44241,
        "attempts": 146325,
        "committed": 102084,
        "errors": 1883
      },
      "transact_savings": {
        "aborts": 41758,
        "attempts": 144355,
        "committed": 102597,
        "errors": 1575
      },
      "write_check": {
        "aborts": 100292,
        "attempts": 192564,
        "committed": 92272,
        "errors": 11367
      }
    },
    "committed": 476883,
    "committed_tps": 7948.05,
    "error_rate_pct": 8.141046755543227,
    "errors": 42264,
    "latency": {
      "count": 519147,
      "mean_ms": 7.386760703936007,
      "p50_ms": 3.0065624741837382,
      "p95_ms": 25.91254198341625
    },
    "latency_max_ms": 210.57512506376952,
    "latency_min_ms": 0.13091694563627243,
    "observed_tps": 8652.45
  },
  "post_snapshot": {
    "account_count": 18000,
    "checking_count": 18000,
    "checking_total": 2744644018,
    "savings_count": 18000,
    "savings_total": 856257480,
    "total_funds": 3600901498
  },
  "pre_snapshot": {
    "account_count": 18000,
    "checking_count": 18000,
    "checking_total": 1800000000,
    "savings_count": 18000,
    "savings_total": 1800000000,
    "total_funds": 3600000000
  },
  "smallbank": {
    "account_count": 18000,
    "amount_max": 10,
    "amount_min": 1,
    "hotspot_probability": 0.9,
    "hotspot_size": 20,
    "initial_checking": 100000,
    "initial_savings": 100000
  },
  "validation": {
    "account_count_ok": true,
    "checking_count_ok": true,
    "ok": true,
    "post_total_funds": 3600901498,
    "pre_total_funds": 3600000000,
    "savings_count_ok": true,
    "total_funds_delta": 901498
  }
}