{
  "metadata": {
    "allocation": {
      "amalgamate": "SI",
      "balance": "SI",
      "deposit_checking": "SI",
      "transact_savings": "SI",
      "write_check": "SI"
    },
    "elapsed_wall_seconds": 90.67914845806081,
    "host": "MacBook-Pro-86.local",
    "hotspot_probability": 0.1,
    "measurement_seconds": 60.0,
    "mpl": 32,
    "policy": "si",
    "python": "3.11.3",
    "raw_path": "results/v7/raw/20260516T042555.529049+0000_si_mpl32_bounded_3_p0p1_r3.json",
    "repeat": 3,
    "retry_limit": 3,
    "retry_model": "bounded_3",
    "seed": 3994,
    "timestamp_utc": "2026-05-16T04:25:55.529049+00:00",
    "warmup_seconds": 30.0
  },
  "metrics": {
    "abort_rate_pct": 0.7470274813921013,
    "abort_reasons": {
      "concurrent_update": 3306
    },
    "aborts": 3306,
    "attempted_tps": 7375.9,
    "attempts": 442554,
    "by_isolation": {
      "SI": {
        "aborts": 3306,
        "attempts": 442554,
        "committed": 439248,
        "errors": 11
      }
    },
    "by_transaction": {
      "amalgamate": {
        "aborts": 1529,
        "attempts": 89423,
        "committed": 87894,
        "errors": 6
      },
      "balance": {
        "aborts": 0,
        "attempts": 87757,
        "committed": 87757,
        "errors": 0
      },
      "deposit_checking": {
        "aborts": 452,
        "attempts": 88098,
        "committed": 87646,
        "errors": 0
      },
      "transact_savings": {
        "aborts": 435,
        "attempts": 88689,
        "committed": 88254,
        "errors": 0
      },
      "write_check": {
        "aborts": 890,
        "attempts": 88587,
        "committed": 87697,
        "errors": 5
      }
    },
    "committed": 439248,
    "committed_tps": 7320.8,
    "error_rate_pct": 0.0025042173296392334,
    "errors": 11,
    "latency": {
      "count": 439259,
      "mean_ms": 4.358563130747721,
      "p50_ms": 1.7089585307985544,
      "p95_ms": 20.542824751464643
    },
    "latency_max_ms": 392.8029169328511,
    "latency_min_ms": 0.15479105059057474,
    "observed_tps": 7320.983333333334
  },
  "post_snapshot": {
    "account_count": 18000,
    "checking_count": 18000,
    "checking_total": 3597805297,
    "savings_count": 18000,
    "savings_total": 2898340,
    "total_funds": 3600703637
  },
  "pre_snapshot": {
    "account_count": 18000,
    "checking_count": 18000,
    "checking_total": 1800000000,
    "savings_count": 18000,
    "savings_total": 1800000000,
    "total_funds": 3600000000
  },
  "smallbank": {
    "account_count": 18000,
    "amount_max": 10,
    "amount_min": 1,
    "hotspot_probability": 0.1,
    "hotspot_size": 20,
    "initial_checking": 100000,
    "initial_savings": 100000
  },
  "validation": {
    "account_count_ok": true,
    "checking_count_ok": true,
    "ok": true,
    "post_total_funds": 3600703637,
    "pre_total_funds": 3600000000,
    "savings_count_ok": true,
    "total_funds_delta": 703637
  }
}