{
  "metadata": {
    "allocation": {
      "amalgamate": "SI",
      "balance": "SI",
      "deposit_checking": "SI",
      "transact_savings": "SI",
      "write_check": "SI"
    },
    "elapsed_wall_seconds": 91.10330445901491,
    "host": "MacBook-Pro-86.local",
    "hotspot_probability": 0.9,
    "measurement_seconds": 60.0,
    "mpl": 64,
    "policy": "si",
    "python": "3.11.3",
    "raw_path": "results/v7/raw/20260516T055118.451643+0000_si_mpl64_bounded_1_p0p9_r4.json",
    "repeat": 4,
    "retry_limit": 1,
    "retry_model": "bounded_1",
    "seed": 3995,
    "timestamp_utc": "2026-05-16T05:51:18.451643+00:00",
    "warmup_seconds": 30.0
  },
  "metrics": {
    "abort_rate_pct": 38.60679113068992,
    "abort_reasons": {
      "concurrent_update": 286052
    },
    "aborts": 286052,
    "attempted_tps": 12348.95,
    "attempts": 740937,
    "by_isolation": {
      "SI": {
        "aborts": 286052,
        "attempts": 740937,
        "committed": 454885,
        "errors": 102522
      }
    },
    "by_transaction": {
      "amalgamate": {
        "aborts": 121038,
        "attempts": 181270,
        "committed": 60232,
        "errors": 50687
      },
      "balance": {
        "aborts": 0,
        "attempts": 111663,
        "committed": 111663,
        "errors": 0
      },
      "deposit_checking": {
        "aborts": 44753,
        "attempts": 144530,
        "committed": 99777,
        "errors": 11824
      },
      "transact_savings": {
        "aborts": 40828,
        "attempts": 142088,
        "committed": 101260,
        "errors": 10483
      },
      "write_check": {
        "aborts": 79433,
        "attempts": 161386,
        "committed": 81953,
        "errors": 29528
      }
    },
    "committed": 454885,
    "committed_tps": 7581.416666666667,
    "error_rate_pct": 18.392664605934264,
    "errors": 102522,
    "latency": {
      "count": 557407,
      "mean_ms": 6.878360660723379,
      "p50_ms": 3.137334017083049,
      "p95_ms": 37.12091037305071
    },
    "latency_max_ms": 285.76370899099857,
    "latency_min_ms": 0.14195800758898258,
    "observed_tps": 9290.116666666667
  },
  "post_snapshot": {
    "account_count": 18000,
    "checking_count": 18000,
    "checking_total": 2620024194,
    "savings_count": 18000,
    "savings_total": 980861108,
    "total_funds": 3600885302
  },
  "pre_snapshot": {
    "account_count": 18000,
    "checking_count": 18000,
    "checking_total": 1800000000,
    "savings_count": 18000,
    "savings_total": 1800000000,
    "total_funds": 3600000000
  },
  "smallbank": {
    "account_count": 18000,
    "amount_max": 10,
    "amount_min": 1,
    "hotspot_probability": 0.9,
    "hotspot_size": 20,
    "initial_checking": 100000,
    "initial_savings": 100000
  },
  "validation": {
    "account_count_ok": true,
    "checking_count_ok": true,
    "ok": true,
    "post_total_funds": 3600885302,
    "pre_total_funds": 3600000000,
    "savings_count_ok": true,
    "total_funds_delta": 885302
  }
}