{
  "metadata": {
    "allocation": {
      "amalgamate": "SI",
      "balance": "SI",
      "deposit_checking": "SI",
      "transact_savings": "SI",
      "write_check": "SI"
    },
    "elapsed_wall_seconds": 90.33807712502312,
    "host": "MacBook-Pro-86.local",
    "hotspot_probability": 0.9,
    "measurement_seconds": 60.0,
    "mpl": 8,
    "policy": "si",
    "python": "3.11.3",
    "raw_path": "results/v7/raw/20260516T025017.323248+0000_si_mpl8_bounded_1_p0p9_r5.json",
    "repeat": 5,
    "retry_limit": 1,
    "retry_model": "bounded_1",
    "seed": 3996,
    "timestamp_utc": "2026-05-16T02:50:17.323248+00:00",
    "warmup_seconds": 30.0
  },
  "metrics": {
    "abort_rate_pct": 11.320473894147764,
    "abort_reasons": {
      "concurrent_update": 83666
    },
    "aborts": 83666,
    "attempted_tps": 12317.8,
    "attempts": 739068,
    "by_isolation": {
      "SI": {
        "aborts": 83666,
        "attempts": 739068,
        "committed": 655402,
        "errors": 13119
      }
    },
    "by_transaction": {
      "amalgamate": {
        "aborts": 38792,
        "attempts": 164177,
        "committed": 125385,
        "errors": 8328
      },
      "balance": {
        "aborts": 0,
        "attempts": 133600,
        "committed": 133600,
        "errors": 0
      },
      "deposit_checking": {
        "aborts": 12771,
        "attempts": 145911,
        "committed": 133140,
        "errors": 808
      },
      "transact_savings": {
        "aborts": 10332,
        "attempts": 143411,
        "committed": 133079,
        "errors": 691
      },
      "write_check": {
        "aborts": 21771,
        "attempts": 151969,
        "committed": 130198,
        "errors": 3292
      }
    },
    "committed": 655402,
    "committed_tps": 10923.366666666667,
    "error_rate_pct": 1.9623916077430628,
    "errors": 13119,
    "latency": {
      "count": 668521,
      "mean_ms": 0.70799719066769,
      "p50_ms": 0.5828749854117632,
      "p95_ms": 1.4997347665484986
    },
    "latency_max_ms": 58.09429194778204,
    "latency_min_ms": 0.13395794667303562,
    "observed_tps": 11142.016666666666
  },
  "post_snapshot": {
    "account_count": 18000,
    "checking_count": 18000,
    "checking_total": 2957191472,
    "savings_count": 18000,
    "savings_total": 643865060,
    "total_funds": 3601056532
  },
  "pre_snapshot": {
    "account_count": 18000,
    "checking_count": 18000,
    "checking_total": 1800000000,
    "savings_count": 18000,
    "savings_total": 1800000000,
    "total_funds": 3600000000
  },
  "smallbank": {
    "account_count": 18000,
    "amount_max": 10,
    "amount_min": 1,
    "hotspot_probability": 0.9,
    "hotspot_size": 20,
    "initial_checking": 100000,
    "initial_savings": 100000
  },
  "validation": {
    "account_count_ok": true,
    "checking_count_ok": true,
    "ok": true,
    "post_total_funds": 3601056532,
    "pre_total_funds": 3600000000,
    "savings_count_ok": true,
    "total_funds_delta": 1056532
  }
}