{
  "metadata": {
    "allocation": {
      "amalgamate": "SSI",
      "balance": "SSI",
      "deposit_checking": "SSI",
      "transact_savings": "SSI",
      "write_check": "SSI"
    },
    "elapsed_wall_seconds": 91.11292195797432,
    "host": "MacBook-Pro-86.local",
    "hotspot_probability": 0.1,
    "measurement_seconds": 60.0,
    "mpl": 64,
    "policy": "ssi",
    "python": "3.11.3",
    "raw_path": "results/v7/raw/20260516T123249.604920+0000_ssi_mpl64_bounded_3_p0p1_r4.json",
    "repeat": 4,
    "retry_limit": 3,
    "retry_model": "bounded_3",
    "seed": 3995,
    "timestamp_utc": "2026-05-16T12:32:49.604920+00:00",
    "warmup_seconds": 30.0
  },
  "metrics": {
    "abort_rate_pct": 0.9556950738263013,
    "abort_reasons": {
      "concurrent_update": 3922,
      "dangerous_structure": 258
    },
    "aborts": 4180,
    "attempted_tps": 7289.633333333333,
    "attempts": 437378,
    "by_isolation": {
      "SSI": {
        "aborts": 4180,
        "attempts": 437378,
        "committed": 433198,
        "errors": 25
      }
    },
    "by_transaction": {
      "amalgamate": {
        "aborts": 1862,
        "attempts": 88288,
        "committed": 86426,
        "errors": 14
      },
      "balance": {
        "aborts": 21,
        "attempts": 86888,
        "committed": 86867,
        "errors": 2
      },
      "deposit_checking": {
        "aborts": 620,
        "attempts": 87578,
        "committed": 86958,
        "errors": 0
      },
      "transact_savings": {
        "aborts": 611,
        "attempts": 87239,
        "committed": 86628,
        "errors": 4
      },
      "write_check": {
        "aborts": 1066,
        "attempts": 87385,
        "committed": 86319,
        "errors": 5
      }
    },
    "committed": 433198,
    "committed_tps": 7219.966666666666,
    "error_rate_pct": 0.005770700078250693,
    "errors": 25,
    "latency": {
      "count": 433223,
      "mean_ms": 8.853880423515484,
      "p50_ms": 2.4586875224485993,
      "p95_ms": 59.38161904341539
    },
    "latency_max_ms": 363.1932500284165,
    "latency_min_ms": 0.17962499987334013,
    "observed_tps": 7220.383333333333
  },
  "post_snapshot": {
    "account_count": 18000,
    "checking_count": 18000,
    "checking_total": 3596480597,
    "savings_count": 18000,
    "savings_total": 4199197,
    "total_funds": 3600679794
  },
  "pre_snapshot": {
    "account_count": 18000,
    "checking_count": 18000,
    "checking_total": 1800000000,
    "savings_count": 18000,
    "savings_total": 1800000000,
    "total_funds": 3600000000
  },
  "smallbank": {
    "account_count": 18000,
    "amount_max": 10,
    "amount_min": 1,
    "hotspot_probability": 0.1,
    "hotspot_size": 20,
    "initial_checking": 100000,
    "initial_savings": 100000
  },
  "validation": {
    "account_count_ok": true,
    "checking_count_ok": true,
    "ok": true,
    "post_total_funds": 3600679794,
    "pre_total_funds": 3600000000,
    "savings_count_ok": true,
    "total_funds_delta": 679794
  }
}