{
  "metadata": {
    "allocation": {
      "amalgamate": "SSI",
      "balance": "SSI",
      "deposit_checking": "SSI",
      "transact_savings": "SSI",
      "write_check": "SSI"
    },
    "elapsed_wall_seconds": 91.10228904196993,
    "host": "MacBook-Pro-86.local",
    "hotspot_probability": 0.5,
    "measurement_seconds": 60.0,
    "mpl": 64,
    "policy": "ssi",
    "python": "3.11.3",
    "raw_path": "results/v7/raw/20260516T130019.488611+0000_ssi_mpl64_bounded_10_p0p5_r2.json",
    "repeat": 2,
    "retry_limit": 10,
    "retry_model": "bounded_10",
    "seed": 3993,
    "timestamp_utc": "2026-05-16T13:00:19.488611+00:00",
    "warmup_seconds": 30.0
  },
  "metrics": {
    "abort_rate_pct": 16.801874500678274,
    "abort_reasons": {
      "concurrent_update": 55404,
      "dangerous_structure": 7268
    },
    "aborts": 62672,
    "attempted_tps": 6216.766666666666,
    "attempts": 373006,
    "by_isolation": {
      "SSI": {
        "aborts": 62672,
        "attempts": 373006,
        "committed": 310334,
        "errors": 157
      }
    },
    "by_transaction": {
      "amalgamate": {
        "aborts": 29105,
        "attempts": 91182,
        "committed": 62077,
        "errors": 84
      },
      "balance": {
        "aborts": 524,
        "attempts": 62552,
        "committed": 62028,
        "errors": 12
      },
      "deposit_checking": {
        "aborts": 8215,
        "attempts": 70465,
        "committed": 62250,
        "errors": 16
      },
      "transact_savings": {
        "aborts": 6921,
        "attempts": 69031,
        "committed": 62110,
        "errors": 10
      },
      "write_check": {
        "aborts": 17907,
        "attempts": 79776,
        "committed": 61869,
        "errors": 35
      }
    },
    "committed": 310334,
    "committed_tps": 5172.233333333334,
    "error_rate_pct": 0.05056507273962852,
    "errors": 157,
    "latency": {
      "count": 310491,
      "mean_ms": 12.366638665621549,
      "p50_ms": 2.0486669964157045,
      "p95_ms": 73.0952645477373
    },
    "latency_max_ms": 549.0487089846283,
    "latency_min_ms": 0.17129199113696814,
    "observed_tps": 5174.85
  },
  "post_snapshot": {
    "account_count": 18000,
    "checking_count": 18000,
    "checking_total": 3457417099,
    "savings_count": 18000,
    "savings_total": 143091998,
    "total_funds": 3600509097
  },
  "pre_snapshot": {
    "account_count": 18000,
    "checking_count": 18000,
    "checking_total": 1800000000,
    "savings_count": 18000,
    "savings_total": 1800000000,
    "total_funds": 3600000000
  },
  "smallbank": {
    "account_count": 18000,
    "amount_max": 10,
    "amount_min": 1,
    "hotspot_probability": 0.5,
    "hotspot_size": 20,
    "initial_checking": 100000,
    "initial_savings": 100000
  },
  "validation": {
    "account_count_ok": true,
    "checking_count_ok": true,
    "ok": true,
    "post_total_funds": 3600509097,
    "pre_total_funds": 3600000000,
    "savings_count_ok": true,
    "total_funds_delta": 509097
  }
}