{
  "metadata": {
    "allocation": {
      "amalgamate": "SSI",
      "balance": "SSI",
      "deposit_checking": "SSI",
      "transact_savings": "SSI",
      "write_check": "SSI"
    },
    "elapsed_wall_seconds": 90.66022262501065,
    "host": "MacBook-Pro-86.local",
    "hotspot_probability": 0.5,
    "measurement_seconds": 60.0,
    "mpl": 32,
    "policy": "ssi",
    "python": "3.11.3",
    "raw_path": "results/v7/raw/20260516T113016.346265+0000_ssi_mpl32_bounded_10_p0p5_r3.json",
    "repeat": 3,
    "retry_limit": 10,
    "retry_model": "bounded_10",
    "seed": 3994,
    "timestamp_utc": "2026-05-16T11:30:16.346265+00:00",
    "warmup_seconds": 30.0
  },
  "metrics": {
    "abort_rate_pct": 13.742969070040695,
    "abort_reasons": {
      "concurrent_update": 50322,
      "dangerous_structure": 5703
    },
    "aborts": 56025,
    "attempted_tps": 6794.383333333333,
    "attempts": 407663,
    "by_isolation": {
      "SSI": {
        "aborts": 56025,
        "attempts": 407663,
        "committed": 351638,
        "errors": 132
      }
    },
    "by_transaction": {
      "amalgamate": {
        "aborts": 26132,
        "attempts": 96065,
        "committed": 69933,
        "errors": 64
      },
      "balance": {
        "aborts": 487,
        "attempts": 71004,
        "committed": 70517,
        "errors": 15
      },
      "deposit_checking": {
        "aborts": 7101,
        "attempts": 77412,
        "committed": 70311,
        "errors": 12
      },
      "transact_savings": {
        "aborts": 6281,
        "attempts": 76770,
        "committed": 70489,
        "errors": 9
      },
      "write_check": {
        "aborts": 16024,
        "attempts": 86412,
        "committed": 70388,
        "errors": 32
      }
    },
    "committed": 351638,
    "committed_tps": 5860.633333333333,
    "error_rate_pct": 0.03752451886175626,
    "errors": 132,
    "latency": {
      "count": 351770,
      "mean_ms": 5.446056168533877,
      "p50_ms": 1.7221250454895198,
      "p95_ms": 25.25848096702247
    },
    "latency_max_ms": 391.1717910086736,
    "latency_min_ms": 0.18666696269065142,
    "observed_tps": 5862.833333333333
  },
  "post_snapshot": {
    "account_count": 18000,
    "checking_count": 18000,
    "checking_total": 3495364646,
    "savings_count": 18000,
    "savings_total": 105194030,
    "total_funds": 3600558676
  },
  "pre_snapshot": {
    "account_count": 18000,
    "checking_count": 18000,
    "checking_total": 1800000000,
    "savings_count": 18000,
    "savings_total": 1800000000,
    "total_funds": 3600000000
  },
  "smallbank": {
    "account_count": 18000,
    "amount_max": 10,
    "amount_min": 1,
    "hotspot_probability": 0.5,
    "hotspot_size": 20,
    "initial_checking": 100000,
    "initial_savings": 100000
  },
  "validation": {
    "account_count_ok": true,
    "checking_count_ok": true,
    "ok": true,
    "post_total_funds": 3600558676,
    "pre_total_funds": 3600000000,
    "savings_count_ok": true,
    "total_funds_delta": 558676
  }
}