{
  "metadata": {
    "allocation": {
      "amalgamate": "SI",
      "balance": "SI",
      "deposit_checking": "SI",
      "transact_savings": "SI",
      "write_check": "SI"
    },
    "elapsed_wall_seconds": 91.1458940829616,
    "host": "MacBook-Pro-86.local",
    "hotspot_probability": 0.9,
    "measurement_seconds": 60.0,
    "mpl": 64,
    "policy": "si",
    "python": "3.11.3",
    "raw_path": "results/v7/raw/20260516T055250.154796+0000_si_mpl64_bounded_1_p0p9_r5.json",
    "repeat": 5,
    "retry_limit": 1,
    "retry_model": "bounded_1",
    "seed": 3996,
    "timestamp_utc": "2026-05-16T05:52:50.154796+00:00",
    "warmup_seconds": 30.0
  },
  "metrics": {
    "abort_rate_pct": 35.72768327525351,
    "abort_reasons": {
      "concurrent_update": 143432
    },
    "aborts": 143432,
    "attempted_tps": 6690.983333333334,
    "attempts": 401459,
    "by_isolation": {
      "SI": {
        "aborts": 143432,
        "attempts": 401459,
        "committed": 258027,
        "errors": 50064
      }
    },
    "by_transaction": {
      "amalgamate": {
        "aborts": 60411,
        "attempts": 96971,
        "committed": 36560,
        "errors": 24745
      },
      "balance": {
        "aborts": 0,
        "attempts": 61745,
        "committed": 61745,
        "errors": 0
      },
      "deposit_checking": {
        "aborts": 22668,
        "attempts": 78561,
        "committed": 55893,
        "errors": 5809
      },
      "transact_savings": {
        "aborts": 22491,
        "attempts": 78505,
        "committed": 56014,
        "errors": 5968
      },
      "write_check": {
        "aborts": 37862,
        "attempts": 85677,
        "committed": 47815,
        "errors": 13542
      }
    },
    "committed": 258027,
    "committed_tps": 4300.45,
    "error_rate_pct": 16.24974439370186,
    "errors": 50064,
    "latency": {
      "count": 308091,
      "mean_ms": 12.461271513217511,
      "p50_ms": 3.3716039615683258,
      "p95_ms": 52.778043731814236
    },
    "latency_max_ms": 364.40187494736165,
    "latency_min_ms": 0.1585830468684435,
    "observed_tps": 5134.85
  },
  "post_snapshot": {
    "account_count": 18000,
    "checking_count": 18000,
    "checking_total": 2499844827,
    "savings_count": 18000,
    "savings_total": 1100850914,
    "total_funds": 3600695741
  },
  "pre_snapshot": {
    "account_count": 18000,
    "checking_count": 18000,
    "checking_total": 1800000000,
    "savings_count": 18000,
    "savings_total": 1800000000,
    "total_funds": 3600000000
  },
  "smallbank": {
    "account_count": 18000,
    "amount_max": 10,
    "amount_min": 1,
    "hotspot_probability": 0.9,
    "hotspot_size": 20,
    "initial_checking": 100000,
    "initial_savings": 100000
  },
  "validation": {
    "account_count_ok": true,
    "checking_count_ok": true,
    "ok": true,
    "post_total_funds": 3600695741,
    "pre_total_funds": 3600000000,
    "savings_count_ok": true,
    "total_funds_delta": 695741
  }
}