{
  "metadata": {
    "allocation": {
      "amalgamate": "SSI",
      "balance": "SSI",
      "deposit_checking": "SSI",
      "transact_savings": "SSI",
      "write_check": "SSI"
    },
    "elapsed_wall_seconds": 91.1895857079653,
    "host": "MacBook-Pro-86.local",
    "hotspot_probability": 0.9,
    "measurement_seconds": 60.0,
    "mpl": 64,
    "policy": "ssi",
    "python": "3.11.3",
    "raw_path": "results/v7/raw/20260516T122034.546794+0000_ssi_mpl64_bounded_1_p0p9_r1.json",
    "repeat": 1,
    "retry_limit": 1,
    "retry_model": "bounded_1",
    "seed": 3992,
    "timestamp_utc": "2026-05-16T12:20:34.546794+00:00",
    "warmup_seconds": 30.0
  },
  "metrics": {
    "abort_rate_pct": 28.32336726159658,
    "abort_reasons": {
      "concurrent_update": 87902,
      "dangerous_structure": 11662
    },
    "aborts": 99564,
    "attempted_tps": 5858.766666666666,
    "attempts": 351526,
    "by_isolation": {
      "SSI": {
        "aborts": 99564,
        "attempts": 351526,
        "committed": 251962,
        "errors": 29932
      }
    },
    "by_transaction": {
      "amalgamate": {
        "aborts": 42125,
        "attempts": 83283,
        "committed": 41158,
        "errors": 15140
      },
      "balance": {
        "aborts": 779,
        "attempts": 57118,
        "committed": 56339,
        "errors": 87
      },
      "deposit_checking": {
        "aborts": 14781,
        "attempts": 68092,
        "committed": 53311,
        "errors": 2933
      },
      "transact_savings": {
        "aborts": 13335,
        "attempts": 67125,
        "committed": 53790,
        "errors": 2611
      },
      "write_check": {
        "aborts": 28544,
        "attempts": 75908,
        "committed": 47364,
        "errors": 9161
      }
    },
    "committed": 251962,
    "committed_tps": 4199.366666666667,
    "error_rate_pct": 10.618175626299248,
    "errors": 29932,
    "latency": {
      "count": 281894,
      "mean_ms": 13.62008432628124,
      "p50_ms": 2.4668750120326877,
      "p95_ms": 72.7908667933661
    },
    "latency_max_ms": 395.6661659758538,
    "latency_min_ms": 0.18083408940583467,
    "observed_tps": 4698.233333333334
  },
  "post_snapshot": {
    "account_count": 18000,
    "checking_count": 18000,
    "checking_total": 2396459354,
    "savings_count": 18000,
    "savings_total": 1204038184,
    "total_funds": 3600497538
  },
  "pre_snapshot": {
    "account_count": 18000,
    "checking_count": 18000,
    "checking_total": 1800000000,
    "savings_count": 18000,
    "savings_total": 1800000000,
    "total_funds": 3600000000
  },
  "smallbank": {
    "account_count": 18000,
    "amount_max": 10,
    "amount_min": 1,
    "hotspot_probability": 0.9,
    "hotspot_size": 20,
    "initial_checking": 100000,
    "initial_savings": 100000
  },
  "validation": {
    "account_count_ok": true,
    "checking_count_ok": true,
    "ok": true,
    "post_total_funds": 3600497538,
    "pre_total_funds": 3600000000,
    "savings_count_ok": true,
    "total_funds_delta": 497538
  }
}