{
  "metadata": {
    "allocation": {
      "amalgamate": "SSI",
      "balance": "SSI",
      "deposit_checking": "SSI",
      "transact_savings": "SSI",
      "write_check": "SSI"
    },
    "elapsed_wall_seconds": 91.01824962510727,
    "host": "MacBook-Pro-86.local",
    "hotspot_probability": 0.5,
    "measurement_seconds": 60.0,
    "mpl": 64,
    "policy": "ssi",
    "python": "3.11.3",
    "raw_path": "results/v7/raw/20260516T132143.056995+0000_ssi_mpl64_unbounded_p0p5_r1.json",
    "repeat": 1,
    "retry_limit": null,
    "retry_model": "unbounded",
    "seed": 3992,
    "timestamp_utc": "2026-05-16T13:21:43.056995+00:00",
    "warmup_seconds": 30.0
  },
  "metrics": {
    "abort_rate_pct": 18.237512688466232,
    "abort_reasons": {
      "concurrent_update": 127413,
      "dangerous_structure": 14703
    },
    "aborts": 142116,
    "attempted_tps": 12987.516666666666,
    "attempts": 779251,
    "by_isolation": {
      "SSI": {
        "aborts": 142116,
        "attempts": 779251,
        "committed": 637135,
        "errors": 0
      }
    },
    "by_transaction": {
      "amalgamate": {
        "aborts": 65786,
        "attempts": 192745,
        "committed": 126959,
        "errors": 0
      },
      "balance": {
        "aborts": 1055,
        "attempts": 128780,
        "committed": 127725,
        "errors": 0
      },
      "deposit_checking": {
        "aborts": 17852,
        "attempts": 145470,
        "committed": 127618,
        "errors": 0
      },
      "transact_savings": {
        "aborts": 15245,
        "attempts": 142989,
        "committed": 127744,
        "errors": 0
      },
      "write_check": {
        "aborts": 42178,
        "attempts": 169267,
        "committed": 127089,
        "errors": 0
      }
    },
    "committed": 637135,
    "committed_tps": 10618.916666666666,
    "error_rate_pct": 0.0,
    "errors": 0,
    "latency": {
      "count": 637135,
      "mean_ms": 6.017179717639395,
      "p50_ms": 2.305812493432313,
      "p95_ms": 22.88156908471137
    },
    "latency_max_ms": 301.1949158972129,
    "latency_min_ms": 0.1723329769447446,
    "observed_tps": 10618.916666666666
  },
  "post_snapshot": {
    "account_count": 18000,
    "checking_count": 18000,
    "checking_total": 3591024806,
    "savings_count": 18000,
    "savings_total": 9999816,
    "total_funds": 3601024622
  },
  "pre_snapshot": {
    "account_count": 18000,
    "checking_count": 18000,
    "checking_total": 1800000000,
    "savings_count": 18000,
    "savings_total": 1800000000,
    "total_funds": 3600000000
  },
  "smallbank": {
    "account_count": 18000,
    "amount_max": 10,
    "amount_min": 1,
    "hotspot_probability": 0.5,
    "hotspot_size": 20,
    "initial_checking": 100000,
    "initial_savings": 100000
  },
  "validation": {
    "account_count_ok": true,
    "checking_count_ok": true,
    "ok": true,
    "post_total_funds": 3601024622,
    "pre_total_funds": 3600000000,
    "savings_count_ok": true,
    "total_funds_delta": 1024622
  }
}