{
  "metadata": {
    "allocation": {
      "amalgamate": "SSI",
      "balance": "SSI",
      "deposit_checking": "RC",
      "transact_savings": "SSI",
      "write_check": "SSI"
    },
    "elapsed_wall_seconds": 90.69237408298068,
    "host": "MacBook-Pro-86.local",
    "hotspot_probability": 0.5,
    "measurement_seconds": 60.0,
    "mpl": 32,
    "policy": "mixed_robust",
    "python": "3.11.3",
    "raw_path": "results/v7/raw/20260516T164750.839328+0000_mixed_robust_mpl32_bounded_1_p0p5_r2.json",
    "repeat": 2,
    "retry_limit": 1,
    "retry_model": "bounded_1",
    "seed": 3993,
    "timestamp_utc": "2026-05-16T16:47:50.839328+00:00",
    "warmup_seconds": 30.0
  },
  "metrics": {
    "abort_rate_pct": 10.296460664067252,
    "abort_reasons": {
      "concurrent_update": 32643,
      "dangerous_structure": 2901
    },
    "aborts": 35544,
    "attempted_tps": 5753.433333333333,
    "attempts": 345206,
    "by_isolation": {
      "RC": {
        "aborts": 0,
        "attempts": 63532,
        "committed": 63532,
        "errors": 0
      },
      "SSI": {
        "aborts": 35544,
        "attempts": 281674,
        "committed": 246130,
        "errors": 8853
      }
    },
    "by_transaction": {
      "amalgamate": {
        "aborts": 18340,
        "attempts": 76803,
        "committed": 58463,
        "errors": 5060
      },
      "balance": {
        "aborts": 350,
        "attempts": 64255,
        "committed": 63905,
        "errors": 49
      },
      "deposit_checking": {
        "aborts": 0,
        "attempts": 63532,
        "committed": 63532,
        "errors": 0
      },
      "transact_savings": {
        "aborts": 5401,
        "attempts": 68342,
        "committed": 62941,
        "errors": 821
      },
      "write_check": {
        "aborts": 11453,
        "attempts": 72274,
        "committed": 60821,
        "errors": 2923
      }
    },
    "committed": 309662,
    "committed_tps": 5161.033333333334,
    "error_rate_pct": 2.7794609359056874,
    "errors": 8853,
    "latency": {
      "count": 318515,
      "mean_ms": 6.018022571393614,
      "p50_ms": 1.8092920072376728,
      "p95_ms": 23.753389262128607
    },
    "latency_max_ms": 440.3581250226125,
    "latency_min_ms": 0.1676669344305992,
    "observed_tps": 5308.583333333333
  },
  "post_snapshot": {
    "account_count": 18000,
    "checking_count": 18000,
    "checking_total": 3469762092,
    "savings_count": 18000,
    "savings_total": 130796055,
    "total_funds": 3600558147
  },
  "pre_snapshot": {
    "account_count": 18000,
    "checking_count": 18000,
    "checking_total": 1800000000,
    "savings_count": 18000,
    "savings_total": 1800000000,
    "total_funds": 3600000000
  },
  "smallbank": {
    "account_count": 18000,
    "amount_max": 10,
    "amount_min": 1,
    "hotspot_probability": 0.5,
    "hotspot_size": 20,
    "initial_checking": 100000,
    "initial_savings": 100000
  },
  "validation": {
    "account_count_ok": true,
    "checking_count_ok": true,
    "ok": true,
    "post_total_funds": 3600558147,
    "pre_total_funds": 3600000000,
    "savings_count_ok": true,
    "total_funds_delta": 558147
  }
}