{
  "metadata": {
    "allocation": {
      "amalgamate": "SI",
      "balance": "SI",
      "deposit_checking": "SI",
      "transact_savings": "SI",
      "write_check": "SI"
    },
    "elapsed_wall_seconds": 90.71337529201992,
    "host": "MacBook-Pro-86.local",
    "hotspot_probability": 0.9,
    "measurement_seconds": 60.0,
    "mpl": 32,
    "policy": "si",
    "python": "3.11.3",
    "raw_path": "results/v7/raw/20260516T041818.790815+0000_si_mpl32_bounded_1_p0p9_r3.json",
    "repeat": 3,
    "retry_limit": 1,
    "retry_model": "bounded_1",
    "seed": 3994,
    "timestamp_utc": "2026-05-16T04:18:18.790815+00:00",
    "warmup_seconds": 30.0
  },
  "metrics": {
    "abort_rate_pct": 28.23328016184881,
    "abort_reasons": {
      "concurrent_update": 108852
    },
    "aborts": 108852,
    "attempted_tps": 6425.75,
    "attempts": 385545,
    "by_isolation": {
      "SI": {
        "aborts": 108852,
        "attempts": 385545,
        "committed": 276693,
        "errors": 33076
      }
    },
    "by_transaction": {
      "amalgamate": {
        "aborts": 48138,
        "attempts": 92180,
        "committed": 44042,
        "errors": 17787
      },
      "balance": {
        "aborts": 0,
        "attempts": 61520,
        "committed": 61520,
        "errors": 0
      },
      "deposit_checking": {
        "aborts": 16206,
        "attempts": 75128,
        "committed": 58922,
        "errors": 3062
      },
      "transact_savings": {
        "aborts": 13619,
        "attempts": 73426,
        "committed": 59807,
        "errors": 2455
      },
      "write_check": {
        "aborts": 30889,
        "attempts": 83291,
        "committed": 52402,
        "errors": 9772
      }
    },
    "committed": 276693,
    "committed_tps": 4611.55,
    "error_rate_pct": 10.677633978868124,
    "errors": 33076,
    "latency": {
      "count": 309769,
      "mean_ms": 6.192494258397253,
      "p50_ms": 1.946665986906737,
      "p95_ms": 27.649168996140332
    },
    "latency_max_ms": 282.3822919744998,
    "latency_min_ms": 0.13333396054804325,
    "observed_tps": 5162.816666666667
  },
  "post_snapshot": {
    "account_count": 18000,
    "checking_count": 18000,
    "checking_total": 2434506783,
    "savings_count": 18000,
    "savings_total": 1166041266,
    "total_funds": 3600548049
  },
  "pre_snapshot": {
    "account_count": 18000,
    "checking_count": 18000,
    "checking_total": 1800000000,
    "savings_count": 18000,
    "savings_total": 1800000000,
    "total_funds": 3600000000
  },
  "smallbank": {
    "account_count": 18000,
    "amount_max": 10,
    "amount_min": 1,
    "hotspot_probability": 0.9,
    "hotspot_size": 20,
    "initial_checking": 100000,
    "initial_savings": 100000
  },
  "validation": {
    "account_count_ok": true,
    "checking_count_ok": true,
    "ok": true,
    "post_total_funds": 3600548049,
    "pre_total_funds": 3600000000,
    "savings_count_ok": true,
    "total_funds_delta": 548049
  }
}