{
  "metadata": {
    "allocation": {
      "amalgamate": "SI",
      "balance": "SI",
      "deposit_checking": "SI",
      "transact_savings": "SI",
      "write_check": "SI"
    },
    "elapsed_wall_seconds": 91.12999766704161,
    "host": "MacBook-Pro-86.local",
    "hotspot_probability": 0.5,
    "measurement_seconds": 60.0,
    "mpl": 64,
    "policy": "si",
    "python": "3.11.3",
    "raw_path": "results/v7/raw/20260516T062458.536892+0000_si_mpl64_bounded_10_p0p5_r1.json",
    "repeat": 1,
    "retry_limit": 10,
    "retry_model": "bounded_10",
    "seed": 3992,
    "timestamp_utc": "2026-05-16T06:24:58.536892+00:00",
    "warmup_seconds": 30.0
  },
  "metrics": {
    "abort_rate_pct": 27.04034511944866,
    "abort_reasons": {
      "concurrent_update": 224271
    },
    "aborts": 224271,
    "attempted_tps": 13823.233333333334,
    "attempts": 829394,
    "by_isolation": {
      "SI": {
        "aborts": 224271,
        "attempts": 829394,
        "committed": 605123,
        "errors": 2051
      }
    },
    "by_transaction": {
      "amalgamate": {
        "aborts": 116226,
        "attempts": 235586,
        "committed": 119360,
        "errors": 1658
      },
      "balance": {
        "aborts": 0,
        "attempts": 121572,
        "committed": 121572,
        "errors": 0
      },
      "deposit_checking": {
        "aborts": 24168,
        "attempts": 145829,
        "committed": 121661,
        "errors": 5
      },
      "transact_savings": {
        "aborts": 22290,
        "attempts": 144066,
        "committed": 121776,
        "errors": 4
      },
      "write_check": {
        "aborts": 61587,
        "attempts": 182341,
        "committed": 120754,
        "errors": 384
      }
    },
    "committed": 605123,
    "committed_tps": 10085.383333333333,
    "error_rate_pct": 0.33779443783824736,
    "errors": 2051,
    "latency": {
      "count": 607174,
      "mean_ms": 6.3130224192447715,
      "p50_ms": 2.9752915143035352,
      "p95_ms": 19.74348512012511
    },
    "latency_max_ms": 305.4265839746222,
    "latency_min_ms": 0.16087503172457218,
    "observed_tps": 10119.566666666668
  },
  "post_snapshot": {
    "account_count": 18000,
    "checking_count": 18000,
    "checking_total": 3590308903,
    "savings_count": 18000,
    "savings_total": 10699908,
    "total_funds": 3601008811
  },
  "pre_snapshot": {
    "account_count": 18000,
    "checking_count": 18000,
    "checking_total": 1800000000,
    "savings_count": 18000,
    "savings_total": 1800000000,
    "total_funds": 3600000000
  },
  "smallbank": {
    "account_count": 18000,
    "amount_max": 10,
    "amount_min": 1,
    "hotspot_probability": 0.5,
    "hotspot_size": 20,
    "initial_checking": 100000,
    "initial_savings": 100000
  },
  "validation": {
    "account_count_ok": true,
    "checking_count_ok": true,
    "ok": true,
    "post_total_funds": 3601008811,
    "pre_total_funds": 3600000000,
    "savings_count_ok": true,
    "total_funds_delta": 1008811
  }
}