{
  "metadata": {
    "allocation": {
      "amalgamate": "SI",
      "balance": "SI",
      "deposit_checking": "SI",
      "transact_savings": "SI",
      "write_check": "SI"
    },
    "elapsed_wall_seconds": 91.42130595794879,
    "host": "MacBook-Pro-86.local",
    "hotspot_probability": 0.5,
    "measurement_seconds": 60.0,
    "mpl": 64,
    "policy": "si",
    "python": "3.11.3",
    "raw_path": "results/v7/raw/20260516T065058.997038+0000_si_mpl64_unbounded_p0p5_r3.json",
    "repeat": 3,
    "retry_limit": null,
    "retry_model": "unbounded",
    "seed": 3994,
    "timestamp_utc": "2026-05-16T06:50:58.997038+00:00",
    "warmup_seconds": 30.0
  },
  "metrics": {
    "abort_rate_pct": 27.12698572050043,
    "abort_reasons": {
      "concurrent_update": 226978
    },
    "aborts": 226978,
    "attempted_tps": 13945.4,
    "attempts": 836724,
    "by_isolation": {
      "SI": {
        "aborts": 226978,
        "attempts": 836724,
        "committed": 609746,
        "errors": 0
      }
    },
    "by_transaction": {
      "amalgamate": {
        "aborts": 121082,
        "attempts": 242556,
        "committed": 121474,
        "errors": 0
      },
      "balance": {
        "aborts": 0,
        "attempts": 121992,
        "committed": 121992,
        "errors": 0
      },
      "deposit_checking": {
        "aborts": 23029,
        "attempts": 145307,
        "committed": 122278,
        "errors": 0
      },
      "transact_savings": {
        "aborts": 22799,
        "attempts": 145209,
        "committed": 122410,
        "errors": 0
      },
      "write_check": {
        "aborts": 60068,
        "attempts": 181660,
        "committed": 121592,
        "errors": 0
      }
    },
    "committed": 609746,
    "committed_tps": 10162.433333333332,
    "error_rate_pct": 0.0,
    "errors": 0,
    "latency": {
      "count": 609746,
      "mean_ms": 6.2871911564354255,
      "p50_ms": 2.819041023030877,
      "p95_ms": 18.93478474812581
    },
    "latency_max_ms": 632.4922500643879,
    "latency_min_ms": 0.14066603034734726,
    "observed_tps": 10162.433333333332
  },
  "post_snapshot": {
    "account_count": 18000,
    "checking_count": 18000,
    "checking_total": 3589006725,
    "savings_count": 18000,
    "savings_total": 11998830,
    "total_funds": 3601005555
  },
  "pre_snapshot": {
    "account_count": 18000,
    "checking_count": 18000,
    "checking_total": 1800000000,
    "savings_count": 18000,
    "savings_total": 1800000000,
    "total_funds": 3600000000
  },
  "smallbank": {
    "account_count": 18000,
    "amount_max": 10,
    "amount_min": 1,
    "hotspot_probability": 0.5,
    "hotspot_size": 20,
    "initial_checking": 100000,
    "initial_savings": 100000
  },
  "validation": {
    "account_count_ok": true,
    "checking_count_ok": true,
    "ok": true,
    "post_total_funds": 3601005555,
    "pre_total_funds": 3600000000,
    "savings_count_ok": true,
    "total_funds_delta": 1005555
  }
}