{
  "metadata": {
    "allocation": {
      "amalgamate": "SSI",
      "balance": "SSI",
      "deposit_checking": "SSI",
      "transact_savings": "SSI",
      "write_check": "SSI"
    },
    "elapsed_wall_seconds": 91.24053129192907,
    "host": "MacBook-Pro-86.local",
    "hotspot_probability": 0.1,
    "measurement_seconds": 60.0,
    "mpl": 64,
    "policy": "ssi",
    "python": "3.11.3",
    "raw_path": "results/v7/raw/20260516T120516.793247+0000_ssi_mpl64_bounded_1_p0p1_r1.json",
    "repeat": 1,
    "retry_limit": 1,
    "retry_model": "bounded_1",
    "seed": 3992,
    "timestamp_utc": "2026-05-16T12:05:16.793247+00:00",
    "warmup_seconds": 30.0
  },
  "metrics": {
    "abort_rate_pct": 0.973998312542427,
    "abort_reasons": {
      "concurrent_update": 3410,
      "dangerous_structure": 134
    },
    "aborts": 3544,
    "attempted_tps": 6064.35,
    "attempts": 363861,
    "by_isolation": {
      "SSI": {
        "aborts": 3544,
        "attempts": 363861,
        "committed": 360317,
        "errors": 380
      }
    },
    "by_transaction": {
      "amalgamate": {
        "aborts": 1586,
        "attempts": 73557,
        "committed": 71971,
        "errors": 186
      },
      "balance": {
        "aborts": 23,
        "attempts": 72274,
        "committed": 72251,
        "errors": 5
      },
      "deposit_checking": {
        "aborts": 568,
        "attempts": 73073,
        "committed": 72505,
        "errors": 35
      },
      "transact_savings": {
        "aborts": 434,
        "attempts": 72386,
        "committed": 71952,
        "errors": 22
      },
      "write_check": {
        "aborts": 933,
        "attempts": 72571,
        "committed": 71638,
        "errors": 132
      }
    },
    "committed": 360317,
    "committed_tps": 6005.283333333334,
    "error_rate_pct": 0.10535158318477836,
    "errors": 380,
    "latency": {
      "count": 360697,
      "mean_ms": 10.64138364757165,
      "p50_ms": 2.3336875019595027,
      "p95_ms": 61.59473535954001
    },
    "latency_max_ms": 349.3724169675261,
    "latency_min_ms": 0.14637503772974014,
    "observed_tps": 6011.616666666667
  },
  "post_snapshot": {
    "account_count": 18000,
    "checking_count": 18000,
    "checking_total": 3591695265,
    "savings_count": 18000,
    "savings_total": 8899089,
    "total_funds": 3600594354
  },
  "pre_snapshot": {
    "account_count": 18000,
    "checking_count": 18000,
    "checking_total": 1800000000,
    "savings_count": 18000,
    "savings_total": 1800000000,
    "total_funds": 3600000000
  },
  "smallbank": {
    "account_count": 18000,
    "amount_max": 10,
    "amount_min": 1,
    "hotspot_probability": 0.1,
    "hotspot_size": 20,
    "initial_checking": 100000,
    "initial_savings": 100000
  },
  "validation": {
    "account_count_ok": true,
    "checking_count_ok": true,
    "ok": true,
    "post_total_funds": 3600594354,
    "pre_total_funds": 3600000000,
    "savings_count_ok": true,
    "total_funds_delta": 594354
  }
}