{
  "metadata": {
    "allocation": {
      "amalgamate": "SSI",
      "balance": "SSI",
      "deposit_checking": "SSI",
      "transact_savings": "SSI",
      "write_check": "SSI"
    },
    "elapsed_wall_seconds": 90.73511495895218,
    "host": "MacBook-Pro-86.local",
    "hotspot_probability": 0.9,
    "measurement_seconds": 60.0,
    "mpl": 32,
    "policy": "ssi",
    "python": "3.11.3",
    "raw_path": "results/v7/raw/20260516T113621.321132+0000_ssi_mpl32_bounded_10_p0p9_r2.json",
    "repeat": 2,
    "retry_limit": 10,
    "retry_model": "bounded_10",
    "seed": 3993,
    "timestamp_utc": "2026-05-16T11:36:21.321132+00:00",
    "warmup_seconds": 30.0
  },
  "metrics": {
    "abort_rate_pct": 32.119953480644625,
    "abort_reasons": {
      "concurrent_update": 101212,
      "dangerous_structure": 14786
    },
    "aborts": 115998,
    "attempted_tps": 6019.0,
    "attempts": 361140,
    "by_isolation": {
      "SSI": {
        "aborts": 115998,
        "attempts": 361140,
        "committed": 245142,
        "errors": 534
      }
    },
    "by_transaction": {
      "amalgamate": {
        "aborts": 58414,
        "attempts": 106885,
        "committed": 48471,
        "errors": 394
      },
      "balance": {
        "aborts": 717,
        "attempts": 49884,
        "committed": 49167,
        "errors": 9
      },
      "deposit_checking": {
        "aborts": 12337,
        "attempts": 61518,
        "committed": 49181,
        "errors": 22
      },
      "transact_savings": {
        "aborts": 11126,
        "attempts": 60277,
        "committed": 49151,
        "errors": 3
      },
      "write_check": {
        "aborts": 33404,
        "attempts": 82576,
        "committed": 49172,
        "errors": 106
      }
    },
    "committed": 245142,
    "committed_tps": 4085.7,
    "error_rate_pct": 0.21735944903043034,
    "errors": 534,
    "latency": {
      "count": 245676,
      "mean_ms": 7.805916533302546,
      "p50_ms": 1.9236039952374995,
      "p95_ms": 36.02772149606607
    },
    "latency_max_ms": 395.75858297757804,
    "latency_min_ms": 0.1489170826971531,
    "observed_tps": 4094.6
  },
  "post_snapshot": {
    "account_count": 18000,
    "checking_count": 18000,
    "checking_total": 2405369117,
    "savings_count": 18000,
    "savings_total": 1195032623,
    "total_funds": 3600401740
  },
  "pre_snapshot": {
    "account_count": 18000,
    "checking_count": 18000,
    "checking_total": 1800000000,
    "savings_count": 18000,
    "savings_total": 1800000000,
    "total_funds": 3600000000
  },
  "smallbank": {
    "account_count": 18000,
    "amount_max": 10,
    "amount_min": 1,
    "hotspot_probability": 0.9,
    "hotspot_size": 20,
    "initial_checking": 100000,
    "initial_savings": 100000
  },
  "validation": {
    "account_count_ok": true,
    "checking_count_ok": true,
    "ok": true,
    "post_total_funds": 3600401740,
    "pre_total_funds": 3600000000,
    "savings_count_ok": true,
    "total_funds_delta": 401740
  }
}