{
  "metadata": {
    "allocation": {
      "amalgamate": "SSI",
      "balance": "SSI",
      "deposit_checking": "SSI",
      "transact_savings": "SSI",
      "write_check": "SSI"
    },
    "elapsed_wall_seconds": 91.17330999998376,
    "host": "MacBook-Pro-86.local",
    "hotspot_probability": 0.5,
    "measurement_seconds": 60.0,
    "mpl": 64,
    "policy": "ssi",
    "python": "3.11.3",
    "raw_path": "results/v7/raw/20260516T121427.513611+0000_ssi_mpl64_bounded_1_p0p5_r2.json",
    "repeat": 2,
    "retry_limit": 1,
    "retry_model": "bounded_1",
    "seed": 3993,
    "timestamp_utc": "2026-05-16T12:14:27.513611+00:00",
    "warmup_seconds": 30.0
  },
  "metrics": {
    "abort_rate_pct": 13.279311679147794,
    "abort_reasons": {
      "concurrent_update": 42557,
      "dangerous_structure": 4115
    },
    "aborts": 46672,
    "attempted_tps": 5857.733333333334,
    "attempts": 351464,
    "by_isolation": {
      "SSI": {
        "aborts": 46672,
        "attempts": 351464,
        "committed": 304792,
        "errors": 11803
      }
    },
    "by_transaction": {
      "amalgamate": {
        "aborts": 20253,
        "attempts": 77837,
        "committed": 57584,
        "errors": 5835
      },
      "balance": {
        "aborts": 336,
        "attempts": 63569,
        "committed": 63233,
        "errors": 43
      },
      "deposit_checking": {
        "aborts": 6978,
        "attempts": 69249,
        "committed": 62271,
        "errors": 1200
      },
      "transact_savings": {
        "aborts": 6255,
        "attempts": 68501,
        "committed": 62246,
        "errors": 1089
      },
      "write_check": {
        "aborts": 12850,
        "attempts": 72308,
        "committed": 59458,
        "errors": 3636
      }
    },
    "committed": 304792,
    "committed_tps": 5079.866666666667,
    "error_rate_pct": 3.7281068873481895,
    "errors": 11803,
    "latency": {
      "count": 316595,
      "mean_ms": 12.127427769822052,
      "p50_ms": 2.083521045278758,
      "p95_ms": 67.52663149381979
    },
    "latency_max_ms": 407.3280000593513,
    "latency_min_ms": 0.1953750615939498,
    "observed_tps": 5276.583333333333
  },
  "post_snapshot": {
    "account_count": 18000,
    "checking_count": 18000,
    "checking_total": 3449039371,
    "savings_count": 18000,
    "savings_total": 151496577,
    "total_funds": 3600535948
  },
  "pre_snapshot": {
    "account_count": 18000,
    "checking_count": 18000,
    "checking_total": 1800000000,
    "savings_count": 18000,
    "savings_total": 1800000000,
    "total_funds": 3600000000
  },
  "smallbank": {
    "account_count": 18000,
    "amount_max": 10,
    "amount_min": 1,
    "hotspot_probability": 0.5,
    "hotspot_size": 20,
    "initial_checking": 100000,
    "initial_savings": 100000
  },
  "validation": {
    "account_count_ok": true,
    "checking_count_ok": true,
    "ok": true,
    "post_total_funds": 3600535948,
    "pre_total_funds": 3600000000,
    "savings_count_ok": true,
    "total_funds_delta": 535948
  }
}