{
  "metadata": {
    "allocation": {
      "amalgamate": "SSI",
      "balance": "SSI",
      "deposit_checking": "RC",
      "transact_savings": "SSI",
      "write_check": "SSI"
    },
    "elapsed_wall_seconds": 91.01648991706315,
    "host": "MacBook-Pro-86.local",
    "hotspot_probability": 0.9,
    "measurement_seconds": 60.0,
    "mpl": 64,
    "policy": "mixed_robust",
    "python": "3.11.3",
    "raw_path": "results/v7/raw/20260516T191411.802017+0000_mixed_robust_mpl64_bounded_10_p0p9_r3.json",
    "repeat": 3,
    "retry_limit": 10,
    "retry_model": "bounded_10",
    "seed": 3994,
    "timestamp_utc": "2026-05-16T19:14:11.802017+00:00",
    "warmup_seconds": 30.0
  },
  "metrics": {
    "abort_rate_pct": 34.699486708115586,
    "abort_reasons": {
      "concurrent_update": 236538,
      "dangerous_structure": 32247
    },
    "aborts": 268785,
    "attempted_tps": 12910.133333333333,
    "attempts": 774608,
    "by_isolation": {
      "RC": {
        "aborts": 0,
        "attempts": 101748,
        "committed": 101748,
        "errors": 0
      },
      "SSI": {
        "aborts": 268785,
        "attempts": 672860,
        "committed": 404075,
        "errors": 1622
      }
    },
    "by_transaction": {
      "amalgamate": {
        "aborts": 154960,
        "attempts": 254614,
        "committed": 99654,
        "errors": 1415
      },
      "balance": {
        "aborts": 1917,
        "attempts": 103506,
        "committed": 101589,
        "errors": 12
      },
      "deposit_checking": {
        "aborts": 0,
        "attempts": 101748,
        "committed": 101748,
        "errors": 0
      },
      "transact_savings": {
        "aborts": 32680,
        "attempts": 134412,
        "committed": 101732,
        "errors": 14
      },
      "write_check": {
        "aborts": 79228,
        "attempts": 180328,
        "committed": 101100,
        "errors": 181
      }
    },
    "committed": 505823,
    "committed_tps": 8430.383333333333,
    "error_rate_pct": 0.3196405521780686,
    "errors": 1622,
    "latency": {
      "count": 507445,
      "mean_ms": 7.558570725413369,
      "p50_ms": 2.401937497779727,
      "p95_ms": 31.148137798300006
    },
    "latency_max_ms": 331.43137500155717,
    "latency_min_ms": 0.16920792404562235,
    "observed_tps": 8457.416666666666
  },
  "post_snapshot": {
    "account_count": 18000,
    "checking_count": 18000,
    "checking_total": 2814969730,
    "savings_count": 18000,
    "savings_total": 785854506,
    "total_funds": 3600824236
  },
  "pre_snapshot": {
    "account_count": 18000,
    "checking_count": 18000,
    "checking_total": 1800000000,
    "savings_count": 18000,
    "savings_total": 1800000000,
    "total_funds": 3600000000
  },
  "smallbank": {
    "account_count": 18000,
    "amount_max": 10,
    "amount_min": 1,
    "hotspot_probability": 0.9,
    "hotspot_size": 20,
    "initial_checking": 100000,
    "initial_savings": 100000
  },
  "validation": {
    "account_count_ok": true,
    "checking_count_ok": true,
    "ok": true,
    "post_total_funds": 3600824236,
    "pre_total_funds": 3600000000,
    "savings_count_ok": true,
    "total_funds_delta": 824236
  }
}