{
  "metadata": {
    "allocation": {
      "amalgamate": "SSI",
      "balance": "SSI",
      "deposit_checking": "RC",
      "transact_savings": "SSI",
      "write_check": "SSI"
    },
    "elapsed_wall_seconds": 91.04344037501141,
    "host": "MacBook-Pro-86.local",
    "hotspot_probability": 0.5,
    "measurement_seconds": 60.0,
    "mpl": 64,
    "policy": "mixed_robust",
    "python": "3.11.3",
    "raw_path": "results/v7/raw/20260516T184206.012691+0000_mixed_robust_mpl64_bounded_3_p0p5_r2.json",
    "repeat": 2,
    "retry_limit": 3,
    "retry_model": "bounded_3",
    "seed": 3993,
    "timestamp_utc": "2026-05-16T18:42:06.012691+00:00",
    "warmup_seconds": 30.0
  },
  "metrics": {
    "abort_rate_pct": 14.743124967631674,
    "abort_reasons": {
      "concurrent_update": 51304,
      "dangerous_structure": 5631
    },
    "aborts": 56935,
    "attempted_tps": 6436.333333333333,
    "attempts": 386180,
    "by_isolation": {
      "RC": {
        "aborts": 0,
        "attempts": 66639,
        "committed": 66639,
        "errors": 0
      },
      "SSI": {
        "aborts": 56935,
        "attempts": 319541,
        "committed": 262606,
        "errors": 3279
      }
    },
    "by_transaction": {
      "amalgamate": {
        "aborts": 29514,
        "attempts": 93767,
        "committed": 64253,
        "errors": 2002
      },
      "balance": {
        "aborts": 602,
        "attempts": 67254,
        "committed": 66652,
        "errors": 43
      },
      "deposit_checking": {
        "aborts": 0,
        "attempts": 66639,
        "committed": 66639,
        "errors": 0
      },
      "transact_savings": {
        "aborts": 8350,
        "attempts": 74903,
        "committed": 66553,
        "errors": 158
      },
      "write_check": {
        "aborts": 18469,
        "attempts": 83617,
        "committed": 65148,
        "errors": 1076
      }
    },
    "committed": 329245,
    "committed_tps": 5487.416666666667,
    "error_rate_pct": 0.9860942368069673,
    "errors": 3279,
    "latency": {
      "count": 332524,
      "mean_ms": 11.547707271858242,
      "p50_ms": 2.0770205301232636,
      "p95_ms": 43.594256800133664
    },
    "latency_max_ms": 443.4622920816764,
    "latency_min_ms": 0.18199998885393143,
    "observed_tps": 5542.066666666667
  },
  "post_snapshot": {
    "account_count": 18000,
    "checking_count": 18000,
    "checking_total": 3551240391,
    "savings_count": 18000,
    "savings_total": 49497510,
    "total_funds": 3600737901
  },
  "pre_snapshot": {
    "account_count": 18000,
    "checking_count": 18000,
    "checking_total": 1800000000,
    "savings_count": 18000,
    "savings_total": 1800000000,
    "total_funds": 3600000000
  },
  "smallbank": {
    "account_count": 18000,
    "amount_max": 10,
    "amount_min": 1,
    "hotspot_probability": 0.5,
    "hotspot_size": 20,
    "initial_checking": 100000,
    "initial_savings": 100000
  },
  "validation": {
    "account_count_ok": true,
    "checking_count_ok": true,
    "ok": true,
    "post_total_funds": 3600737901,
    "pre_total_funds": 3600000000,
    "savings_count_ok": true,
    "total_funds_delta": 737901
  }
}