{
  "metadata": {
    "allocation": {
      "amalgamate": "SSI",
      "balance": "SSI",
      "deposit_checking": "SSI",
      "transact_savings": "SSI",
      "write_check": "SSI"
    },
    "elapsed_wall_seconds": 91.14640249998774,
    "host": "MacBook-Pro-86.local",
    "hotspot_probability": 0.5,
    "measurement_seconds": 60.0,
    "mpl": 64,
    "policy": "ssi",
    "python": "3.11.3",
    "raw_path": "results/v7/raw/20260516T123552.978075+0000_ssi_mpl64_bounded_3_p0p5_r1.json",
    "repeat": 1,
    "retry_limit": 3,
    "retry_model": "bounded_3",
    "seed": 3992,
    "timestamp_utc": "2026-05-16T12:35:52.978075+00:00",
    "warmup_seconds": 30.0
  },
  "metrics": {
    "abort_rate_pct": 15.400547054556895,
    "abort_reasons": {
      "concurrent_update": 47925,
      "dangerous_structure": 4944
    },
    "aborts": 52869,
    "attempted_tps": 5721.55,
    "attempts": 343293,
    "by_isolation": {
      "SSI": {
        "aborts": 52869,
        "attempts": 343293,
        "committed": 290424,
        "errors": 2500
      }
    },
    "by_transaction": {
      "amalgamate": {
        "aborts": 23676,
        "attempts": 80931,
        "committed": 57255,
        "errors": 1450
      },
      "balance": {
        "aborts": 389,
        "attempts": 58933,
        "committed": 58544,
        "errors": 33
      },
      "deposit_checking": {
        "aborts": 7161,
        "attempts": 65783,
        "committed": 58622,
        "errors": 111
      },
      "transact_savings": {
        "aborts": 6483,
        "attempts": 65048,
        "committed": 58565,
        "errors": 93
      },
      "write_check": {
        "aborts": 15160,
        "attempts": 72598,
        "committed": 57438,
        "errors": 813
      }
    },
    "committed": 290424,
    "committed_tps": 4840.4,
    "error_rate_pct": 0.8534636970681815,
    "errors": 2500,
    "latency": {
      "count": 292924,
      "mean_ms": 13.107027383243368,
      "p50_ms": 1.9592289463616908,
      "p95_ms": 82.71383265382593
    },
    "latency_max_ms": 499.4424580363557,
    "latency_min_ms": 0.15462504234164953,
    "observed_tps": 4882.066666666667
  },
  "post_snapshot": {
    "account_count": 18000,
    "checking_count": 18000,
    "checking_total": 3478155565,
    "savings_count": 18000,
    "savings_total": 122394030,
    "total_funds": 3600549595
  },
  "pre_snapshot": {
    "account_count": 18000,
    "checking_count": 18000,
    "checking_total": 1800000000,
    "savings_count": 18000,
    "savings_total": 1800000000,
    "total_funds": 3600000000
  },
  "smallbank": {
    "account_count": 18000,
    "amount_max": 10,
    "amount_min": 1,
    "hotspot_probability": 0.5,
    "hotspot_size": 20,
    "initial_checking": 100000,
    "initial_savings": 100000
  },
  "validation": {
    "account_count_ok": true,
    "checking_count_ok": true,
    "ok": true,
    "post_total_funds": 3600549595,
    "pre_total_funds": 3600000000,
    "savings_count_ok": true,
    "total_funds_delta": 549595
  }
}