{
  "metadata": {
    "allocation": {
      "amalgamate": "SI",
      "balance": "SI",
      "deposit_checking": "SI",
      "transact_savings": "SI",
      "write_check": "SI"
    },
    "elapsed_wall_seconds": 91.13154204201419,
    "host": "MacBook-Pro-86.local",
    "hotspot_probability": 0.9,
    "measurement_seconds": 60.0,
    "mpl": 64,
    "policy": "si",
    "python": "3.11.3",
    "raw_path": "results/v7/raw/20260516T063237.523035+0000_si_mpl64_bounded_10_p0p9_r1.json",
    "repeat": 1,
    "retry_limit": 10,
    "retry_model": "bounded_10",
    "seed": 3992,
    "timestamp_utc": "2026-05-16T06:32:37.523035+00:00",
    "warmup_seconds": 30.0
  },
  "metrics": {
    "abort_rate_pct": 43.050522194221685,
    "abort_reasons": {
      "concurrent_update": 166903
    },
    "aborts": 166903,
    "attempted_tps": 6461.516666666666,
    "attempts": 387691,
    "by_isolation": {
      "SI": {
        "aborts": 166903,
        "attempts": 387691,
        "committed": 220788,
        "errors": 2409
      }
    },
    "by_transaction": {
      "amalgamate": {
        "aborts": 93198,
        "attempts": 135546,
        "committed": 42348,
        "errors": 2152
      },
      "balance": {
        "aborts": 0,
        "attempts": 44800,
        "committed": 44800,
        "errors": 0
      },
      "deposit_checking": {
        "aborts": 15841,
        "attempts": 60449,
        "committed": 44608,
        "errors": 5
      },
      "transact_savings": {
        "aborts": 18080,
        "attempts": 62829,
        "committed": 44749,
        "errors": 9
      },
      "write_check": {
        "aborts": 39784,
        "attempts": 84067,
        "committed": 44283,
        "errors": 243
      }
    },
    "committed": 220788,
    "committed_tps": 3679.8,
    "error_rate_pct": 1.0793155821986855,
    "errors": 2409,
    "latency": {
      "count": 223197,
      "mean_ms": 17.207151703726023,
      "p50_ms": 2.4657504982315004,
      "p95_ms": 98.8737436593508
    },
    "latency_max_ms": 554.6788329957053,
    "latency_min_ms": 0.14483393169939518,
    "observed_tps": 3719.95
  },
  "post_snapshot": {
    "account_count": 18000,
    "checking_count": 18000,
    "checking_total": 2476033536,
    "savings_count": 18000,
    "savings_total": 1124436871,
    "total_funds": 3600470407
  },
  "pre_snapshot": {
    "account_count": 18000,
    "checking_count": 18000,
    "checking_total": 1800000000,
    "savings_count": 18000,
    "savings_total": 1800000000,
    "total_funds": 3600000000
  },
  "smallbank": {
    "account_count": 18000,
    "amount_max": 10,
    "amount_min": 1,
    "hotspot_probability": 0.9,
    "hotspot_size": 20,
    "initial_checking": 100000,
    "initial_savings": 100000
  },
  "validation": {
    "account_count_ok": true,
    "checking_count_ok": true,
    "ok": true,
    "post_total_funds": 3600470407,
    "pre_total_funds": 3600000000,
    "savings_count_ok": true,
    "total_funds_delta": 470407
  }
}