{
  "metadata": {
    "allocation": {
      "amalgamate": "SSI",
      "balance": "SSI",
      "deposit_checking": "RC",
      "transact_savings": "SSI",
      "write_check": "SSI"
    },
    "elapsed_wall_seconds": 90.62442504207138,
    "host": "MacBook-Pro-86.local",
    "hotspot_probability": 0.5,
    "measurement_seconds": 60.0,
    "mpl": 32,
    "policy": "mixed_robust",
    "python": "3.11.3",
    "raw_path": "results/v7/raw/20260516T173802.533045+0000_mixed_robust_mpl32_bounded_10_p0p5_r5.json",
    "repeat": 5,
    "retry_limit": 10,
    "retry_model": "bounded_10",
    "seed": 3996,
    "timestamp_utc": "2026-05-16T17:38:02.533045+00:00",
    "warmup_seconds": 30.0
  },
  "metrics": {
    "abort_rate_pct": 13.176192407506077,
    "abort_reasons": {
      "concurrent_update": 44495,
      "dangerous_structure": 5211
    },
    "aborts": 49706,
    "attempted_tps": 6287.35,
    "attempts": 377241,
    "by_isolation": {
      "RC": {
        "aborts": 0,
        "attempts": 65460,
        "committed": 65460,
        "errors": 0
      },
      "SSI": {
        "aborts": 49706,
        "attempts": 311781,
        "committed": 262075,
        "errors": 126
      }
    },
    "by_transaction": {
      "amalgamate": {
        "aborts": 26832,
        "attempts": 92193,
        "committed": 65361,
        "errors": 63
      },
      "balance": {
        "aborts": 590,
        "attempts": 66216,
        "committed": 65626,
        "errors": 14
      },
      "deposit_checking": {
        "aborts": 0,
        "attempts": 65460,
        "committed": 65460,
        "errors": 0
      },
      "transact_savings": {
        "aborts": 6456,
        "attempts": 72067,
        "committed": 65611,
        "errors": 9
      },
      "write_check": {
        "aborts": 15828,
        "attempts": 81305,
        "committed": 65477,
        "errors": 40
      }
    },
    "committed": 327535,
    "committed_tps": 5458.916666666667,
    "error_rate_pct": 0.038454378153030114,
    "errors": 126,
    "latency": {
      "count": 327661,
      "mean_ms": 5.849172837017725,
      "p50_ms": 1.8578749732114375,
      "p95_ms": 22.5742055219598
    },
    "latency_max_ms": 414.3481249921024,
    "latency_min_ms": 0.171625055372715,
    "observed_tps": 5461.016666666666
  },
  "post_snapshot": {
    "account_count": 18000,
    "checking_count": 18000,
    "checking_total": 3487949132,
    "savings_count": 18000,
    "savings_total": 112592830,
    "total_funds": 3600541962
  },
  "pre_snapshot": {
    "account_count": 18000,
    "checking_count": 18000,
    "checking_total": 1800000000,
    "savings_count": 18000,
    "savings_total": 1800000000,
    "total_funds": 3600000000
  },
  "smallbank": {
    "account_count": 18000,
    "amount_max": 10,
    "amount_min": 1,
    "hotspot_probability": 0.5,
    "hotspot_size": 20,
    "initial_checking": 100000,
    "initial_savings": 100000
  },
  "validation": {
    "account_count_ok": true,
    "checking_count_ok": true,
    "ok": true,
    "post_total_funds": 3600541962,
    "pre_total_funds": 3600000000,
    "savings_count_ok": true,
    "total_funds_delta": 541962
  }
}