{
  "metadata": {
    "allocation": {
      "amalgamate": "SI",
      "balance": "SI",
      "deposit_checking": "SI",
      "transact_savings": "SI",
      "write_check": "SI"
    },
    "elapsed_wall_seconds": 90.66201524995267,
    "host": "MacBook-Pro-86.local",
    "hotspot_probability": 0.1,
    "measurement_seconds": 60.0,
    "mpl": 32,
    "policy": "si",
    "python": "3.11.3",
    "raw_path": "results/v7/raw/20260516T042252.766961+0000_si_mpl32_bounded_3_p0p1_r1.json",
    "repeat": 1,
    "retry_limit": 3,
    "retry_model": "bounded_3",
    "seed": 3992,
    "timestamp_utc": "2026-05-16T04:22:52.766961+00:00",
    "warmup_seconds": 30.0
  },
  "metrics": {
    "abort_rate_pct": 0.7215392838054516,
    "abort_reasons": {
      "concurrent_update": 2808
    },
    "aborts": 2808,
    "attempted_tps": 6486.133333333333,
    "attempts": 389168,
    "by_isolation": {
      "SI": {
        "aborts": 2808,
        "attempts": 389168,
        "committed": 386360,
        "errors": 8
      }
    },
    "by_transaction": {
      "amalgamate": {
        "aborts": 1240,
        "attempts": 78511,
        "committed": 77271,
        "errors": 2
      },
      "balance": {
        "aborts": 0,
        "attempts": 77276,
        "committed": 77276,
        "errors": 0
      },
      "deposit_checking": {
        "aborts": 428,
        "attempts": 77506,
        "committed": 77078,
        "errors": 0
      },
      "transact_savings": {
        "aborts": 350,
        "attempts": 77898,
        "committed": 77548,
        "errors": 0
      },
      "write_check": {
        "aborts": 790,
        "attempts": 77977,
        "committed": 77187,
        "errors": 6
      }
    },
    "committed": 386360,
    "committed_tps": 6439.333333333333,
    "error_rate_pct": 0.0020705648500911047,
    "errors": 8,
    "latency": {
      "count": 386368,
      "mean_ms": 4.9578634150078456,
      "p50_ms": 1.6901874914765358,
      "p95_ms": 20.634014636743814
    },
    "latency_max_ms": 273.0373330414295,
    "latency_min_ms": 0.18270791042596102,
    "observed_tps": 6439.466666666666
  },
  "post_snapshot": {
    "account_count": 18000,
    "checking_count": 18000,
    "checking_total": 3595242431,
    "savings_count": 18000,
    "savings_total": 5399040,
    "total_funds": 3600641471
  },
  "pre_snapshot": {
    "account_count": 18000,
    "checking_count": 18000,
    "checking_total": 1800000000,
    "savings_count": 18000,
    "savings_total": 1800000000,
    "total_funds": 3600000000
  },
  "smallbank": {
    "account_count": 18000,
    "amount_max": 10,
    "amount_min": 1,
    "hotspot_probability": 0.1,
    "hotspot_size": 20,
    "initial_checking": 100000,
    "initial_savings": 100000
  },
  "validation": {
    "account_count_ok": true,
    "checking_count_ok": true,
    "ok": true,
    "post_total_funds": 3600641471,
    "pre_total_funds": 3600000000,
    "savings_count_ok": true,
    "total_funds_delta": 641471
  }
}