{
  "metadata": {
    "allocation": {
      "amalgamate": "SSI",
      "balance": "SSI",
      "deposit_checking": "SSI",
      "transact_savings": "SSI",
      "write_check": "SSI"
    },
    "elapsed_wall_seconds": 91.10867004201282,
    "host": "MacBook-Pro-86.local",
    "hotspot_probability": 0.5,
    "measurement_seconds": 60.0,
    "mpl": 64,
    "policy": "ssi",
    "python": "3.11.3",
    "raw_path": "results/v7/raw/20260516T125847.727317+0000_ssi_mpl64_bounded_10_p0p5_r1.json",
    "repeat": 1,
    "retry_limit": 10,
    "retry_model": "bounded_10",
    "seed": 3992,
    "timestamp_utc": "2026-05-16T12:58:47.727317+00:00",
    "warmup_seconds": 30.0
  },
  "metrics": {
    "abort_rate_pct": 16.883841936600454,
    "abort_reasons": {
      "concurrent_update": 53360,
      "dangerous_structure": 7124
    },
    "aborts": 60484,
    "attempted_tps": 5970.6,
    "attempts": 358236,
    "by_isolation": {
      "SSI": {
        "aborts": 60484,
        "attempts": 358236,
        "committed": 297752,
        "errors": 189
      }
    },
    "by_transaction": {
      "amalgamate": {
        "aborts": 27354,
        "attempts": 86893,
        "committed": 59539,
        "errors": 77
      },
      "balance": {
        "aborts": 538,
        "attempts": 60002,
        "committed": 59464,
        "errors": 15
      },
      "deposit_checking": {
        "aborts": 7720,
        "attempts": 67517,
        "committed": 59797,
        "errors": 25
      },
      "transact_savings": {
        "aborts": 6912,
        "attempts": 66345,
        "committed": 59433,
        "errors": 17
      },
      "write_check": {
        "aborts": 17960,
        "attempts": 77479,
        "committed": 59519,
        "errors": 55
      }
    },
    "committed": 297752,
    "committed_tps": 4962.533333333334,
    "error_rate_pct": 0.0634353781453375,
    "errors": 189,
    "latency": {
      "count": 297941,
      "mean_ms": 12.88681896628025,
      "p50_ms": 2.0699999877251685,
      "p95_ms": 74.87347940332226
    },
    "latency_max_ms": 503.5157080274075,
    "latency_min_ms": 0.1818749587982893,
    "observed_tps": 4965.683333333333
  },
  "post_snapshot": {
    "account_count": 18000,
    "checking_count": 18000,
    "checking_total": 3447701690,
    "savings_count": 18000,
    "savings_total": 152791115,
    "total_funds": 3600492805
  },
  "pre_snapshot": {
    "account_count": 18000,
    "checking_count": 18000,
    "checking_total": 1800000000,
    "savings_count": 18000,
    "savings_total": 1800000000,
    "total_funds": 3600000000
  },
  "smallbank": {
    "account_count": 18000,
    "amount_max": 10,
    "amount_min": 1,
    "hotspot_probability": 0.5,
    "hotspot_size": 20,
    "initial_checking": 100000,
    "initial_savings": 100000
  },
  "validation": {
    "account_count_ok": true,
    "checking_count_ok": true,
    "ok": true,
    "post_total_funds": 3600492805,
    "pre_total_funds": 3600000000,
    "savings_count_ok": true,
    "total_funds_delta": 492805
  }
}