{
  "metadata": {
    "allocation": {
      "amalgamate": "SSI",
      "balance": "SSI",
      "deposit_checking": "SSI",
      "transact_savings": "SSI",
      "write_check": "SSI"
    },
    "elapsed_wall_seconds": 90.31462233397178,
    "host": "MacBook-Pro-86.local",
    "hotspot_probability": 0.9,
    "measurement_seconds": 60.0,
    "mpl": 8,
    "policy": "ssi",
    "python": "3.11.3",
    "raw_path": "results/v7/raw/20260516T085041.006306+0000_ssi_mpl8_bounded_1_p0p9_r2.json",
    "repeat": 2,
    "retry_limit": 1,
    "retry_model": "bounded_1",
    "seed": 3993,
    "timestamp_utc": "2026-05-16T08:50:41.006306+00:00",
    "warmup_seconds": 30.0
  },
  "metrics": {
    "abort_rate_pct": 11.457068126755223,
    "abort_reasons": {
      "concurrent_update": 84788,
      "dangerous_structure": 4352
    },
    "aborts": 89140,
    "attempted_tps": 12967.25,
    "attempts": 778035,
    "by_isolation": {
      "SSI": {
        "aborts": 89140,
        "attempts": 778035,
        "committed": 688895,
        "errors": 13905
      }
    },
    "by_transaction": {
      "amalgamate": {
        "aborts": 41011,
        "attempts": 172789,
        "committed": 131778,
        "errors": 8600
      },
      "balance": {
        "aborts": 402,
        "attempts": 140919,
        "committed": 140517,
        "errors": 9
      },
      "deposit_checking": {
        "aborts": 13078,
        "attempts": 152893,
        "committed": 139815,
        "errors": 805
      },
      "transact_savings": {
        "aborts": 11251,
        "attempts": 151334,
        "committed": 140083,
        "errors": 831
      },
      "write_check": {
        "aborts": 23398,
        "attempts": 160100,
        "committed": 136702,
        "errors": 3660
      }
    },
    "committed": 688895,
    "committed_tps": 11481.583333333334,
    "error_rate_pct": 1.9785145133750712,
    "errors": 13905,
    "latency": {
      "count": 702800,
      "mean_ms": 0.6738548392088587,
      "p50_ms": 0.5393545143306255,
      "p95_ms": 1.4439752325415602
    },
    "latency_max_ms": 50.317333079874516,
    "latency_min_ms": 0.13099994976073503,
    "observed_tps": 11713.333333333334
  },
  "post_snapshot": {
    "account_count": 18000,
    "checking_count": 18000,
    "checking_total": 2959801984,
    "savings_count": 18000,
    "savings_total": 641265162,
    "total_funds": 3601067146
  },
  "pre_snapshot": {
    "account_count": 18000,
    "checking_count": 18000,
    "checking_total": 1800000000,
    "savings_count": 18000,
    "savings_total": 1800000000,
    "total_funds": 3600000000
  },
  "smallbank": {
    "account_count": 18000,
    "amount_max": 10,
    "amount_min": 1,
    "hotspot_probability": 0.9,
    "hotspot_size": 20,
    "initial_checking": 100000,
    "initial_savings": 100000
  },
  "validation": {
    "account_count_ok": true,
    "checking_count_ok": true,
    "ok": true,
    "post_total_funds": 3601067146,
    "pre_total_funds": 3600000000,
    "savings_count_ok": true,
    "total_funds_delta": 1067146
  }
}