{
  "metadata": {
    "allocation": {
      "amalgamate": "SI",
      "balance": "SI",
      "deposit_checking": "SI",
      "transact_savings": "SI",
      "write_check": "SI"
    },
    "elapsed_wall_seconds": 91.06780329195317,
    "host": "MacBook-Pro-86.local",
    "hotspot_probability": 0.9,
    "measurement_seconds": 60.0,
    "mpl": 64,
    "policy": "si",
    "python": "3.11.3",
    "raw_path": "results/v7/raw/20260516T060941.271729+0000_si_mpl64_bounded_3_p0p9_r1.json",
    "repeat": 1,
    "retry_limit": 3,
    "retry_model": "bounded_3",
    "seed": 3992,
    "timestamp_utc": "2026-05-16T06:09:41.271729+00:00",
    "warmup_seconds": 30.0
  },
  "metrics": {
    "abort_rate_pct": 40.606970173791545,
    "abort_reasons": {
      "concurrent_update": 184259
    },
    "aborts": 184259,
    "attempted_tps": 7562.7,
    "attempts": 453762,
    "by_isolation": {
      "SI": {
        "aborts": 184259,
        "attempts": 453762,
        "committed": 269503,
        "errors": 20684
      }
    },
    "by_transaction": {
      "amalgamate": {
        "aborts": 88902,
        "attempts": 133366,
        "committed": 44464,
        "errors": 13535
      },
      "balance": {
        "aborts": 0,
        "attempts": 58036,
        "committed": 58036,
        "errors": 0
      },
      "deposit_checking": {
        "aborts": 22843,
        "attempts": 79855,
        "committed": 57012,
        "errors": 858
      },
      "transact_savings": {
        "aborts": 23205,
        "attempts": 80292,
        "committed": 57087,
        "errors": 933
      },
      "write_check": {
        "aborts": 49309,
        "attempts": 102213,
        "committed": 52904,
        "errors": 5358
      }
    },
    "committed": 269503,
    "committed_tps": 4491.716666666666,
    "error_rate_pct": 7.1278175796986085,
    "errors": 20684,
    "latency": {
      "count": 290187,
      "mean_ms": 13.22781894104507,
      "p50_ms": 2.640896011143923,
      "p95_ms": 90.03791906288821
    },
    "latency_max_ms": 402.6457080617547,
    "latency_min_ms": 0.13983307871967554,
    "observed_tps": 4836.45
  },
  "post_snapshot": {
    "account_count": 18000,
    "checking_count": 18000,
    "checking_total": 2417750877,
    "savings_count": 18000,
    "savings_total": 1182736959,
    "total_funds": 3600487836
  },
  "pre_snapshot": {
    "account_count": 18000,
    "checking_count": 18000,
    "checking_total": 1800000000,
    "savings_count": 18000,
    "savings_total": 1800000000,
    "total_funds": 3600000000
  },
  "smallbank": {
    "account_count": 18000,
    "amount_max": 10,
    "amount_min": 1,
    "hotspot_probability": 0.9,
    "hotspot_size": 20,
    "initial_checking": 100000,
    "initial_savings": 100000
  },
  "validation": {
    "account_count_ok": true,
    "checking_count_ok": true,
    "ok": true,
    "post_total_funds": 3600487836,
    "pre_total_funds": 3600000000,
    "savings_count_ok": true,
    "total_funds_delta": 487836
  }
}