{
  "metadata": {
    "allocation": {
      "amalgamate": "SSI",
      "balance": "SSI",
      "deposit_checking": "SSI",
      "transact_savings": "SSI",
      "write_check": "SSI"
    },
    "elapsed_wall_seconds": 90.71646791696548,
    "host": "MacBook-Pro-86.local",
    "hotspot_probability": 0.9,
    "measurement_seconds": 60.0,
    "mpl": 32,
    "policy": "ssi",
    "python": "3.11.3",
    "raw_path": "results/v7/raw/20260516T120042.384878+0000_ssi_mpl32_unbounded_p0p9_r3.json",
    "repeat": 3,
    "retry_limit": null,
    "retry_model": "unbounded",
    "seed": 3994,
    "timestamp_utc": "2026-05-16T12:00:42.384878+00:00",
    "warmup_seconds": 30.0
  },
  "metrics": {
    "abort_rate_pct": 32.82012224514587,
    "abort_reasons": {
      "concurrent_update": 117467,
      "dangerous_structure": 18705
    },
    "aborts": 136172,
    "attempted_tps": 6915.066666666667,
    "attempts": 414904,
    "by_isolation": {
      "SSI": {
        "aborts": 136172,
        "attempts": 414904,
        "committed": 278732,
        "errors": 0
      }
    },
    "by_transaction": {
      "amalgamate": {
        "aborts": 68983,
        "attempts": 124679,
        "committed": 55696,
        "errors": 0
      },
      "balance": {
        "aborts": 1015,
        "attempts": 56349,
        "committed": 55334,
        "errors": 0
      },
      "deposit_checking": {
        "aborts": 14250,
        "attempts": 69889,
        "committed": 55639,
        "errors": 0
      },
      "transact_savings": {
        "aborts": 12885,
        "attempts": 68890,
        "committed": 56005,
        "errors": 0
      },
      "write_check": {
        "aborts": 39039,
        "attempts": 95097,
        "committed": 56058,
        "errors": 0
      }
    },
    "committed": 278732,
    "committed_tps": 4645.533333333334,
    "error_rate_pct": 0.0,
    "errors": 0,
    "latency": {
      "count": 278732,
      "mean_ms": 6.878068723657874,
      "p50_ms": 1.9669374451041222,
      "p95_ms": 20.48965416615829
    },
    "latency_max_ms": 401.96120797190815,
    "latency_min_ms": 0.13966707047075033,
    "observed_tps": 4645.533333333334
  },
  "post_snapshot": {
    "account_count": 18000,
    "checking_count": 18000,
    "checking_total": 2553191263,
    "savings_count": 18000,
    "savings_total": 1047341032,
    "total_funds": 3600532295
  },
  "pre_snapshot": {
    "account_count": 18000,
    "checking_count": 18000,
    "checking_total": 1800000000,
    "savings_count": 18000,
    "savings_total": 1800000000,
    "total_funds": 3600000000
  },
  "smallbank": {
    "account_count": 18000,
    "amount_max": 10,
    "amount_min": 1,
    "hotspot_probability": 0.9,
    "hotspot_size": 20,
    "initial_checking": 100000,
    "initial_savings": 100000
  },
  "validation": {
    "account_count_ok": true,
    "checking_count_ok": true,
    "ok": true,
    "post_total_funds": 3600532295,
    "pre_total_funds": 3600000000,
    "savings_count_ok": true,
    "total_funds_delta": 532295
  }
}