{
  "metadata": {
    "allocation": {
      "amalgamate": "SSI",
      "balance": "SSI",
      "deposit_checking": "RC",
      "transact_savings": "SSI",
      "write_check": "SSI"
    },
    "elapsed_wall_seconds": 91.01160483399872,
    "host": "MacBook-Pro-86.local",
    "hotspot_probability": 0.9,
    "measurement_seconds": 60.0,
    "mpl": 64,
    "policy": "mixed_robust",
    "python": "3.11.3",
    "raw_path": "results/v7/raw/20260516T182516.813738+0000_mixed_robust_mpl64_bounded_1_p0p9_r1.json",
    "repeat": 1,
    "retry_limit": 1,
    "retry_model": "bounded_1",
    "seed": 3992,
    "timestamp_utc": "2026-05-16T18:25:16.813738+00:00",
    "warmup_seconds": 30.0
  },
  "metrics": {
    "abort_rate_pct": 27.851873725194263,
    "abort_reasons": {
      "concurrent_update": 90790,
      "dangerous_structure": 11076
    },
    "aborts": 101866,
    "attempted_tps": 6095.7,
    "attempts": 365742,
    "by_isolation": {
      "RC": {
        "aborts": 0,
        "attempts": 59369,
        "committed": 59369,
        "errors": 0
      },
      "SSI": {
        "aborts": 101866,
        "attempts": 306373,
        "committed": 204507,
        "errors": 34038
      }
    },
    "by_transaction": {
      "amalgamate": {
        "aborts": 50448,
        "attempts": 90880,
        "committed": 40432,
        "errors": 19043
      },
      "balance": {
        "aborts": 1019,
        "attempts": 60484,
        "committed": 59465,
        "errors": 116
      },
      "deposit_checking": {
        "aborts": 0,
        "attempts": 59369,
        "committed": 59369,
        "errors": 0
      },
      "transact_savings": {
        "aborts": 16639,
        "attempts": 72654,
        "committed": 56015,
        "errors": 3718
      },
      "write_check": {
        "aborts": 33760,
        "attempts": 82355,
        "committed": 48595,
        "errors": 11161
      }
    },
    "committed": 263876,
    "committed_tps": 4397.933333333333,
    "error_rate_pct": 11.425444927059488,
    "errors": 34038,
    "latency": {
      "count": 297914,
      "mean_ms": 12.886539756283554,
      "p50_ms": 2.4519580183550715,
      "p95_ms": 69.18799559934992
    },
    "latency_max_ms": 401.41499997116625,
    "latency_min_ms": 0.15579198952764273,
    "observed_tps": 4965.233333333334
  },
  "post_snapshot": {
    "account_count": 18000,
    "checking_count": 18000,
    "checking_total": 2421415895,
    "savings_count": 18000,
    "savings_total": 1179140244,
    "total_funds": 3600556139
  },
  "pre_snapshot": {
    "account_count": 18000,
    "checking_count": 18000,
    "checking_total": 1800000000,
    "savings_count": 18000,
    "savings_total": 1800000000,
    "total_funds": 3600000000
  },
  "smallbank": {
    "account_count": 18000,
    "amount_max": 10,
    "amount_min": 1,
    "hotspot_probability": 0.9,
    "hotspot_size": 20,
    "initial_checking": 100000,
    "initial_savings": 100000
  },
  "validation": {
    "account_count_ok": true,
    "checking_count_ok": true,
    "ok": true,
    "post_total_funds": 3600556139,
    "pre_total_funds": 3600000000,
    "savings_count_ok": true,
    "total_funds_delta": 556139
  }
}