{
  "metadata": {
    "allocation": {
      "amalgamate": "SI",
      "balance": "SI",
      "deposit_checking": "SI",
      "transact_savings": "SI",
      "write_check": "SI"
    },
    "elapsed_wall_seconds": 90.70676624996122,
    "host": "MacBook-Pro-86.local",
    "hotspot_probability": 0.5,
    "measurement_seconds": 60.0,
    "mpl": 32,
    "policy": "si",
    "python": "3.11.3",
    "raw_path": "results/v7/raw/20260516T043634.834132+0000_si_mpl32_bounded_3_p0p5_r5.json",
    "repeat": 5,
    "retry_limit": 3,
    "retry_model": "bounded_3",
    "seed": 3996,
    "timestamp_utc": "2026-05-16T04:36:34.834132+00:00",
    "warmup_seconds": 30.0
  },
  "metrics": {
    "abort_rate_pct": 14.496413869964588,
    "abort_reasons": {
      "concurrent_update": 64516
    },
    "aborts": 64516,
    "attempted_tps": 7417.466666666666,
    "attempts": 445048,
    "by_isolation": {
      "SI": {
        "aborts": 64516,
        "attempts": 445048,
        "committed": 380532,
        "errors": 3025
      }
    },
    "by_transaction": {
      "amalgamate": {
        "aborts": 30695,
        "attempts": 105467,
        "committed": 74772,
        "errors": 1998
      },
      "balance": {
        "aborts": 0,
        "attempts": 76280,
        "committed": 76280,
        "errors": 0
      },
      "deposit_checking": {
        "aborts": 8459,
        "attempts": 85168,
        "committed": 76709,
        "errors": 65
      },
      "transact_savings": {
        "aborts": 7220,
        "attempts": 84148,
        "committed": 76928,
        "errors": 54
      },
      "write_check": {
        "aborts": 18142,
        "attempts": 93985,
        "committed": 75843,
        "errors": 908
      }
    },
    "committed": 380532,
    "committed_tps": 6342.2,
    "error_rate_pct": 0.7886702628292536,
    "errors": 3025,
    "latency": {
      "count": 383557,
      "mean_ms": 4.994860998409332,
      "p50_ms": 1.849333057180047,
      "p95_ms": 12.74487231858074
    },
    "latency_max_ms": 502.44629196822643,
    "latency_min_ms": 0.14720798935741186,
    "observed_tps": 6392.616666666667
  },
  "post_snapshot": {
    "account_count": 18000,
    "checking_count": 18000,
    "checking_total": 3571708309,
    "savings_count": 18000,
    "savings_total": 29100048,
    "total_funds": 3600808357
  },
  "pre_snapshot": {
    "account_count": 18000,
    "checking_count": 18000,
    "checking_total": 1800000000,
    "savings_count": 18000,
    "savings_total": 1800000000,
    "total_funds": 3600000000
  },
  "smallbank": {
    "account_count": 18000,
    "amount_max": 10,
    "amount_min": 1,
    "hotspot_probability": 0.5,
    "hotspot_size": 20,
    "initial_checking": 100000,
    "initial_savings": 100000
  },
  "validation": {
    "account_count_ok": true,
    "checking_count_ok": true,
    "ok": true,
    "post_total_funds": 3600808357,
    "pre_total_funds": 3600000000,
    "savings_count_ok": true,
    "total_funds_delta": 808357
  }
}