{
  "metadata": {
    "allocation": {
      "amalgamate": "SSI",
      "balance": "SSI",
      "deposit_checking": "RC",
      "transact_savings": "SSI",
      "write_check": "SSI"
    },
    "elapsed_wall_seconds": 91.25826441601384,
    "host": "MacBook-Pro-86.local",
    "hotspot_probability": 0.9,
    "measurement_seconds": 60.0,
    "mpl": 64,
    "policy": "mixed_robust",
    "python": "3.11.3",
    "raw_path": "results/v7/raw/20260516T191240.191060+0000_mixed_robust_mpl64_bounded_10_p0p9_r2.json",
    "repeat": 2,
    "retry_limit": 10,
    "retry_model": "bounded_10",
    "seed": 3993,
    "timestamp_utc": "2026-05-16T19:12:40.191060+00:00",
    "warmup_seconds": 30.0
  },
  "metrics": {
    "abort_rate_pct": 32.95215313218617,
    "abort_reasons": {
      "concurrent_update": 124969,
      "dangerous_structure": 17468
    },
    "aborts": 142437,
    "attempted_tps": 7204.233333333334,
    "attempts": 432254,
    "by_isolation": {
      "RC": {
        "aborts": 0,
        "attempts": 57827,
        "committed": 57827,
        "errors": 0
      },
      "SSI": {
        "aborts": 142437,
        "attempts": 374427,
        "committed": 231990,
        "errors": 811
      }
    },
    "by_transaction": {
      "amalgamate": {
        "aborts": 80829,
        "attempts": 138192,
        "committed": 57363,
        "errors": 620
      },
      "balance": {
        "aborts": 1294,
        "attempts": 59543,
        "committed": 58249,
        "errors": 24
      },
      "deposit_checking": {
        "aborts": 0,
        "attempts": 57827,
        "committed": 57827,
        "errors": 0
      },
      "transact_savings": {
        "aborts": 17958,
        "attempts": 76103,
        "committed": 58145,
        "errors": 11
      },
      "write_check": {
        "aborts": 42356,
        "attempts": 100589,
        "committed": 58233,
        "errors": 156
      }
    },
    "committed": 289817,
    "committed_tps": 4830.283333333334,
    "error_rate_pct": 0.2790508829156172,
    "errors": 811,
    "latency": {
      "count": 290628,
      "mean_ms": 13.206089317000542,
      "p50_ms": 1.9404374761506915,
      "p95_ms": 102.20672255964014
    },
    "latency_max_ms": 495.3017079969868,
    "latency_min_ms": 0.16762502491474152,
    "observed_tps": 4843.8
  },
  "post_snapshot": {
    "account_count": 18000,
    "checking_count": 18000,
    "checking_total": 2457412641,
    "savings_count": 18000,
    "savings_total": 1143035714,
    "total_funds": 3600448355
  },
  "pre_snapshot": {
    "account_count": 18000,
    "checking_count": 18000,
    "checking_total": 1800000000,
    "savings_count": 18000,
    "savings_total": 1800000000,
    "total_funds": 3600000000
  },
  "smallbank": {
    "account_count": 18000,
    "amount_max": 10,
    "amount_min": 1,
    "hotspot_probability": 0.9,
    "hotspot_size": 20,
    "initial_checking": 100000,
    "initial_savings": 100000
  },
  "validation": {
    "account_count_ok": true,
    "checking_count_ok": true,
    "ok": true,
    "post_total_funds": 3600448355,
    "pre_total_funds": 3600000000,
    "savings_count_ok": true,
    "total_funds_delta": 448355
  }
}