{
  "metadata": {
    "allocation": {
      "amalgamate": "SI",
      "balance": "SI",
      "deposit_checking": "SI",
      "transact_savings": "SI",
      "write_check": "SI"
    },
    "elapsed_wall_seconds": 90.67965050006751,
    "host": "MacBook-Pro-86.local",
    "hotspot_probability": 0.5,
    "measurement_seconds": 60.0,
    "mpl": 32,
    "policy": "si",
    "python": "3.11.3",
    "raw_path": "results/v7/raw/20260516T041344.856365+0000_si_mpl32_bounded_1_p0p5_r5.json",
    "repeat": 5,
    "retry_limit": 1,
    "retry_model": "bounded_1",
    "seed": 3996,
    "timestamp_utc": "2026-05-16T04:13:44.856365+00:00",
    "warmup_seconds": 30.0
  },
  "metrics": {
    "abort_rate_pct": 12.788618795256522,
    "abort_reasons": {
      "concurrent_update": 104078
    },
    "aborts": 104078,
    "attempted_tps": 13563.883333333333,
    "attempts": 813833,
    "by_isolation": {
      "SI": {
        "aborts": 104078,
        "attempts": 813833,
        "committed": 709755,
        "errors": 25153
      }
    },
    "by_transaction": {
      "amalgamate": {
        "aborts": 46997,
        "attempts": 180345,
        "committed": 133348,
        "errors": 13487
      },
      "balance": {
        "aborts": 0,
        "attempts": 146618,
        "committed": 146618,
        "errors": 0
      },
      "deposit_checking": {
        "aborts": 14957,
        "attempts": 159755,
        "committed": 144798,
        "errors": 2127
      },
      "transact_savings": {
        "aborts": 13480,
        "attempts": 158724,
        "committed": 145244,
        "errors": 1981
      },
      "write_check": {
        "aborts": 28644,
        "attempts": 168391,
        "committed": 139747,
        "errors": 7558
      }
    },
    "committed": 709755,
    "committed_tps": 11829.25,
    "error_rate_pct": 3.422605278483837,
    "errors": 25153,
    "latency": {
      "count": 734908,
      "mean_ms": 2.600363832484689,
      "p50_ms": 1.9366454216651618,
      "p95_ms": 5.574456503381952
    },
    "latency_max_ms": 189.1165830893442,
    "latency_min_ms": 0.16179203521460295,
    "observed_tps": 12248.466666666667
  },
  "post_snapshot": {
    "account_count": 18000,
    "checking_count": 18000,
    "checking_total": 3595258177,
    "savings_count": 18000,
    "savings_total": 5904365,
    "total_funds": 3601162542
  },
  "pre_snapshot": {
    "account_count": 18000,
    "checking_count": 18000,
    "checking_total": 1800000000,
    "savings_count": 18000,
    "savings_total": 1800000000,
    "total_funds": 3600000000
  },
  "smallbank": {
    "account_count": 18000,
    "amount_max": 10,
    "amount_min": 1,
    "hotspot_probability": 0.5,
    "hotspot_size": 20,
    "initial_checking": 100000,
    "initial_savings": 100000
  },
  "validation": {
    "account_count_ok": true,
    "checking_count_ok": true,
    "ok": true,
    "post_total_funds": 3601162542,
    "pre_total_funds": 3600000000,
    "savings_count_ok": true,
    "total_funds_delta": 1162542
  }
}