{
  "metadata": {
    "allocation": {
      "amalgamate": "SSI",
      "balance": "SSI",
      "deposit_checking": "RC",
      "transact_savings": "SSI",
      "write_check": "SSI"
    },
    "elapsed_wall_seconds": 91.08205037505832,
    "host": "MacBook-Pro-86.local",
    "hotspot_probability": 0.9,
    "measurement_seconds": 60.0,
    "mpl": 64,
    "policy": "mixed_robust",
    "python": "3.11.3",
    "raw_path": "results/v7/raw/20260516T185116.689343+0000_mixed_robust_mpl64_bounded_3_p0p9_r3.json",
    "repeat": 3,
    "retry_limit": 3,
    "retry_model": "bounded_3",
    "seed": 3994,
    "timestamp_utc": "2026-05-16T18:51:16.689343+00:00",
    "warmup_seconds": 30.0
  },
  "metrics": {
    "abort_rate_pct": 31.105827458991232,
    "abort_reasons": {
      "concurrent_update": 98194,
      "dangerous_structure": 13270
    },
    "aborts": 111464,
    "attempted_tps": 5972.3,
    "attempts": 358338,
    "by_isolation": {
      "RC": {
        "aborts": 0,
        "attempts": 51267,
        "committed": 51267,
        "errors": 0
      },
      "SSI": {
        "aborts": 111464,
        "attempts": 307071,
        "committed": 195607,
        "errors": 10227
      }
    },
    "by_transaction": {
      "amalgamate": {
        "aborts": 59542,
        "attempts": 103826,
        "committed": 44284,
        "errors": 6917
      },
      "balance": {
        "aborts": 1090,
        "attempts": 52609,
        "committed": 51519,
        "errors": 71
      },
      "deposit_checking": {
        "aborts": 0,
        "attempts": 51267,
        "committed": 51267,
        "errors": 0
      },
      "transact_savings": {
        "aborts": 15758,
        "attempts": 66760,
        "committed": 51002,
        "errors": 385
      },
      "write_check": {
        "aborts": 35074,
        "attempts": 83876,
        "committed": 48802,
        "errors": 2854
      }
    },
    "committed": 246874,
    "committed_tps": 4114.566666666667,
    "error_rate_pct": 3.977814166417089,
    "errors": 10227,
    "latency": {
      "count": 257101,
      "mean_ms": 14.939143421551014,
      "p50_ms": 2.2652920451946557,
      "p95_ms": 84.79633962269851
    },
    "latency_max_ms": 423.6917910166085,
    "latency_min_ms": 0.1799589954316616,
    "observed_tps": 4285.016666666666
  },
  "post_snapshot": {
    "account_count": 18000,
    "checking_count": 18000,
    "checking_total": 2408110623,
    "savings_count": 18000,
    "savings_total": 1192334656,
    "total_funds": 3600445279
  },
  "pre_snapshot": {
    "account_count": 18000,
    "checking_count": 18000,
    "checking_total": 1800000000,
    "savings_count": 18000,
    "savings_total": 1800000000,
    "total_funds": 3600000000
  },
  "smallbank": {
    "account_count": 18000,
    "amount_max": 10,
    "amount_min": 1,
    "hotspot_probability": 0.9,
    "hotspot_size": 20,
    "initial_checking": 100000,
    "initial_savings": 100000
  },
  "validation": {
    "account_count_ok": true,
    "checking_count_ok": true,
    "ok": true,
    "post_total_funds": 3600445279,
    "pre_total_funds": 3600000000,
    "savings_count_ok": true,
    "total_funds_delta": 445279
  }
}