{
  "metadata": {
    "allocation": {
      "amalgamate": "SI",
      "balance": "SI",
      "deposit_checking": "SI",
      "transact_savings": "SI",
      "write_check": "SI"
    },
    "elapsed_wall_seconds": 90.74835116695613,
    "host": "MacBook-Pro-86.local",
    "hotspot_probability": 0.5,
    "measurement_seconds": 60.0,
    "mpl": 32,
    "policy": "si",
    "python": "3.11.3",
    "raw_path": "results/v7/raw/20260516T045451.142739+0000_si_mpl32_bounded_10_p0p5_r2.json",
    "repeat": 2,
    "retry_limit": 10,
    "retry_model": "bounded_10",
    "seed": 3993,
    "timestamp_utc": "2026-05-16T04:54:51.142739+00:00",
    "warmup_seconds": 30.0
  },
  "metrics": {
    "abort_rate_pct": 15.070704410796576,
    "abort_reasons": {
      "concurrent_update": 57231
    },
    "aborts": 57231,
    "attempted_tps": 6329.166666666667,
    "attempts": 379750,
    "by_isolation": {
      "SI": {
        "aborts": 57231,
        "attempts": 379750,
        "committed": 322519,
        "errors": 70
      }
    },
    "by_transaction": {
      "amalgamate": {
        "aborts": 28656,
        "attempts": 92846,
        "committed": 64190,
        "errors": 60
      },
      "balance": {
        "aborts": 0,
        "attempts": 64811,
        "committed": 64811,
        "errors": 0
      },
      "deposit_checking": {
        "aborts": 6965,
        "attempts": 71339,
        "committed": 64374,
        "errors": 0
      },
      "transact_savings": {
        "aborts": 6314,
        "attempts": 70952,
        "committed": 64638,
        "errors": 0
      },
      "write_check": {
        "aborts": 15296,
        "attempts": 79802,
        "committed": 64506,
        "errors": 10
      }
    },
    "committed": 322519,
    "committed_tps": 5375.316666666667,
    "error_rate_pct": 0.0216994379845562,
    "errors": 70,
    "latency": {
      "count": 322589,
      "mean_ms": 5.940366811843649,
      "p50_ms": 1.7308960086666048,
      "p95_ms": 25.10089816641993
    },
    "latency_max_ms": 446.7860000440851,
    "latency_min_ms": 0.15941692981868982,
    "observed_tps": 5376.483333333334
  },
  "post_snapshot": {
    "account_count": 18000,
    "checking_count": 18000,
    "checking_total": 3481939637,
    "savings_count": 18000,
    "savings_total": 118592411,
    "total_funds": 3600532048
  },
  "pre_snapshot": {
    "account_count": 18000,
    "checking_count": 18000,
    "checking_total": 1800000000,
    "savings_count": 18000,
    "savings_total": 1800000000,
    "total_funds": 3600000000
  },
  "smallbank": {
    "account_count": 18000,
    "amount_max": 10,
    "amount_min": 1,
    "hotspot_probability": 0.5,
    "hotspot_size": 20,
    "initial_checking": 100000,
    "initial_savings": 100000
  },
  "validation": {
    "account_count_ok": true,
    "checking_count_ok": true,
    "ok": true,
    "post_total_funds": 3600532048,
    "pre_total_funds": 3600000000,
    "savings_count_ok": true,
    "total_funds_delta": 532048
  }
}