{
  "metadata": {
    "allocation": {
      "amalgamate": "SSI",
      "balance": "SSI",
      "deposit_checking": "SSI",
      "transact_savings": "SSI",
      "write_check": "SSI"
    },
    "elapsed_wall_seconds": 90.68792474991642,
    "host": "MacBook-Pro-86.local",
    "hotspot_probability": 0.5,
    "measurement_seconds": 60.0,
    "mpl": 32,
    "policy": "ssi",
    "python": "3.11.3",
    "raw_path": "results/v7/raw/20260516T112845.114770+0000_ssi_mpl32_bounded_10_p0p5_r2.json",
    "repeat": 2,
    "retry_limit": 10,
    "retry_model": "bounded_10",
    "seed": 3993,
    "timestamp_utc": "2026-05-16T11:28:45.114770+00:00",
    "warmup_seconds": 30.0
  },
  "metrics": {
    "abort_rate_pct": 14.124541247588914,
    "abort_reasons": {
      "concurrent_update": 46569,
      "dangerous_structure": 5349
    },
    "aborts": 51918,
    "attempted_tps": 6126.216666666666,
    "attempts": 367573,
    "by_isolation": {
      "SSI": {
        "aborts": 51918,
        "attempts": 367573,
        "committed": 315655,
        "errors": 125
      }
    },
    "by_transaction": {
      "amalgamate": {
        "aborts": 24373,
        "attempts": 87299,
        "committed": 62926,
        "errors": 66
      },
      "balance": {
        "aborts": 415,
        "attempts": 63806,
        "committed": 63391,
        "errors": 9
      },
      "deposit_checking": {
        "aborts": 6294,
        "attempts": 69318,
        "committed": 63024,
        "errors": 12
      },
      "transact_savings": {
        "aborts": 5742,
        "attempts": 69044,
        "committed": 63302,
        "errors": 12
      },
      "write_check": {
        "aborts": 15094,
        "attempts": 78106,
        "committed": 63012,
        "errors": 26
      }
    },
    "committed": 315655,
    "committed_tps": 5260.916666666667,
    "error_rate_pct": 0.0395845208689594,
    "errors": 125,
    "latency": {
      "count": 315780,
      "mean_ms": 6.070856243380649,
      "p50_ms": 1.5304585103876889,
      "p95_ms": 25.690210348693643
    },
    "latency_max_ms": 424.67083304654807,
    "latency_min_ms": 0.1967080170288682,
    "observed_tps": 5263.0
  },
  "post_snapshot": {
    "account_count": 18000,
    "checking_count": 18000,
    "checking_total": 3473625886,
    "savings_count": 18000,
    "savings_total": 126892629,
    "total_funds": 3600518515
  },
  "pre_snapshot": {
    "account_count": 18000,
    "checking_count": 18000,
    "checking_total": 1800000000,
    "savings_count": 18000,
    "savings_total": 1800000000,
    "total_funds": 3600000000
  },
  "smallbank": {
    "account_count": 18000,
    "amount_max": 10,
    "amount_min": 1,
    "hotspot_probability": 0.5,
    "hotspot_size": 20,
    "initial_checking": 100000,
    "initial_savings": 100000
  },
  "validation": {
    "account_count_ok": true,
    "checking_count_ok": true,
    "ok": true,
    "post_total_funds": 3600518515,
    "pre_total_funds": 3600000000,
    "savings_count_ok": true,
    "total_funds_delta": 518515
  }
}