{
  "metadata": {
    "allocation": {
      "amalgamate": "SSI",
      "balance": "SSI",
      "deposit_checking": "RC",
      "transact_savings": "SSI",
      "write_check": "SSI"
    },
    "elapsed_wall_seconds": 90.60997024993412,
    "host": "MacBook-Pro-86.local",
    "hotspot_probability": 0.9,
    "measurement_seconds": 60.0,
    "mpl": 32,
    "policy": "mixed_robust",
    "python": "3.11.3",
    "raw_path": "results/v7/raw/20260516T172118.551393+0000_mixed_robust_mpl32_bounded_3_p0p9_r4.json",
    "repeat": 4,
    "retry_limit": 3,
    "retry_model": "bounded_3",
    "seed": 3995,
    "timestamp_utc": "2026-05-16T17:21:18.551393+00:00",
    "warmup_seconds": 30.0
  },
  "metrics": {
    "abort_rate_pct": 28.945179745860706,
    "abort_reasons": {
      "concurrent_update": 204956,
      "dangerous_structure": 25089
    },
    "aborts": 230045,
    "attempted_tps": 13246.016666666666,
    "attempts": 794761,
    "by_isolation": {
      "RC": {
        "aborts": 0,
        "attempts": 116756,
        "committed": 116756,
        "errors": 0
      },
      "SSI": {
        "aborts": 230045,
        "attempts": 678005,
        "committed": 447960,
        "errors": 18473
      }
    },
    "by_transaction": {
      "amalgamate": {
        "aborts": 125455,
        "attempts": 229216,
        "committed": 103761,
        "errors": 13036
      },
      "balance": {
        "aborts": 1892,
        "attempts": 117896,
        "committed": 116004,
        "errors": 42
      },
      "deposit_checking": {
        "aborts": 0,
        "attempts": 116756,
        "committed": 116756,
        "errors": 0
      },
      "transact_savings": {
        "aborts": 28711,
        "attempts": 145297,
        "committed": 116586,
        "errors": 409
      },
      "write_check": {
        "aborts": 73987,
        "attempts": 185596,
        "committed": 111609,
        "errors": 4986
      }
    },
    "committed": 564716,
    "committed_tps": 9411.933333333332,
    "error_rate_pct": 3.1675837507223217,
    "errors": 18473,
    "latency": {
      "count": 583189,
      "mean_ms": 3.280463636117684,
      "p50_ms": 1.9297499675303698,
      "p95_ms": 9.723624330945311
    },
    "latency_max_ms": 339.9935000343248,
    "latency_min_ms": 0.1453340519219637,
    "observed_tps": 9719.816666666668
  },
  "post_snapshot": {
    "account_count": 18000,
    "checking_count": 18000,
    "checking_total": 2886242283,
    "savings_count": 18000,
    "savings_total": 714761979,
    "total_funds": 3601004262
  },
  "pre_snapshot": {
    "account_count": 18000,
    "checking_count": 18000,
    "checking_total": 1800000000,
    "savings_count": 18000,
    "savings_total": 1800000000,
    "total_funds": 3600000000
  },
  "smallbank": {
    "account_count": 18000,
    "amount_max": 10,
    "amount_min": 1,
    "hotspot_probability": 0.9,
    "hotspot_size": 20,
    "initial_checking": 100000,
    "initial_savings": 100000
  },
  "validation": {
    "account_count_ok": true,
    "checking_count_ok": true,
    "ok": true,
    "post_total_funds": 3601004262,
    "pre_total_funds": 3600000000,
    "savings_count_ok": true,
    "total_funds_delta": 1004262
  }
}