{
  "metadata": {
    "allocation": {
      "amalgamate": "SI",
      "balance": "SI",
      "deposit_checking": "SI",
      "transact_savings": "SI",
      "write_check": "SI"
    },
    "elapsed_wall_seconds": 90.7522928750841,
    "host": "MacBook-Pro-86.local",
    "hotspot_probability": 0.5,
    "measurement_seconds": 60.0,
    "mpl": 32,
    "policy": "si",
    "python": "3.11.3",
    "raw_path": "results/v7/raw/20260516T040910.737577+0000_si_mpl32_bounded_1_p0p5_r2.json",
    "repeat": 2,
    "retry_limit": 1,
    "retry_model": "bounded_1",
    "seed": 3993,
    "timestamp_utc": "2026-05-16T04:09:10.737577+00:00",
    "warmup_seconds": 30.0
  },
  "metrics": {
    "abort_rate_pct": 12.65036159465058,
    "abort_reasons": {
      "concurrent_update": 48734
    },
    "aborts": 48734,
    "attempted_tps": 6420.633333333333,
    "attempts": 385238,
    "by_isolation": {
      "SI": {
        "aborts": 48734,
        "attempts": 385238,
        "committed": 336504,
        "errors": 11866
      }
    },
    "by_transaction": {
      "amalgamate": {
        "aborts": 22092,
        "attempts": 85133,
        "committed": 63041,
        "errors": 6441
      },
      "balance": {
        "aborts": 0,
        "attempts": 69984,
        "committed": 69984,
        "errors": 0
      },
      "deposit_checking": {
        "aborts": 7288,
        "attempts": 75819,
        "committed": 68531,
        "errors": 1061
      },
      "transact_savings": {
        "aborts": 6203,
        "attempts": 74967,
        "committed": 68764,
        "errors": 874
      },
      "write_check": {
        "aborts": 13151,
        "attempts": 79335,
        "committed": 66184,
        "errors": 3490
      }
    },
    "committed": 336504,
    "committed_tps": 5608.4,
    "error_rate_pct": 3.406148635071906,
    "errors": 11866,
    "latency": {
      "count": 348370,
      "mean_ms": 5.501967076042262,
      "p50_ms": 1.8086874624714255,
      "p95_ms": 23.41915207216515
    },
    "latency_max_ms": 342.88191702216864,
    "latency_min_ms": 0.17962499987334013,
    "observed_tps": 5806.166666666667
  },
  "post_snapshot": {
    "account_count": 18000,
    "checking_count": 18000,
    "checking_total": 3486786026,
    "savings_count": 18000,
    "savings_total": 113798658,
    "total_funds": 3600584684
  },
  "pre_snapshot": {
    "account_count": 18000,
    "checking_count": 18000,
    "checking_total": 1800000000,
    "savings_count": 18000,
    "savings_total": 1800000000,
    "total_funds": 3600000000
  },
  "smallbank": {
    "account_count": 18000,
    "amount_max": 10,
    "amount_min": 1,
    "hotspot_probability": 0.5,
    "hotspot_size": 20,
    "initial_checking": 100000,
    "initial_savings": 100000
  },
  "validation": {
    "account_count_ok": true,
    "checking_count_ok": true,
    "ok": true,
    "post_total_funds": 3600584684,
    "pre_total_funds": 3600000000,
    "savings_count_ok": true,
    "total_funds_delta": 584684
  }
}