{
  "metadata": {
    "allocation": {
      "amalgamate": "SSI",
      "balance": "SSI",
      "deposit_checking": "SSI",
      "transact_savings": "SSI",
      "write_check": "SSI"
    },
    "elapsed_wall_seconds": 91.07954087492544,
    "host": "MacBook-Pro-86.local",
    "hotspot_probability": 0.1,
    "measurement_seconds": 60.0,
    "mpl": 64,
    "policy": "ssi",
    "python": "3.11.3",
    "raw_path": "results/v7/raw/20260516T121123.874508+0000_ssi_mpl64_bounded_1_p0p1_r5.json",
    "repeat": 5,
    "retry_limit": 1,
    "retry_model": "bounded_1",
    "seed": 3996,
    "timestamp_utc": "2026-05-16T12:11:23.874508+00:00",
    "warmup_seconds": 30.0
  },
  "metrics": {
    "abort_rate_pct": 0.8731921629342492,
    "abort_reasons": {
      "concurrent_update": 2865,
      "dangerous_structure": 158
    },
    "aborts": 3023,
    "attempted_tps": 5770.016666666666,
    "attempts": 346201,
    "by_isolation": {
      "SSI": {
        "aborts": 3023,
        "attempts": 346201,
        "committed": 343178,
        "errors": 304
      }
    },
    "by_transaction": {
      "amalgamate": {
        "aborts": 1361,
        "attempts": 69883,
        "committed": 68522,
        "errors": 163
      },
      "balance": {
        "aborts": 13,
        "attempts": 68843,
        "committed": 68830,
        "errors": 3
      },
      "deposit_checking": {
        "aborts": 432,
        "attempts": 69409,
        "committed": 68977,
        "errors": 26
      },
      "transact_savings": {
        "aborts": 438,
        "attempts": 69011,
        "committed": 68573,
        "errors": 31
      },
      "write_check": {
        "aborts": 779,
        "attempts": 69055,
        "committed": 68276,
        "errors": 81
      }
    },
    "committed": 343178,
    "committed_tps": 5719.633333333333,
    "error_rate_pct": 0.0885053656377918,
    "errors": 304,
    "latency": {
      "count": 343482,
      "mean_ms": 11.174176774092759,
      "p50_ms": 2.3326255613937974,
      "p95_ms": 61.1286723113153
    },
    "latency_max_ms": 336.94004197604954,
    "latency_min_ms": 0.18579105380922556,
    "observed_tps": 5724.7
  },
  "post_snapshot": {
    "account_count": 18000,
    "checking_count": 18000,
    "checking_total": 3590481033,
    "savings_count": 18000,
    "savings_total": 10099934,
    "total_funds": 3600580967
  },
  "pre_snapshot": {
    "account_count": 18000,
    "checking_count": 18000,
    "checking_total": 1800000000,
    "savings_count": 18000,
    "savings_total": 1800000000,
    "total_funds": 3600000000
  },
  "smallbank": {
    "account_count": 18000,
    "amount_max": 10,
    "amount_min": 1,
    "hotspot_probability": 0.1,
    "hotspot_size": 20,
    "initial_checking": 100000,
    "initial_savings": 100000
  },
  "validation": {
    "account_count_ok": true,
    "checking_count_ok": true,
    "ok": true,
    "post_total_funds": 3600580967,
    "pre_total_funds": 3600000000,
    "savings_count_ok": true,
    "total_funds_delta": 580967
  }
}