{
  "metadata": {
    "allocation": {
      "amalgamate": "SSI",
      "balance": "SSI",
      "deposit_checking": "SSI",
      "transact_savings": "SSI",
      "write_check": "SSI"
    },
    "elapsed_wall_seconds": 90.66318045801017,
    "host": "MacBook-Pro-86.local",
    "hotspot_probability": 0.9,
    "measurement_seconds": 60.0,
    "mpl": 32,
    "policy": "ssi",
    "python": "3.11.3",
    "raw_path": "results/v7/raw/20260516T105042.075016+0000_ssi_mpl32_bounded_1_p0p9_r2.json",
    "repeat": 2,
    "retry_limit": 1,
    "retry_model": "bounded_1",
    "seed": 3993,
    "timestamp_utc": "2026-05-16T10:50:42.075016+00:00",
    "warmup_seconds": 30.0
  },
  "metrics": {
    "abort_rate_pct": 27.947739494124676,
    "abort_reasons": {
      "concurrent_update": 155558,
      "dangerous_structure": 19849
    },
    "aborts": 175407,
    "attempted_tps": 10460.416666666666,
    "attempts": 627625,
    "by_isolation": {
      "SSI": {
        "aborts": 175407,
        "attempts": 627625,
        "committed": 452218,
        "errors": 52230
      }
    },
    "by_transaction": {
      "amalgamate": {
        "aborts": 76224,
        "attempts": 149845,
        "committed": 73621,
        "errors": 27432
      },
      "balance": {
        "aborts": 1429,
        "attempts": 101665,
        "committed": 100236,
        "errors": 84
      },
      "deposit_checking": {
        "aborts": 24743,
        "attempts": 121342,
        "committed": 96599,
        "errors": 4398
      },
      "transact_savings": {
        "aborts": 21846,
        "attempts": 119207,
        "committed": 97361,
        "errors": 3924
      },
      "write_check": {
        "aborts": 51165,
        "attempts": 135566,
        "committed": 84401,
        "errors": 16392
      }
    },
    "committed": 452218,
    "committed_tps": 7536.966666666666,
    "error_rate_pct": 10.353891778736362,
    "errors": 52230,
    "latency": {
      "count": 504448,
      "mean_ms": 3.793938378538278,
      "p50_ms": 2.0205419859848917,
      "p95_ms": 6.09062315779738
    },
    "latency_max_ms": 262.1480420930311,
    "latency_min_ms": 0.14187500346451998,
    "observed_tps": 8407.466666666667
  },
  "post_snapshot": {
    "account_count": 18000,
    "checking_count": 18000,
    "checking_total": 2768208948,
    "savings_count": 18000,
    "savings_total": 832761530,
    "total_funds": 3600970478
  },
  "pre_snapshot": {
    "account_count": 18000,
    "checking_count": 18000,
    "checking_total": 1800000000,
    "savings_count": 18000,
    "savings_total": 1800000000,
    "total_funds": 3600000000
  },
  "smallbank": {
    "account_count": 18000,
    "amount_max": 10,
    "amount_min": 1,
    "hotspot_probability": 0.9,
    "hotspot_size": 20,
    "initial_checking": 100000,
    "initial_savings": 100000
  },
  "validation": {
    "account_count_ok": true,
    "checking_count_ok": true,
    "ok": true,
    "post_total_funds": 3600970478,
    "pre_total_funds": 3600000000,
    "savings_count_ok": true,
    "total_funds_delta": 970478
  }
}