{
  "metadata": {
    "allocation": {
      "amalgamate": "SI",
      "balance": "SI",
      "deposit_checking": "SI",
      "transact_savings": "SI",
      "write_check": "SI"
    },
    "elapsed_wall_seconds": 90.33339820895344,
    "host": "MacBook-Pro-86.local",
    "hotspot_probability": 0.5,
    "measurement_seconds": 60.0,
    "mpl": 8,
    "policy": "si",
    "python": "3.11.3",
    "raw_path": "results/v7/raw/20260516T023810.014847+0000_si_mpl8_bounded_1_p0p5_r2.json",
    "repeat": 2,
    "retry_limit": 1,
    "retry_model": "bounded_1",
    "seed": 3993,
    "timestamp_utc": "2026-05-16T02:38:10.014847+00:00",
    "warmup_seconds": 30.0
  },
  "metrics": {
    "abort_rate_pct": 3.862671476600653,
    "abort_reasons": {
      "concurrent_update": 14166
    },
    "aborts": 14166,
    "attempted_tps": 6112.35,
    "attempts": 366741,
    "by_isolation": {
      "SI": {
        "aborts": 14166,
        "attempts": 366741,
        "committed": 352575,
        "errors": 1289
      }
    },
    "by_transaction": {
      "amalgamate": {
        "aborts": 6363,
        "attempts": 76049,
        "committed": 69686,
        "errors": 758
      },
      "balance": {
        "aborts": 0,
        "attempts": 71295,
        "committed": 71295,
        "errors": 0
      },
      "deposit_checking": {
        "aborts": 2267,
        "attempts": 72707,
        "committed": 70440,
        "errors": 90
      },
      "transact_savings": {
        "aborts": 1865,
        "attempts": 72754,
        "committed": 70889,
        "errors": 89
      },
      "write_check": {
        "aborts": 3671,
        "attempts": 73936,
        "committed": 70265,
        "errors": 352
      }
    },
    "committed": 352575,
    "committed_tps": 5876.25,
    "error_rate_pct": 0.3642642371080415,
    "errors": 1289,
    "latency": {
      "count": 353864,
      "mean_ms": 1.3472785504425229,
      "p50_ms": 0.5592704983428121,
      "p95_ms": 4.906545922858638
    },
    "latency_max_ms": 82.31179101858288,
    "latency_min_ms": 0.1602920237928629,
    "observed_tps": 5897.733333333334
  },
  "post_snapshot": {
    "account_count": 18000,
    "checking_count": 18000,
    "checking_total": 3528148459,
    "savings_count": 18000,
    "savings_total": 72495719,
    "total_funds": 3600644178
  },
  "pre_snapshot": {
    "account_count": 18000,
    "checking_count": 18000,
    "checking_total": 1800000000,
    "savings_count": 18000,
    "savings_total": 1800000000,
    "total_funds": 3600000000
  },
  "smallbank": {
    "account_count": 18000,
    "amount_max": 10,
    "amount_min": 1,
    "hotspot_probability": 0.5,
    "hotspot_size": 20,
    "initial_checking": 100000,
    "initial_savings": 100000
  },
  "validation": {
    "account_count_ok": true,
    "checking_count_ok": true,
    "ok": true,
    "post_total_funds": 3600644178,
    "pre_total_funds": 3600000000,
    "savings_count_ok": true,
    "total_funds_delta": 644178
  }
}