{
  "metadata": {
    "allocation": {
      "amalgamate": "SSI",
      "balance": "SSI",
      "deposit_checking": "RC",
      "transact_savings": "SSI",
      "write_check": "SSI"
    },
    "elapsed_wall_seconds": 91.02504087495618,
    "host": "MacBook-Pro-86.local",
    "hotspot_probability": 0.5,
    "measurement_seconds": 60.0,
    "mpl": 64,
    "policy": "mixed_robust",
    "python": "3.11.3",
    "raw_path": "results/v7/raw/20260516T184641.423632+0000_mixed_robust_mpl64_bounded_3_p0p5_r5.json",
    "repeat": 5,
    "retry_limit": 3,
    "retry_model": "bounded_3",
    "seed": 3996,
    "timestamp_utc": "2026-05-16T18:46:41.423632+00:00",
    "warmup_seconds": 30.0
  },
  "metrics": {
    "abort_rate_pct": 15.798517717429782,
    "abort_reasons": {
      "concurrent_update": 103525,
      "dangerous_structure": 9836
    },
    "aborts": 113361,
    "attempted_tps": 11959.033333333333,
    "attempts": 717542,
    "by_isolation": {
      "RC": {
        "aborts": 0,
        "attempts": 122453,
        "committed": 122453,
        "errors": 0
      },
      "SSI": {
        "aborts": 113361,
        "attempts": 595089,
        "committed": 481728,
        "errors": 6777
      }
    },
    "by_transaction": {
      "amalgamate": {
        "aborts": 59713,
        "attempts": 177539,
        "committed": 117826,
        "errors": 4287
      },
      "balance": {
        "aborts": 976,
        "attempts": 123377,
        "committed": 122401,
        "errors": 36
      },
      "deposit_checking": {
        "aborts": 0,
        "attempts": 122453,
        "committed": 122453,
        "errors": 0
      },
      "transact_savings": {
        "aborts": 15980,
        "attempts": 137778,
        "committed": 121798,
        "errors": 304
      },
      "write_check": {
        "aborts": 36692,
        "attempts": 156395,
        "committed": 119703,
        "errors": 2150
      }
    },
    "committed": 604181,
    "committed_tps": 10069.683333333332,
    "error_rate_pct": 1.109241551792431,
    "errors": 6777,
    "latency": {
      "count": 610958,
      "mean_ms": 6.274975829730435,
      "p50_ms": 2.1767705329693854,
      "p95_ms": 38.60816031810826
    },
    "latency_max_ms": 322.23637495189905,
    "latency_min_ms": 0.1462079817429185,
    "observed_tps": 10182.633333333333
  },
  "post_snapshot": {
    "account_count": 18000,
    "checking_count": 18000,
    "checking_total": 3577391352,
    "savings_count": 18000,
    "savings_total": 23498212,
    "total_funds": 3600889564
  },
  "pre_snapshot": {
    "account_count": 18000,
    "checking_count": 18000,
    "checking_total": 1800000000,
    "savings_count": 18000,
    "savings_total": 1800000000,
    "total_funds": 3600000000
  },
  "smallbank": {
    "account_count": 18000,
    "amount_max": 10,
    "amount_min": 1,
    "hotspot_probability": 0.5,
    "hotspot_size": 20,
    "initial_checking": 100000,
    "initial_savings": 100000
  },
  "validation": {
    "account_count_ok": true,
    "checking_count_ok": true,
    "ok": true,
    "post_total_funds": 3600889564,
    "pre_total_funds": 3600000000,
    "savings_count_ok": true,
    "total_funds_delta": 889564
  }
}