{
  "metadata": {
    "allocation": {
      "amalgamate": "SSI",
      "balance": "SSI",
      "deposit_checking": "SSI",
      "transact_savings": "SSI",
      "write_check": "SSI"
    },
    "elapsed_wall_seconds": 90.32362362509593,
    "host": "MacBook-Pro-86.local",
    "hotspot_probability": 0.9,
    "measurement_seconds": 60.0,
    "mpl": 8,
    "policy": "ssi",
    "python": "3.11.3",
    "raw_path": "results/v7/raw/20260516T093439.757627+0000_ssi_mpl8_bounded_10_p0p9_r1.json",
    "repeat": 1,
    "retry_limit": 10,
    "retry_model": "bounded_10",
    "seed": 3992,
    "timestamp_utc": "2026-05-16T09:34:39.757627+00:00",
    "warmup_seconds": 30.0
  },
  "metrics": {
    "abort_rate_pct": 12.078577941379885,
    "abort_reasons": {
      "concurrent_update": 40487,
      "dangerous_structure": 2301
    },
    "aborts": 42788,
    "attempted_tps": 5904.116666666667,
    "attempts": 354247,
    "by_isolation": {
      "SSI": {
        "aborts": 42788,
        "attempts": 354247,
        "committed": 311459,
        "errors": 8
      }
    },
    "by_transaction": {
      "amalgamate": {
        "aborts": 20309,
        "attempts": 82698,
        "committed": 62389,
        "errors": 2
      },
      "balance": {
        "aborts": 194,
        "attempts": 62454,
        "committed": 62260,
        "errors": 1
      },
      "deposit_checking": {
        "aborts": 6081,
        "attempts": 68435,
        "committed": 62354,
        "errors": 2
      },
      "transact_savings": {
        "aborts": 5257,
        "attempts": 67826,
        "committed": 62569,
        "errors": 0
      },
      "write_check": {
        "aborts": 10947,
        "attempts": 72834,
        "committed": 61887,
        "errors": 3
      }
    },
    "committed": 311459,
    "committed_tps": 5190.983333333334,
    "error_rate_pct": 0.0025684904018724295,
    "errors": 8,
    "latency": {
      "count": 311467,
      "mean_ms": 1.5322293081034946,
      "p50_ms": 0.6021879962645471,
      "p95_ms": 6.469107721932184
    },
    "latency_max_ms": 98.23933301959187,
    "latency_min_ms": 0.14829204883426428,
    "observed_tps": 5191.116666666667
  },
  "post_snapshot": {
    "account_count": 18000,
    "checking_count": 18000,
    "checking_total": 2543283189,
    "savings_count": 18000,
    "savings_total": 1057239550,
    "total_funds": 3600522739
  },
  "pre_snapshot": {
    "account_count": 18000,
    "checking_count": 18000,
    "checking_total": 1800000000,
    "savings_count": 18000,
    "savings_total": 1800000000,
    "total_funds": 3600000000
  },
  "smallbank": {
    "account_count": 18000,
    "amount_max": 10,
    "amount_min": 1,
    "hotspot_probability": 0.9,
    "hotspot_size": 20,
    "initial_checking": 100000,
    "initial_savings": 100000
  },
  "validation": {
    "account_count_ok": true,
    "checking_count_ok": true,
    "ok": true,
    "post_total_funds": 3600522739,
    "pre_total_funds": 3600000000,
    "savings_count_ok": true,
    "total_funds_delta": 522739
  }
}