{
  "metadata": {
    "allocation": {
      "amalgamate": "SI",
      "balance": "SI",
      "deposit_checking": "SI",
      "transact_savings": "SI",
      "write_check": "SI"
    },
    "elapsed_wall_seconds": 90.32164500001818,
    "host": "MacBook-Pro-86.local",
    "hotspot_probability": 0.5,
    "measurement_seconds": 60.0,
    "mpl": 8,
    "policy": "si",
    "python": "3.11.3",
    "raw_path": "results/v7/raw/20260516T030054.027118+0000_si_mpl8_bounded_3_p0p5_r2.json",
    "repeat": 2,
    "retry_limit": 3,
    "retry_model": "bounded_3",
    "seed": 3993,
    "timestamp_utc": "2026-05-16T03:00:54.027118+00:00",
    "warmup_seconds": 30.0
  },
  "metrics": {
    "abort_rate_pct": 3.9276097404056007,
    "abort_reasons": {
      "concurrent_update": 14163
    },
    "aborts": 14163,
    "attempted_tps": 6010.016666666666,
    "attempts": 360601,
    "by_isolation": {
      "SI": {
        "aborts": 14163,
        "attempts": 360601,
        "committed": 346438,
        "errors": 39
      }
    },
    "by_transaction": {
      "amalgamate": {
        "aborts": 6490,
        "attempts": 75552,
        "committed": 69062,
        "errors": 32
      },
      "balance": {
        "aborts": 0,
        "attempts": 69737,
        "committed": 69737,
        "errors": 0
      },
      "deposit_checking": {
        "aborts": 2174,
        "attempts": 71255,
        "committed": 69081,
        "errors": 0
      },
      "transact_savings": {
        "aborts": 1842,
        "attempts": 71411,
        "committed": 69569,
        "errors": 0
      },
      "write_check": {
        "aborts": 3657,
        "attempts": 72646,
        "committed": 68989,
        "errors": 7
      }
    },
    "committed": 346438,
    "committed_tps": 5773.966666666666,
    "error_rate_pct": 0.01125615841744185,
    "errors": 39,
    "latency": {
      "count": 346477,
      "mean_ms": 1.3762318128521311,
      "p50_ms": 0.5943749565631151,
      "p95_ms": 5.836083664325984
    },
    "latency_max_ms": 97.00583398807794,
    "latency_min_ms": 0.16129191499203444,
    "observed_tps": 5774.616666666667
  },
  "post_snapshot": {
    "account_count": 18000,
    "checking_count": 18000,
    "checking_total": 3503186673,
    "savings_count": 18000,
    "savings_total": 97393284,
    "total_funds": 3600579957
  },
  "pre_snapshot": {
    "account_count": 18000,
    "checking_count": 18000,
    "checking_total": 1800000000,
    "savings_count": 18000,
    "savings_total": 1800000000,
    "total_funds": 3600000000
  },
  "smallbank": {
    "account_count": 18000,
    "amount_max": 10,
    "amount_min": 1,
    "hotspot_probability": 0.5,
    "hotspot_size": 20,
    "initial_checking": 100000,
    "initial_savings": 100000
  },
  "validation": {
    "account_count_ok": true,
    "checking_count_ok": true,
    "ok": true,
    "post_total_funds": 3600579957,
    "pre_total_funds": 3600000000,
    "savings_count_ok": true,
    "total_funds_delta": 579957
  }
}