{
  "metadata": {
    "allocation": {
      "amalgamate": "SI",
      "balance": "SI",
      "deposit_checking": "SI",
      "transact_savings": "SI",
      "write_check": "SI"
    },
    "elapsed_wall_seconds": 91.50074112496804,
    "host": "MacBook-Pro-86.local",
    "hotspot_probability": 0.9,
    "measurement_seconds": 60.0,
    "mpl": 64,
    "policy": "si",
    "python": "3.11.3",
    "raw_path": "results/v7/raw/20260516T065534.870611+0000_si_mpl64_unbounded_p0p9_r1.json",
    "repeat": 1,
    "retry_limit": null,
    "retry_model": "unbounded",
    "seed": 3992,
    "timestamp_utc": "2026-05-16T06:55:34.870611+00:00",
    "warmup_seconds": 30.0
  },
  "metrics": {
    "abort_rate_pct": 43.2051362445794,
    "abort_reasons": {
      "concurrent_update": 179138
    },
    "aborts": 179138,
    "attempted_tps": 6910.366666666667,
    "attempts": 414622,
    "by_isolation": {
      "SI": {
        "aborts": 179138,
        "attempts": 414622,
        "committed": 235484,
        "errors": 0
      }
    },
    "by_transaction": {
      "amalgamate": {
        "aborts": 105159,
        "attempts": 152066,
        "committed": 46907,
        "errors": 0
      },
      "balance": {
        "aborts": 0,
        "attempts": 47108,
        "committed": 47108,
        "errors": 0
      },
      "deposit_checking": {
        "aborts": 15839,
        "attempts": 62734,
        "committed": 46895,
        "errors": 0
      },
      "transact_savings": {
        "aborts": 18596,
        "attempts": 65654,
        "committed": 47058,
        "errors": 0
      },
      "write_check": {
        "aborts": 39544,
        "attempts": 87060,
        "committed": 47516,
        "errors": 0
      }
    },
    "committed": 235484,
    "committed_tps": 3924.733333333333,
    "error_rate_pct": 0.0,
    "errors": 0,
    "latency": {
      "count": 235484,
      "mean_ms": 16.303736448465507,
      "p50_ms": 2.2880000178702176,
      "p95_ms": 102.07529934123144
    },
    "latency_max_ms": 966.4442079374567,
    "latency_min_ms": 0.14108303003013134,
    "observed_tps": 3924.733333333333
  },
  "post_snapshot": {
    "account_count": 18000,
    "checking_count": 18000,
    "checking_total": 2375444549,
    "savings_count": 18000,
    "savings_total": 1224931662,
    "total_funds": 3600376211
  },
  "pre_snapshot": {
    "account_count": 18000,
    "checking_count": 18000,
    "checking_total": 1800000000,
    "savings_count": 18000,
    "savings_total": 1800000000,
    "total_funds": 3600000000
  },
  "smallbank": {
    "account_count": 18000,
    "amount_max": 10,
    "amount_min": 1,
    "hotspot_probability": 0.9,
    "hotspot_size": 20,
    "initial_checking": 100000,
    "initial_savings": 100000
  },
  "validation": {
    "account_count_ok": true,
    "checking_count_ok": true,
    "ok": true,
    "post_total_funds": 3600376211,
    "pre_total_funds": 3600000000,
    "savings_count_ok": true,
    "total_funds_delta": 376211
  }
}