{
  "metadata": {
    "allocation": {
      "amalgamate": "SSI",
      "balance": "SSI",
      "deposit_checking": "RC",
      "transact_savings": "SSI",
      "write_check": "SSI"
    },
    "elapsed_wall_seconds": 91.04503379098605,
    "host": "MacBook-Pro-86.local",
    "hotspot_probability": 0.9,
    "measurement_seconds": 60.0,
    "mpl": 64,
    "policy": "mixed_robust",
    "python": "3.11.3",
    "raw_path": "results/v7/raw/20260516T191543.364044+0000_mixed_robust_mpl64_bounded_10_p0p9_r4.json",
    "repeat": 4,
    "retry_limit": 10,
    "retry_model": "bounded_10",
    "seed": 3995,
    "timestamp_utc": "2026-05-16T19:15:43.364044+00:00",
    "warmup_seconds": 30.0
  },
  "metrics": {
    "abort_rate_pct": 33.156022814965844,
    "abort_reasons": {
      "concurrent_update": 102286,
      "dangerous_structure": 14149
    },
    "aborts": 116435,
    "attempted_tps": 5852.883333333333,
    "attempts": 351173,
    "by_isolation": {
      "RC": {
        "aborts": 0,
        "attempts": 47098,
        "committed": 47098,
        "errors": 0
      },
      "SSI": {
        "aborts": 116435,
        "attempts": 304075,
        "committed": 187640,
        "errors": 728
      }
    },
    "by_transaction": {
      "amalgamate": {
        "aborts": 66799,
        "attempts": 113144,
        "committed": 46345,
        "errors": 576
      },
      "balance": {
        "aborts": 969,
        "attempts": 48172,
        "committed": 47203,
        "errors": 18
      },
      "deposit_checking": {
        "aborts": 0,
        "attempts": 47098,
        "committed": 47098,
        "errors": 0
      },
      "transact_savings": {
        "aborts": 14757,
        "attempts": 62010,
        "committed": 47253,
        "errors": 14
      },
      "write_check": {
        "aborts": 33910,
        "attempts": 80749,
        "committed": 46839,
        "errors": 120
      }
    },
    "committed": 234738,
    "committed_tps": 3912.3,
    "error_rate_pct": 0.30917414828467804,
    "errors": 728,
    "latency": {
      "count": 235466,
      "mean_ms": 16.30786901351232,
      "p50_ms": 2.0383539958857,
      "p95_ms": 98.83589343517082
    },
    "latency_max_ms": 520.2034170506522,
    "latency_min_ms": 0.15770795289427042,
    "observed_tps": 3924.4333333333334
  },
  "post_snapshot": {
    "account_count": 18000,
    "checking_count": 18000,
    "checking_total": 2507952655,
    "savings_count": 18000,
    "savings_total": 1092537986,
    "total_funds": 3600490641
  },
  "pre_snapshot": {
    "account_count": 18000,
    "checking_count": 18000,
    "checking_total": 1800000000,
    "savings_count": 18000,
    "savings_total": 1800000000,
    "total_funds": 3600000000
  },
  "smallbank": {
    "account_count": 18000,
    "amount_max": 10,
    "amount_min": 1,
    "hotspot_probability": 0.9,
    "hotspot_size": 20,
    "initial_checking": 100000,
    "initial_savings": 100000
  },
  "validation": {
    "account_count_ok": true,
    "checking_count_ok": true,
    "ok": true,
    "post_total_funds": 3600490641,
    "pre_total_funds": 3600000000,
    "savings_count_ok": true,
    "total_funds_delta": 490641
  }
}