{
  "metadata": {
    "allocation": {
      "amalgamate": "SI",
      "balance": "SI",
      "deposit_checking": "SI",
      "transact_savings": "SI",
      "write_check": "SI"
    },
    "elapsed_wall_seconds": 91.32000562502071,
    "host": "MacBook-Pro-86.local",
    "hotspot_probability": 0.9,
    "measurement_seconds": 60.0,
    "mpl": 64,
    "policy": "si",
    "python": "3.11.3",
    "raw_path": "results/v7/raw/20260516T070010.355004+0000_si_mpl64_unbounded_p0p9_r4.json",
    "repeat": 4,
    "retry_limit": null,
    "retry_model": "unbounded",
    "seed": 3995,
    "timestamp_utc": "2026-05-16T07:00:10.355004+00:00",
    "warmup_seconds": 30.0
  },
  "metrics": {
    "abort_rate_pct": 43.3442209015116,
    "abort_reasons": {
      "concurrent_update": 165480
    },
    "aborts": 165480,
    "attempted_tps": 6363.016666666666,
    "attempts": 381781,
    "by_isolation": {
      "SI": {
        "aborts": 165480,
        "attempts": 381781,
        "committed": 216301,
        "errors": 0
      }
    },
    "by_transaction": {
      "amalgamate": {
        "aborts": 97105,
        "attempts": 140206,
        "committed": 43101,
        "errors": 0
      },
      "balance": {
        "aborts": 0,
        "attempts": 43319,
        "committed": 43319,
        "errors": 0
      },
      "deposit_checking": {
        "aborts": 14376,
        "attempts": 57528,
        "committed": 43152,
        "errors": 0
      },
      "transact_savings": {
        "aborts": 17076,
        "attempts": 60243,
        "committed": 43167,
        "errors": 0
      },
      "write_check": {
        "aborts": 36923,
        "attempts": 80485,
        "committed": 43562,
        "errors": 0
      }
    },
    "committed": 216301,
    "committed_tps": 3605.016666666667,
    "error_rate_pct": 0.0,
    "errors": 0,
    "latency": {
      "count": 216301,
      "mean_ms": 17.750890841917876,
      "p50_ms": 2.3367920075543225,
      "p95_ms": 104.70405420055586
    },
    "latency_max_ms": 821.1481670150533,
    "latency_min_ms": 0.12941693421453238,
    "observed_tps": 3605.016666666667
  },
  "post_snapshot": {
    "account_count": 18000,
    "checking_count": 18000,
    "checking_total": 2347824719,
    "savings_count": 18000,
    "savings_total": 1252529883,
    "total_funds": 3600354602
  },
  "pre_snapshot": {
    "account_count": 18000,
    "checking_count": 18000,
    "checking_total": 1800000000,
    "savings_count": 18000,
    "savings_total": 1800000000,
    "total_funds": 3600000000
  },
  "smallbank": {
    "account_count": 18000,
    "amount_max": 10,
    "amount_min": 1,
    "hotspot_probability": 0.9,
    "hotspot_size": 20,
    "initial_checking": 100000,
    "initial_savings": 100000
  },
  "validation": {
    "account_count_ok": true,
    "checking_count_ok": true,
    "ok": true,
    "post_total_funds": 3600354602,
    "pre_total_funds": 3600000000,
    "savings_count_ok": true,
    "total_funds_delta": 354602
  }
}