{
  "metadata": {
    "allocation": {
      "amalgamate": "SSI",
      "balance": "SSI",
      "deposit_checking": "RC",
      "transact_savings": "SSI",
      "write_check": "SSI"
    },
    "elapsed_wall_seconds": 91.07278062496334,
    "host": "MacBook-Pro-86.local",
    "hotspot_probability": 0.5,
    "measurement_seconds": 60.0,
    "mpl": 64,
    "policy": "mixed_robust",
    "python": "3.11.3",
    "raw_path": "results/v7/raw/20260516T181910.059579+0000_mixed_robust_mpl64_bounded_1_p0p5_r2.json",
    "repeat": 2,
    "retry_limit": 1,
    "retry_model": "bounded_1",
    "seed": 3993,
    "timestamp_utc": "2026-05-16T18:19:10.059579+00:00",
    "warmup_seconds": 30.0
  },
  "metrics": {
    "abort_rate_pct": 13.363754571708249,
    "abort_reasons": {
      "concurrent_update": 49955,
      "dangerous_structure": 4927
    },
    "aborts": 54882,
    "attempted_tps": 6844.633333333333,
    "attempts": 410678,
    "by_isolation": {
      "RC": {
        "aborts": 0,
        "attempts": 74474,
        "committed": 74474,
        "errors": 0
      },
      "SSI": {
        "aborts": 54882,
        "attempts": 336204,
        "committed": 281322,
        "errors": 15450
      }
    },
    "by_transaction": {
      "amalgamate": {
        "aborts": 27696,
        "attempts": 93483,
        "committed": 65787,
        "errors": 8467
      },
      "balance": {
        "aborts": 570,
        "attempts": 74786,
        "committed": 74216,
        "errors": 69
      },
      "deposit_checking": {
        "aborts": 0,
        "attempts": 74474,
        "committed": 74474,
        "errors": 0
      },
      "transact_savings": {
        "aborts": 8807,
        "attempts": 81516,
        "committed": 72709,
        "errors": 1681
      },
      "write_check": {
        "aborts": 17809,
        "attempts": 86419,
        "committed": 68610,
        "errors": 5233
      }
    },
    "committed": 355796,
    "committed_tps": 5929.933333333333,
    "error_rate_pct": 4.161661001061291,
    "errors": 15450,
    "latency": {
      "count": 371246,
      "mean_ms": 10.33470364074709,
      "p50_ms": 2.3623540182597935,
      "p95_ms": 61.34935268783007
    },
    "latency_max_ms": 440.2683329535648,
    "latency_min_ms": 0.17779204063117504,
    "observed_tps": 6187.433333333333
  },
  "post_snapshot": {
    "account_count": 18000,
    "checking_count": 18000,
    "checking_total": 3492629119,
    "savings_count": 18000,
    "savings_total": 107999102,
    "total_funds": 3600628221
  },
  "pre_snapshot": {
    "account_count": 18000,
    "checking_count": 18000,
    "checking_total": 1800000000,
    "savings_count": 18000,
    "savings_total": 1800000000,
    "total_funds": 3600000000
  },
  "smallbank": {
    "account_count": 18000,
    "amount_max": 10,
    "amount_min": 1,
    "hotspot_probability": 0.5,
    "hotspot_size": 20,
    "initial_checking": 100000,
    "initial_savings": 100000
  },
  "validation": {
    "account_count_ok": true,
    "checking_count_ok": true,
    "ok": true,
    "post_total_funds": 3600628221,
    "pre_total_funds": 3600000000,
    "savings_count_ok": true,
    "total_funds_delta": 628221
  }
}