{
  "metadata": {
    "allocation": {
      "amalgamate": "SSI",
      "balance": "SSI",
      "deposit_checking": "SSI",
      "transact_savings": "SSI",
      "write_check": "SSI"
    },
    "elapsed_wall_seconds": 91.10346995899454,
    "host": "MacBook-Pro-86.local",
    "hotspot_probability": 0.1,
    "measurement_seconds": 60.0,
    "mpl": 64,
    "policy": "ssi",
    "python": "3.11.3",
    "raw_path": "results/v7/raw/20260516T120648.609413+0000_ssi_mpl64_bounded_1_p0p1_r2.json",
    "repeat": 2,
    "retry_limit": 1,
    "retry_model": "bounded_1",
    "seed": 3993,
    "timestamp_utc": "2026-05-16T12:06:48.609413+00:00",
    "warmup_seconds": 30.0
  },
  "metrics": {
    "abort_rate_pct": 0.9269390276184594,
    "abort_reasons": {
      "concurrent_update": 4011,
      "dangerous_structure": 191
    },
    "aborts": 4202,
    "attempted_tps": 7555.333333333333,
    "attempts": 453320,
    "by_isolation": {
      "SSI": {
        "aborts": 4202,
        "attempts": 453320,
        "committed": 449118,
        "errors": 424
      }
    },
    "by_transaction": {
      "amalgamate": {
        "aborts": 1882,
        "attempts": 91561,
        "committed": 89679,
        "errors": 218
      },
      "balance": {
        "aborts": 21,
        "attempts": 90072,
        "committed": 90051,
        "errors": 3
      },
      "deposit_checking": {
        "aborts": 608,
        "attempts": 90682,
        "committed": 90074,
        "errors": 43
      },
      "transact_savings": {
        "aborts": 557,
        "attempts": 90518,
        "committed": 89961,
        "errors": 31
      },
      "write_check": {
        "aborts": 1134,
        "attempts": 90487,
        "committed": 89353,
        "errors": 129
      }
    },
    "committed": 449118,
    "committed_tps": 7485.3,
    "error_rate_pct": 0.09431821720773588,
    "errors": 424,
    "latency": {
      "count": 449542,
      "mean_ms": 8.533063752423358,
      "p50_ms": 2.3039375082589686,
      "p95_ms": 57.35099587473084
    },
    "latency_max_ms": 258.6547079263255,
    "latency_min_ms": 0.18400000408291817,
    "observed_tps": 7492.366666666667
  },
  "post_snapshot": {
    "account_count": 18000,
    "checking_count": 18000,
    "checking_total": 3597499270,
    "savings_count": 18000,
    "savings_total": 3198735,
    "total_funds": 3600698005
  },
  "pre_snapshot": {
    "account_count": 18000,
    "checking_count": 18000,
    "checking_total": 1800000000,
    "savings_count": 18000,
    "savings_total": 1800000000,
    "total_funds": 3600000000
  },
  "smallbank": {
    "account_count": 18000,
    "amount_max": 10,
    "amount_min": 1,
    "hotspot_probability": 0.1,
    "hotspot_size": 20,
    "initial_checking": 100000,
    "initial_savings": 100000
  },
  "validation": {
    "account_count_ok": true,
    "checking_count_ok": true,
    "ok": true,
    "post_total_funds": 3600698005,
    "pre_total_funds": 3600000000,
    "savings_count_ok": true,
    "total_funds_delta": 698005
  }
}