{
  "metadata": {
    "allocation": {
      "amalgamate": "SSI",
      "balance": "SSI",
      "deposit_checking": "SSI",
      "transact_savings": "SSI",
      "write_check": "SSI"
    },
    "elapsed_wall_seconds": 91.05846112500876,
    "host": "MacBook-Pro-86.local",
    "hotspot_probability": 0.1,
    "measurement_seconds": 60.0,
    "mpl": 64,
    "policy": "ssi",
    "python": "3.11.3",
    "raw_path": "results/v7/raw/20260516T120820.340033+0000_ssi_mpl64_bounded_1_p0p1_r3.json",
    "repeat": 3,
    "retry_limit": 1,
    "retry_model": "bounded_1",
    "seed": 3994,
    "timestamp_utc": "2026-05-16T12:08:20.340033+00:00",
    "warmup_seconds": 30.0
  },
  "metrics": {
    "abort_rate_pct": 0.9740920222856864,
    "abort_reasons": {
      "concurrent_update": 6006,
      "dangerous_structure": 171
    },
    "aborts": 6177,
    "attempted_tps": 10568.816666666668,
    "attempts": 634129,
    "by_isolation": {
      "SSI": {
        "aborts": 6177,
        "attempts": 634129,
        "committed": 627952,
        "errors": 627
      }
    },
    "by_transaction": {
      "amalgamate": {
        "aborts": 2777,
        "attempts": 127991,
        "committed": 125214,
        "errors": 303
      },
      "balance": {
        "aborts": 22,
        "attempts": 125841,
        "committed": 125819,
        "errors": 2
      },
      "deposit_checking": {
        "aborts": 908,
        "attempts": 126384,
        "committed": 125476,
        "errors": 61
      },
      "transact_savings": {
        "aborts": 817,
        "attempts": 126844,
        "committed": 126027,
        "errors": 59
      },
      "write_check": {
        "aborts": 1653,
        "attempts": 127069,
        "committed": 125416,
        "errors": 202
      }
    },
    "committed": 627952,
    "committed_tps": 10465.866666666667,
    "error_rate_pct": 0.09974879848038194,
    "errors": 627,
    "latency": {
      "count": 628579,
      "mean_ms": 6.101247367732011,
      "p50_ms": 2.5406250497326255,
      "p95_ms": 22.001655853819074
    },
    "latency_max_ms": 230.81545904278755,
    "latency_min_ms": 0.19720906857401133,
    "observed_tps": 10476.316666666668
  },
  "post_snapshot": {
    "account_count": 18000,
    "checking_count": 18000,
    "checking_total": 3600939095,
    "savings_count": 18000,
    "savings_total": 99732,
    "total_funds": 3601038827
  },
  "pre_snapshot": {
    "account_count": 18000,
    "checking_count": 18000,
    "checking_total": 1800000000,
    "savings_count": 18000,
    "savings_total": 1800000000,
    "total_funds": 3600000000
  },
  "smallbank": {
    "account_count": 18000,
    "amount_max": 10,
    "amount_min": 1,
    "hotspot_probability": 0.1,
    "hotspot_size": 20,
    "initial_checking": 100000,
    "initial_savings": 100000
  },
  "validation": {
    "account_count_ok": true,
    "checking_count_ok": true,
    "ok": true,
    "post_total_funds": 3601038827,
    "pre_total_funds": 3600000000,
    "savings_count_ok": true,
    "total_funds_delta": 1038827
  }
}