{
  "metadata": {
    "allocation": {
      "amalgamate": "SSI",
      "balance": "SSI",
      "deposit_checking": "SSI",
      "transact_savings": "SSI",
      "write_check": "SSI"
    },
    "elapsed_wall_seconds": 90.71272754203528,
    "host": "MacBook-Pro-86.local",
    "hotspot_probability": 0.9,
    "measurement_seconds": 60.0,
    "mpl": 32,
    "policy": "ssi",
    "python": "3.11.3",
    "raw_path": "results/v7/raw/20260516T120213.689998+0000_ssi_mpl32_unbounded_p0p9_r4.json",
    "repeat": 4,
    "retry_limit": null,
    "retry_model": "unbounded",
    "seed": 3995,
    "timestamp_utc": "2026-05-16T12:02:13.689998+00:00",
    "warmup_seconds": 30.0
  },
  "metrics": {
    "abort_rate_pct": 31.78080193865416,
    "abort_reasons": {
      "concurrent_update": 98272,
      "dangerous_structure": 15038
    },
    "aborts": 113310,
    "attempted_tps": 5942.266666666666,
    "attempts": 356536,
    "by_isolation": {
      "SSI": {
        "aborts": 113310,
        "attempts": 356536,
        "committed": 243226,
        "errors": 0
      }
    },
    "by_transaction": {
      "amalgamate": {
        "aborts": 56966,
        "attempts": 105396,
        "committed": 48430,
        "errors": 0
      },
      "balance": {
        "aborts": 829,
        "attempts": 49392,
        "committed": 48563,
        "errors": 0
      },
      "deposit_checking": {
        "aborts": 11934,
        "attempts": 60660,
        "committed": 48726,
        "errors": 0
      },
      "transact_savings": {
        "aborts": 11323,
        "attempts": 59935,
        "committed": 48612,
        "errors": 0
      },
      "write_check": {
        "aborts": 32258,
        "attempts": 81153,
        "committed": 48895,
        "errors": 0
      }
    },
    "committed": 243226,
    "committed_tps": 4053.766666666667,
    "error_rate_pct": 0.0,
    "errors": 0,
    "latency": {
      "count": 243226,
      "mean_ms": 7.887347332789423,
      "p50_ms": 1.6852290136739612,
      "p95_ms": 37.80315664480436
    },
    "latency_max_ms": 491.97458289563656,
    "latency_min_ms": 0.14300004113465548,
    "observed_tps": 4053.766666666667
  },
  "post_snapshot": {
    "account_count": 18000,
    "checking_count": 18000,
    "checking_total": 2396263542,
    "savings_count": 18000,
    "savings_total": 1204131994,
    "total_funds": 3600395536
  },
  "pre_snapshot": {
    "account_count": 18000,
    "checking_count": 18000,
    "checking_total": 1800000000,
    "savings_count": 18000,
    "savings_total": 1800000000,
    "total_funds": 3600000000
  },
  "smallbank": {
    "account_count": 18000,
    "amount_max": 10,
    "amount_min": 1,
    "hotspot_probability": 0.9,
    "hotspot_size": 20,
    "initial_checking": 100000,
    "initial_savings": 100000
  },
  "validation": {
    "account_count_ok": true,
    "checking_count_ok": true,
    "ok": true,
    "post_total_funds": 3600395536,
    "pre_total_funds": 3600000000,
    "savings_count_ok": true,
    "total_funds_delta": 395536
  }
}