{
  "metadata": {
    "allocation": {
      "amalgamate": "SSI",
      "balance": "SSI",
      "deposit_checking": "SSI",
      "transact_savings": "SSI",
      "write_check": "SSI"
    },
    "elapsed_wall_seconds": 90.33165183290839,
    "host": "MacBook-Pro-86.local",
    "hotspot_probability": 0.5,
    "measurement_seconds": 60.0,
    "mpl": 8,
    "policy": "ssi",
    "python": "3.11.3",
    "raw_path": "results/v7/raw/20260516T084135.154079+0000_ssi_mpl8_bounded_1_p0p5_r1.json",
    "repeat": 1,
    "retry_limit": 1,
    "retry_model": "bounded_1",
    "seed": 3992,
    "timestamp_utc": "2026-05-16T08:41:35.154079+00:00",
    "warmup_seconds": 30.0
  },
  "metrics": {
    "abort_rate_pct": 3.892226409208771,
    "abort_reasons": {
      "concurrent_update": 13601,
      "dangerous_structure": 374
    },
    "aborts": 13975,
    "attempted_tps": 5984.15,
    "attempts": 359049,
    "by_isolation": {
      "SSI": {
        "aborts": 13975,
        "attempts": 359049,
        "committed": 345074,
        "errors": 1398
      }
    },
    "by_transaction": {
      "amalgamate": {
        "aborts": 6325,
        "attempts": 74753,
        "committed": 68428,
        "errors": 820
      },
      "balance": {
        "aborts": 35,
        "attempts": 69668,
        "committed": 69633,
        "errors": 2
      },
      "deposit_checking": {
        "aborts": 2117,
        "attempts": 71335,
        "committed": 69218,
        "errors": 88
      },
      "transact_savings": {
        "aborts": 1823,
        "attempts": 71236,
        "committed": 69413,
        "errors": 85
      },
      "write_check": {
        "aborts": 3675,
        "attempts": 72057,
        "committed": 68382,
        "errors": 403
      }
    },
    "committed": 345074,
    "committed_tps": 5751.233333333334,
    "error_rate_pct": 0.4034958091851578,
    "errors": 1398,
    "latency": {
      "count": 346472,
      "mean_ms": 1.37650449559087,
      "p50_ms": 0.5776254693046212,
      "p95_ms": 6.109079264570027
    },
    "latency_max_ms": 96.35008301120251,
    "latency_min_ms": 0.16904203221201897,
    "observed_tps": 5774.533333333334
  },
  "post_snapshot": {
    "account_count": 18000,
    "checking_count": 18000,
    "checking_total": 3500687686,
    "savings_count": 18000,
    "savings_total": 99892094,
    "total_funds": 3600579780
  },
  "pre_snapshot": {
    "account_count": 18000,
    "checking_count": 18000,
    "checking_total": 1800000000,
    "savings_count": 18000,
    "savings_total": 1800000000,
    "total_funds": 3600000000
  },
  "smallbank": {
    "account_count": 18000,
    "amount_max": 10,
    "amount_min": 1,
    "hotspot_probability": 0.5,
    "hotspot_size": 20,
    "initial_checking": 100000,
    "initial_savings": 100000
  },
  "validation": {
    "account_count_ok": true,
    "checking_count_ok": true,
    "ok": true,
    "post_total_funds": 3600579780,
    "pre_total_funds": 3600000000,
    "savings_count_ok": true,
    "total_funds_delta": 579780
  }
}