{
  "metadata": {
    "allocation": {
      "amalgamate": "SI",
      "balance": "SI",
      "deposit_checking": "SI",
      "transact_savings": "SI",
      "write_check": "SI"
    },
    "elapsed_wall_seconds": 91.47084862494376,
    "host": "MacBook-Pro-86.local",
    "hotspot_probability": 0.5,
    "measurement_seconds": 60.0,
    "mpl": 64,
    "policy": "si",
    "python": "3.11.3",
    "raw_path": "results/v7/raw/20260516T060333.672691+0000_si_mpl64_bounded_3_p0p5_r2.json",
    "repeat": 2,
    "retry_limit": 3,
    "retry_model": "bounded_3",
    "seed": 3993,
    "timestamp_utc": "2026-05-16T06:03:33.672691+00:00",
    "warmup_seconds": 30.0
  },
  "metrics": {
    "abort_rate_pct": 20.60192973328716,
    "abort_reasons": {
      "concurrent_update": 125529
    },
    "aborts": 125529,
    "attempted_tps": 10155.116666666667,
    "attempts": 609307,
    "by_isolation": {
      "SI": {
        "aborts": 125529,
        "attempts": 609307,
        "committed": 483778,
        "errors": 11064
      }
    },
    "by_transaction": {
      "amalgamate": {
        "aborts": 59699,
        "attempts": 151950,
        "committed": 92251,
        "errors": 6836
      },
      "balance": {
        "aborts": 0,
        "attempts": 99189,
        "committed": 99189,
        "errors": 0
      },
      "deposit_checking": {
        "aborts": 16628,
        "attempts": 115080,
        "committed": 98452,
        "errors": 624
      },
      "transact_savings": {
        "aborts": 17327,
        "attempts": 115551,
        "committed": 98224,
        "errors": 735
      },
      "write_check": {
        "aborts": 31875,
        "attempts": 127537,
        "committed": 95662,
        "errors": 2869
      }
    },
    "committed": 483778,
    "committed_tps": 8062.966666666666,
    "error_rate_pct": 2.23586518525105,
    "errors": 11064,
    "latency": {
      "count": 494842,
      "mean_ms": 7.748516311898675,
      "p50_ms": 1.6890420811250806,
      "p95_ms": 49.97477470315061
    },
    "latency_max_ms": 466.82466694619507,
    "latency_min_ms": 0.16383302863687277,
    "observed_tps": 8247.366666666667
  },
  "post_snapshot": {
    "account_count": 18000,
    "checking_count": 18000,
    "checking_total": 3559503247,
    "savings_count": 18000,
    "savings_total": 41299154,
    "total_funds": 3600802401
  },
  "pre_snapshot": {
    "account_count": 18000,
    "checking_count": 18000,
    "checking_total": 1800000000,
    "savings_count": 18000,
    "savings_total": 1800000000,
    "total_funds": 3600000000
  },
  "smallbank": {
    "account_count": 18000,
    "amount_max": 10,
    "amount_min": 1,
    "hotspot_probability": 0.5,
    "hotspot_size": 20,
    "initial_checking": 100000,
    "initial_savings": 100000
  },
  "validation": {
    "account_count_ok": true,
    "checking_count_ok": true,
    "ok": true,
    "post_total_funds": 3600802401,
    "pre_total_funds": 3600000000,
    "savings_count_ok": true,
    "total_funds_delta": 802401
  }
}