{
  "metadata": {
    "allocation": {
      "amalgamate": "SSI",
      "balance": "SSI",
      "deposit_checking": "SSI",
      "transact_savings": "SSI",
      "write_check": "SSI"
    },
    "elapsed_wall_seconds": 90.67813041701447,
    "host": "MacBook-Pro-86.local",
    "hotspot_probability": 0.9,
    "measurement_seconds": 60.0,
    "mpl": 32,
    "policy": "ssi",
    "python": "3.11.3",
    "raw_path": "results/v7/raw/20260516T105516.160445+0000_ssi_mpl32_bounded_1_p0p9_r5.json",
    "repeat": 5,
    "retry_limit": 1,
    "retry_model": "bounded_1",
    "seed": 3996,
    "timestamp_utc": "2026-05-16T10:55:16.160445+00:00",
    "warmup_seconds": 30.0
  },
  "metrics": {
    "abort_rate_pct": 27.376898453994414,
    "abort_reasons": {
      "concurrent_update": 114154,
      "dangerous_structure": 14478
    },
    "aborts": 128632,
    "attempted_tps": 7830.933333333333,
    "attempts": 469856,
    "by_isolation": {
      "SSI": {
        "aborts": 128632,
        "attempts": 469856,
        "committed": 341224,
        "errors": 38067
      }
    },
    "by_transaction": {
      "amalgamate": {
        "aborts": 55705,
        "attempts": 111416,
        "committed": 55711,
        "errors": 19962
      },
      "balance": {
        "aborts": 977,
        "attempts": 76506,
        "committed": 75529,
        "errors": 61
      },
      "deposit_checking": {
        "aborts": 17926,
        "attempts": 90633,
        "committed": 72707,
        "errors": 3112
      },
      "transact_savings": {
        "aborts": 16384,
        "attempts": 89398,
        "committed": 73014,
        "errors": 3033
      },
      "write_check": {
        "aborts": 37640,
        "attempts": 101903,
        "committed": 64263,
        "errors": 11899
      }
    },
    "committed": 341224,
    "committed_tps": 5687.066666666667,
    "error_rate_pct": 10.036357308768201,
    "errors": 38067,
    "latency": {
      "count": 379291,
      "mean_ms": 5.049388727394279,
      "p50_ms": 1.692708465270698,
      "p95_ms": 30.435202439548434
    },
    "latency_max_ms": 293.1240419857204,
    "latency_min_ms": 0.13883307110518217,
    "observed_tps": 6321.516666666666
  },
  "post_snapshot": {
    "account_count": 18000,
    "checking_count": 18000,
    "checking_total": 2513881476,
    "savings_count": 18000,
    "savings_total": 1086745147,
    "total_funds": 3600626623
  },
  "pre_snapshot": {
    "account_count": 18000,
    "checking_count": 18000,
    "checking_total": 1800000000,
    "savings_count": 18000,
    "savings_total": 1800000000,
    "total_funds": 3600000000
  },
  "smallbank": {
    "account_count": 18000,
    "amount_max": 10,
    "amount_min": 1,
    "hotspot_probability": 0.9,
    "hotspot_size": 20,
    "initial_checking": 100000,
    "initial_savings": 100000
  },
  "validation": {
    "account_count_ok": true,
    "checking_count_ok": true,
    "ok": true,
    "post_total_funds": 3600626623,
    "pre_total_funds": 3600000000,
    "savings_count_ok": true,
    "total_funds_delta": 626623
  }
}