{
  "metadata": {
    "allocation": {
      "amalgamate": "SSI",
      "balance": "SSI",
      "deposit_checking": "RC",
      "transact_savings": "SSI",
      "write_check": "SSI"
    },
    "elapsed_wall_seconds": 90.39087754092179,
    "host": "MacBook-Pro-86.local",
    "hotspot_probability": 0.9,
    "measurement_seconds": 60.0,
    "mpl": 8,
    "policy": "mixed_robust",
    "python": "3.11.3",
    "raw_path": "results/v7/raw/20260516T155142.272257+0000_mixed_robust_mpl8_bounded_3_p0p9_r5.json",
    "repeat": 5,
    "retry_limit": 3,
    "retry_model": "bounded_3",
    "seed": 3996,
    "timestamp_utc": "2026-05-16T15:51:42.272257+00:00",
    "warmup_seconds": 30.0
  },
  "metrics": {
    "abort_rate_pct": 10.260064366015014,
    "abort_reasons": {
      "concurrent_update": 28972,
      "dangerous_structure": 1410
    },
    "aborts": 30382,
    "attempted_tps": 4935.316666666667,
    "attempts": 296119,
    "by_isolation": {
      "RC": {
        "aborts": 0,
        "attempts": 53172,
        "committed": 53172,
        "errors": 0
      },
      "SSI": {
        "aborts": 30382,
        "attempts": 242947,
        "committed": 212565,
        "errors": 334
      }
    },
    "by_transaction": {
      "amalgamate": {
        "aborts": 16994,
        "attempts": 70175,
        "committed": 53181,
        "errors": 279
      },
      "balance": {
        "aborts": 149,
        "attempts": 53186,
        "committed": 53037,
        "errors": 1
      },
      "deposit_checking": {
        "aborts": 0,
        "attempts": 53172,
        "committed": 53172,
        "errors": 0
      },
      "transact_savings": {
        "aborts": 4311,
        "attempts": 57931,
        "committed": 53620,
        "errors": 1
      },
      "write_check": {
        "aborts": 8928,
        "attempts": 61655,
        "committed": 52727,
        "errors": 53
      }
    },
    "committed": 265737,
    "committed_tps": 4428.95,
    "error_rate_pct": 0.12553040353890502,
    "errors": 334,
    "latency": {
      "count": 266071,
      "mean_ms": 1.7939986093019864,
      "p50_ms": 0.6311669712886214,
      "p95_ms": 6.3825809513218665
    },
    "latency_max_ms": 150.65291698556393,
    "latency_min_ms": 0.15029206406325102,
    "observed_tps": 4434.516666666666
  },
  "post_snapshot": {
    "account_count": 18000,
    "checking_count": 18000,
    "checking_total": 2477325933,
    "savings_count": 18000,
    "savings_total": 1123136342,
    "total_funds": 3600462275
  },
  "pre_snapshot": {
    "account_count": 18000,
    "checking_count": 18000,
    "checking_total": 1800000000,
    "savings_count": 18000,
    "savings_total": 1800000000,
    "total_funds": 3600000000
  },
  "smallbank": {
    "account_count": 18000,
    "amount_max": 10,
    "amount_min": 1,
    "hotspot_probability": 0.9,
    "hotspot_size": 20,
    "initial_checking": 100000,
    "initial_savings": 100000
  },
  "validation": {
    "account_count_ok": true,
    "checking_count_ok": true,
    "ok": true,
    "post_total_funds": 3600462275,
    "pre_total_funds": 3600000000,
    "savings_count_ok": true,
    "total_funds_delta": 462275
  }
}