{
  "metadata": {
    "allocation": {
      "amalgamate": "SSI",
      "balance": "SSI",
      "deposit_checking": "RC",
      "transact_savings": "SSI",
      "write_check": "SSI"
    },
    "elapsed_wall_seconds": 90.63072416605428,
    "host": "MacBook-Pro-86.local",
    "hotspot_probability": 0.5,
    "measurement_seconds": 60.0,
    "mpl": 32,
    "policy": "mixed_robust",
    "python": "3.11.3",
    "raw_path": "results/v7/raw/20260516T171039.577499+0000_mixed_robust_mpl32_bounded_3_p0p5_r2.json",
    "repeat": 2,
    "retry_limit": 3,
    "retry_model": "bounded_3",
    "seed": 3993,
    "timestamp_utc": "2026-05-16T17:10:39.577499+00:00",
    "warmup_seconds": 30.0
  },
  "metrics": {
    "abort_rate_pct": 12.188188569407796,
    "abort_reasons": {
      "concurrent_update": 41247,
      "dangerous_structure": 3558
    },
    "aborts": 44805,
    "attempted_tps": 6126.833333333333,
    "attempts": 367610,
    "by_isolation": {
      "RC": {
        "aborts": 0,
        "attempts": 64915,
        "committed": 64915,
        "errors": 0
      },
      "SSI": {
        "aborts": 44805,
        "attempts": 302695,
        "committed": 257890,
        "errors": 2099
      }
    },
    "by_transaction": {
      "amalgamate": {
        "aborts": 23675,
        "attempts": 87019,
        "committed": 63344,
        "errors": 1355
      },
      "balance": {
        "aborts": 374,
        "attempts": 65605,
        "committed": 65231,
        "errors": 21
      },
      "deposit_checking": {
        "aborts": 0,
        "attempts": 64915,
        "committed": 64915,
        "errors": 0
      },
      "transact_savings": {
        "aborts": 6276,
        "attempts": 71133,
        "committed": 64857,
        "errors": 61
      },
      "write_check": {
        "aborts": 14480,
        "attempts": 78938,
        "committed": 64458,
        "errors": 662
      }
    },
    "committed": 322805,
    "committed_tps": 5380.083333333333,
    "error_rate_pct": 0.64603698323197,
    "errors": 2099,
    "latency": {
      "count": 324904,
      "mean_ms": 5.899204716874296,
      "p50_ms": 1.6387919895350933,
      "p95_ms": 25.911600555991726
    },
    "latency_max_ms": 387.8314169123769,
    "latency_min_ms": 0.15416601672768593,
    "observed_tps": 5415.066666666667
  },
  "post_snapshot": {
    "account_count": 18000,
    "checking_count": 18000,
    "checking_total": 3520119835,
    "savings_count": 18000,
    "savings_total": 80496463,
    "total_funds": 3600616298
  },
  "pre_snapshot": {
    "account_count": 18000,
    "checking_count": 18000,
    "checking_total": 1800000000,
    "savings_count": 18000,
    "savings_total": 1800000000,
    "total_funds": 3600000000
  },
  "smallbank": {
    "account_count": 18000,
    "amount_max": 10,
    "amount_min": 1,
    "hotspot_probability": 0.5,
    "hotspot_size": 20,
    "initial_checking": 100000,
    "initial_savings": 100000
  },
  "validation": {
    "account_count_ok": true,
    "checking_count_ok": true,
    "ok": true,
    "post_total_funds": 3600616298,
    "pre_total_funds": 3600000000,
    "savings_count_ok": true,
    "total_funds_delta": 616298
  }
}