{
  "metadata": {
    "allocation": {
      "amalgamate": "SSI",
      "balance": "SSI",
      "deposit_checking": "SSI",
      "transact_savings": "SSI",
      "write_check": "SSI"
    },
    "elapsed_wall_seconds": 90.66773183294572,
    "host": "MacBook-Pro-86.local",
    "hotspot_probability": 0.9,
    "measurement_seconds": 60.0,
    "mpl": 32,
    "policy": "ssi",
    "python": "3.11.3",
    "raw_path": "results/v7/raw/20260516T114055.173650+0000_ssi_mpl32_bounded_10_p0p9_r5.json",
    "repeat": 5,
    "retry_limit": 10,
    "retry_model": "bounded_10",
    "seed": 3996,
    "timestamp_utc": "2026-05-16T11:40:55.173650+00:00",
    "warmup_seconds": 30.0
  },
  "metrics": {
    "abort_rate_pct": 32.87739492239081,
    "abort_reasons": {
      "concurrent_update": 103106,
      "dangerous_structure": 15658
    },
    "aborts": 118764,
    "attempted_tps": 6020.55,
    "attempts": 361233,
    "by_isolation": {
      "SSI": {
        "aborts": 118764,
        "attempts": 361233,
        "committed": 242469,
        "errors": 666
      }
    },
    "by_transaction": {
      "amalgamate": {
        "aborts": 59768,
        "attempts": 107714,
        "committed": 47946,
        "errors": 465
      },
      "balance": {
        "aborts": 817,
        "attempts": 49323,
        "committed": 48506,
        "errors": 16
      },
      "deposit_checking": {
        "aborts": 12525,
        "attempts": 61255,
        "committed": 48730,
        "errors": 11
      },
      "transact_savings": {
        "aborts": 11370,
        "attempts": 59999,
        "committed": 48629,
        "errors": 11
      },
      "write_check": {
        "aborts": 34284,
        "attempts": 82942,
        "committed": 48658,
        "errors": 163
      }
    },
    "committed": 242469,
    "committed_tps": 4041.15,
    "error_rate_pct": 0.2739218952433833,
    "errors": 666,
    "latency": {
      "count": 243135,
      "mean_ms": 7.889246657650806,
      "p50_ms": 1.8067705677822232,
      "p95_ms": 36.728524742648005
    },
    "latency_max_ms": 392.8837089333683,
    "latency_min_ms": 0.1587499864399433,
    "observed_tps": 4052.25
  },
  "post_snapshot": {
    "account_count": 18000,
    "checking_count": 18000,
    "checking_total": 2404369538,
    "savings_count": 18000,
    "savings_total": 1196032418,
    "total_funds": 3600401956
  },
  "pre_snapshot": {
    "account_count": 18000,
    "checking_count": 18000,
    "checking_total": 1800000000,
    "savings_count": 18000,
    "savings_total": 1800000000,
    "total_funds": 3600000000
  },
  "smallbank": {
    "account_count": 18000,
    "amount_max": 10,
    "amount_min": 1,
    "hotspot_probability": 0.9,
    "hotspot_size": 20,
    "initial_checking": 100000,
    "initial_savings": 100000
  },
  "validation": {
    "account_count_ok": true,
    "checking_count_ok": true,
    "ok": true,
    "post_total_funds": 3600401956,
    "pre_total_funds": 3600000000,
    "savings_count_ok": true,
    "total_funds_delta": 401956
  }
}