{
  "metadata": {
    "allocation": {
      "amalgamate": "SI",
      "balance": "SI",
      "deposit_checking": "SI",
      "transact_savings": "SI",
      "write_check": "SI"
    },
    "elapsed_wall_seconds": 90.73452312499285,
    "host": "MacBook-Pro-86.local",
    "hotspot_probability": 0.5,
    "measurement_seconds": 60.0,
    "mpl": 32,
    "policy": "si",
    "python": "3.11.3",
    "raw_path": "results/v7/raw/20260516T045622.574022+0000_si_mpl32_bounded_10_p0p5_r3.json",
    "repeat": 3,
    "retry_limit": 10,
    "retry_model": "bounded_10",
    "seed": 3994,
    "timestamp_utc": "2026-05-16T04:56:22.574022+00:00",
    "warmup_seconds": 30.0
  },
  "metrics": {
    "abort_rate_pct": 15.519672918816955,
    "abort_reasons": {
      "concurrent_update": 69769
    },
    "aborts": 69769,
    "attempted_tps": 7492.533333333334,
    "attempts": 449552,
    "by_isolation": {
      "SI": {
        "aborts": 69769,
        "attempts": 449552,
        "committed": 379783,
        "errors": 89
      }
    },
    "by_transaction": {
      "amalgamate": {
        "aborts": 34661,
        "attempts": 110242,
        "committed": 75581,
        "errors": 69
      },
      "balance": {
        "aborts": 0,
        "attempts": 76190,
        "committed": 76190,
        "errors": 0
      },
      "deposit_checking": {
        "aborts": 8547,
        "attempts": 84510,
        "committed": 75963,
        "errors": 0
      },
      "transact_savings": {
        "aborts": 7385,
        "attempts": 83393,
        "committed": 76008,
        "errors": 0
      },
      "write_check": {
        "aborts": 19176,
        "attempts": 95217,
        "committed": 76041,
        "errors": 20
      }
    },
    "committed": 379783,
    "committed_tps": 6329.716666666666,
    "error_rate_pct": 0.023428944486563894,
    "errors": 89,
    "latency": {
      "count": 379872,
      "mean_ms": 5.0461908219583504,
      "p50_ms": 1.902916468679905,
      "p95_ms": 24.629460152937096
    },
    "latency_max_ms": 360.37087498698384,
    "latency_min_ms": 0.14766701497137547,
    "observed_tps": 6331.2
  },
  "post_snapshot": {
    "account_count": 18000,
    "checking_count": 18000,
    "checking_total": 3513798944,
    "savings_count": 18000,
    "savings_total": 86794951,
    "total_funds": 3600593895
  },
  "pre_snapshot": {
    "account_count": 18000,
    "checking_count": 18000,
    "checking_total": 1800000000,
    "savings_count": 18000,
    "savings_total": 1800000000,
    "total_funds": 3600000000
  },
  "smallbank": {
    "account_count": 18000,
    "amount_max": 10,
    "amount_min": 1,
    "hotspot_probability": 0.5,
    "hotspot_size": 20,
    "initial_checking": 100000,
    "initial_savings": 100000
  },
  "validation": {
    "account_count_ok": true,
    "checking_count_ok": true,
    "ok": true,
    "post_total_funds": 3600593895,
    "pre_total_funds": 3600000000,
    "savings_count_ok": true,
    "total_funds_delta": 593895
  }
}