{
  "metadata": {
    "allocation": {
      "amalgamate": "SSI",
      "balance": "SSI",
      "deposit_checking": "RC",
      "transact_savings": "SSI",
      "write_check": "SSI"
    },
    "elapsed_wall_seconds": 91.02321183297317,
    "host": "MacBook-Pro-86.local",
    "hotspot_probability": 0.5,
    "measurement_seconds": 60.0,
    "mpl": 64,
    "policy": "mixed_robust",
    "python": "3.11.3",
    "raw_path": "results/v7/raw/20260516T184034.507829+0000_mixed_robust_mpl64_bounded_3_p0p5_r1.json",
    "repeat": 1,
    "retry_limit": 3,
    "retry_model": "bounded_3",
    "seed": 3992,
    "timestamp_utc": "2026-05-16T18:40:34.507829+00:00",
    "warmup_seconds": 30.0
  },
  "metrics": {
    "abort_rate_pct": 15.985192451478927,
    "abort_reasons": {
      "concurrent_update": 115533,
      "dangerous_structure": 11247
    },
    "aborts": 126780,
    "attempted_tps": 13218.483333333334,
    "attempts": 793109,
    "by_isolation": {
      "RC": {
        "aborts": 0,
        "attempts": 135085,
        "committed": 135085,
        "errors": 0
      },
      "SSI": {
        "aborts": 126780,
        "attempts": 658024,
        "committed": 531244,
        "errors": 7682
      }
    },
    "by_transaction": {
      "amalgamate": {
        "aborts": 66549,
        "attempts": 196009,
        "committed": 129460,
        "errors": 4831
      },
      "balance": {
        "aborts": 1131,
        "attempts": 136107,
        "committed": 134976,
        "errors": 53
      },
      "deposit_checking": {
        "aborts": 0,
        "attempts": 135085,
        "committed": 135085,
        "errors": 0
      },
      "transact_savings": {
        "aborts": 18089,
        "attempts": 152834,
        "committed": 134745,
        "errors": 323
      },
      "write_check": {
        "aborts": 41011,
        "attempts": 173074,
        "committed": 132063,
        "errors": 2475
      }
    },
    "committed": 666329,
    "committed_tps": 11105.483333333334,
    "error_rate_pct": 1.1397440101125946,
    "errors": 7682,
    "latency": {
      "count": 674011,
      "mean_ms": 5.68708525137939,
      "p50_ms": 2.4868124746717513,
      "p95_ms": 21.825089328922317
    },
    "latency_max_ms": 261.34974998421967,
    "latency_min_ms": 0.1810831017792225,
    "observed_tps": 11233.516666666666
  },
  "post_snapshot": {
    "account_count": 18000,
    "checking_count": 18000,
    "checking_total": 3591274843,
    "savings_count": 18000,
    "savings_total": 9801072,
    "total_funds": 3601075915
  },
  "pre_snapshot": {
    "account_count": 18000,
    "checking_count": 18000,
    "checking_total": 1800000000,
    "savings_count": 18000,
    "savings_total": 1800000000,
    "total_funds": 3600000000
  },
  "smallbank": {
    "account_count": 18000,
    "amount_max": 10,
    "amount_min": 1,
    "hotspot_probability": 0.5,
    "hotspot_size": 20,
    "initial_checking": 100000,
    "initial_savings": 100000
  },
  "validation": {
    "account_count_ok": true,
    "checking_count_ok": true,
    "ok": true,
    "post_total_funds": 3601075915,
    "pre_total_funds": 3600000000,
    "savings_count_ok": true,
    "total_funds_delta": 1075915
  }
}