{
  "metadata": {
    "allocation": {
      "amalgamate": "SSI",
      "balance": "SSI",
      "deposit_checking": "RC",
      "transact_savings": "SSI",
      "write_check": "SSI"
    },
    "elapsed_wall_seconds": 90.60015662503429,
    "host": "MacBook-Pro-86.local",
    "hotspot_probability": 0.1,
    "measurement_seconds": 60.0,
    "mpl": 32,
    "policy": "mixed_robust",
    "python": "3.11.3",
    "raw_path": "results/v7/raw/20260516T172723.588525+0000_mixed_robust_mpl32_bounded_10_p0p1_r3.json",
    "repeat": 3,
    "retry_limit": 10,
    "retry_model": "bounded_10",
    "seed": 3994,
    "timestamp_utc": "2026-05-16T17:27:23.588525+00:00",
    "warmup_seconds": 30.0
  },
  "metrics": {
    "abort_rate_pct": 0.5868480097107097,
    "abort_reasons": {
      "concurrent_update": 4785,
      "dangerous_structure": 127
    },
    "aborts": 4912,
    "attempted_tps": 13950.233333333334,
    "attempts": 837014,
    "by_isolation": {
      "RC": {
        "aborts": 0,
        "attempts": 165988,
        "committed": 165988,
        "errors": 0
      },
      "SSI": {
        "aborts": 4912,
        "attempts": 671026,
        "committed": 666114,
        "errors": 1
      }
    },
    "by_transaction": {
      "amalgamate": {
        "aborts": 2667,
        "attempts": 168755,
        "committed": 166088,
        "errors": 1
      },
      "balance": {
        "aborts": 12,
        "attempts": 166374,
        "committed": 166362,
        "errors": 0
      },
      "deposit_checking": {
        "aborts": 0,
        "attempts": 165988,
        "committed": 165988,
        "errors": 0
      },
      "transact_savings": {
        "aborts": 734,
        "attempts": 168487,
        "committed": 167753,
        "errors": 0
      },
      "write_check": {
        "aborts": 1499,
        "attempts": 167410,
        "committed": 165911,
        "errors": 0
      }
    },
    "committed": 832102,
    "committed_tps": 13868.366666666667,
    "error_rate_pct": 0.00012017742995758939,
    "errors": 1,
    "latency": {
      "count": 832103,
      "mean_ms": 2.2953053090391218,
      "p50_ms": 1.9389584776945412,
      "p95_ms": 3.6218642955645914
    },
    "latency_max_ms": 150.4790410399437,
    "latency_min_ms": 0.20183296874165535,
    "observed_tps": 13868.383333333333
  },
  "post_snapshot": {
    "account_count": 18000,
    "checking_count": 18000,
    "checking_total": 3601116554,
    "savings_count": 18000,
    "savings_total": 199085,
    "total_funds": 3601315639
  },
  "pre_snapshot": {
    "account_count": 18000,
    "checking_count": 18000,
    "checking_total": 1800000000,
    "savings_count": 18000,
    "savings_total": 1800000000,
    "total_funds": 3600000000
  },
  "smallbank": {
    "account_count": 18000,
    "amount_max": 10,
    "amount_min": 1,
    "hotspot_probability": 0.1,
    "hotspot_size": 20,
    "initial_checking": 100000,
    "initial_savings": 100000
  },
  "validation": {
    "account_count_ok": true,
    "checking_count_ok": true,
    "ok": true,
    "post_total_funds": 3601315639,
    "pre_total_funds": 3600000000,
    "savings_count_ok": true,
    "total_funds_delta": 1315639
  }
}