{
  "metadata": {
    "allocation": {
      "amalgamate": "SI",
      "balance": "SI",
      "deposit_checking": "SI",
      "transact_savings": "SI",
      "write_check": "SI"
    },
    "elapsed_wall_seconds": 90.33497308299411,
    "host": "MacBook-Pro-86.local",
    "hotspot_probability": 0.9,
    "measurement_seconds": 60.0,
    "mpl": 8,
    "policy": "si",
    "python": "3.11.3",
    "raw_path": "results/v7/raw/20260516T033415.409801+0000_si_mpl8_bounded_10_p0p9_r4.json",
    "repeat": 4,
    "retry_limit": 10,
    "retry_model": "bounded_10",
    "seed": 3995,
    "timestamp_utc": "2026-05-16T03:34:15.409801+00:00",
    "warmup_seconds": 30.0
  },
  "metrics": {
    "abort_rate_pct": 11.799946033769082,
    "abort_reasons": {
      "concurrent_update": 41107
    },
    "aborts": 41107,
    "attempted_tps": 5806.1,
    "attempts": 348366,
    "by_isolation": {
      "SI": {
        "aborts": 41107,
        "attempts": 348366,
        "committed": 307259,
        "errors": 1
      }
    },
    "by_transaction": {
      "amalgamate": {
        "aborts": 20083,
        "attempts": 81568,
        "committed": 61485,
        "errors": 1
      },
      "balance": {
        "aborts": 0,
        "attempts": 61272,
        "committed": 61272,
        "errors": 0
      },
      "deposit_checking": {
        "aborts": 5906,
        "attempts": 67429,
        "committed": 61523,
        "errors": 0
      },
      "transact_savings": {
        "aborts": 4980,
        "attempts": 66768,
        "committed": 61788,
        "errors": 0
      },
      "write_check": {
        "aborts": 10138,
        "attempts": 71329,
        "committed": 61191,
        "errors": 0
      }
    },
    "committed": 307259,
    "committed_tps": 5120.983333333334,
    "error_rate_pct": 0.0003254572674607824,
    "errors": 1,
    "latency": {
      "count": 307260,
      "mean_ms": 1.5523041284678334,
      "p50_ms": 0.6005210452713072,
      "p95_ms": 6.492960761534046
    },
    "latency_max_ms": 194.22791700344533,
    "latency_min_ms": 0.15058403369039297,
    "observed_tps": 5121.0
  },
  "post_snapshot": {
    "account_count": 18000,
    "checking_count": 18000,
    "checking_total": 2550685009,
    "savings_count": 18000,
    "savings_total": 1049840649,
    "total_funds": 3600525658
  },
  "pre_snapshot": {
    "account_count": 18000,
    "checking_count": 18000,
    "checking_total": 1800000000,
    "savings_count": 18000,
    "savings_total": 1800000000,
    "total_funds": 3600000000
  },
  "smallbank": {
    "account_count": 18000,
    "amount_max": 10,
    "amount_min": 1,
    "hotspot_probability": 0.9,
    "hotspot_size": 20,
    "initial_checking": 100000,
    "initial_savings": 100000
  },
  "validation": {
    "account_count_ok": true,
    "checking_count_ok": true,
    "ok": true,
    "post_total_funds": 3600525658,
    "pre_total_funds": 3600000000,
    "savings_count_ok": true,
    "total_funds_delta": 525658
  }
}