{
  "metadata": {
    "allocation": {
      "amalgamate": "SSI",
      "balance": "SSI",
      "deposit_checking": "SSI",
      "transact_savings": "SSI",
      "write_check": "SSI"
    },
    "elapsed_wall_seconds": 90.67531224992126,
    "host": "MacBook-Pro-86.local",
    "hotspot_probability": 0.9,
    "measurement_seconds": 60.0,
    "mpl": 32,
    "policy": "ssi",
    "python": "3.11.3",
    "raw_path": "results/v7/raw/20260516T111806.234403+0000_ssi_mpl32_bounded_3_p0p9_r5.json",
    "repeat": 5,
    "retry_limit": 3,
    "retry_model": "bounded_3",
    "seed": 3996,
    "timestamp_utc": "2026-05-16T11:18:06.234403+00:00",
    "warmup_seconds": 30.0
  },
  "metrics": {
    "abort_rate_pct": 32.3158903049411,
    "abort_reasons": {
      "concurrent_update": 224338,
      "dangerous_structure": 30371
    },
    "aborts": 254709,
    "attempted_tps": 13136.416666666666,
    "attempts": 788185,
    "by_isolation": {
      "SSI": {
        "aborts": 254709,
        "attempts": 788185,
        "committed": 533476,
        "errors": 19630
      }
    },
    "by_transaction": {
      "amalgamate": {
        "aborts": 121350,
        "attempts": 219208,
        "committed": 97858,
        "errors": 12970
      },
      "balance": {
        "aborts": 1636,
        "attempts": 111565,
        "committed": 109929,
        "errors": 19
      },
      "deposit_checking": {
        "aborts": 28865,
        "attempts": 139346,
        "committed": 110481,
        "errors": 368
      },
      "transact_savings": {
        "aborts": 26148,
        "attempts": 136656,
        "committed": 110508,
        "errors": 315
      },
      "write_check": {
        "aborts": 76710,
        "attempts": 181410,
        "committed": 104700,
        "errors": 5958
      }
    },
    "committed": 533476,
    "committed_tps": 8891.266666666666,
    "error_rate_pct": 3.5490484644896276,
    "errors": 19630,
    "latency": {
      "count": 553106,
      "mean_ms": 3.4586007250978366,
      "p50_ms": 2.00824998319149,
      "p95_ms": 9.953954798402261
    },
    "latency_max_ms": 557.6120410114527,
    "latency_min_ms": 0.14337501488626003,
    "observed_tps": 9218.433333333332
  },
  "post_snapshot": {
    "account_count": 18000,
    "checking_count": 18000,
    "checking_total": 2820349585,
    "savings_count": 18000,
    "savings_total": 780558088,
    "total_funds": 3600907673
  },
  "pre_snapshot": {
    "account_count": 18000,
    "checking_count": 18000,
    "checking_total": 1800000000,
    "savings_count": 18000,
    "savings_total": 1800000000,
    "total_funds": 3600000000
  },
  "smallbank": {
    "account_count": 18000,
    "amount_max": 10,
    "amount_min": 1,
    "hotspot_probability": 0.9,
    "hotspot_size": 20,
    "initial_checking": 100000,
    "initial_savings": 100000
  },
  "validation": {
    "account_count_ok": true,
    "checking_count_ok": true,
    "ok": true,
    "post_total_funds": 3600907673,
    "pre_total_funds": 3600000000,
    "savings_count_ok": true,
    "total_funds_delta": 907673
  }
}