{
  "metadata": {
    "allocation": {
      "amalgamate": "SSI",
      "balance": "SSI",
      "deposit_checking": "SSI",
      "transact_savings": "SSI",
      "write_check": "SSI"
    },
    "elapsed_wall_seconds": 90.33422354108188,
    "host": "MacBook-Pro-86.local",
    "hotspot_probability": 0.9,
    "measurement_seconds": 60.0,
    "mpl": 8,
    "policy": "ssi",
    "python": "3.11.3",
    "raw_path": "results/v7/raw/20260516T091326.003539+0000_ssi_mpl8_bounded_3_p0p9_r2.json",
    "repeat": 2,
    "retry_limit": 3,
    "retry_model": "bounded_3",
    "seed": 3993,
    "timestamp_utc": "2026-05-16T09:13:26.003539+00:00",
    "warmup_seconds": 30.0
  },
  "metrics": {
    "abort_rate_pct": 11.918578370437338,
    "abort_reasons": {
      "concurrent_update": 40034,
      "dangerous_structure": 2153
    },
    "aborts": 42187,
    "attempted_tps": 5899.333333333333,
    "attempts": 353960,
    "by_isolation": {
      "SSI": {
        "aborts": 42187,
        "attempts": 353960,
        "committed": 311773,
        "errors": 502
      }
    },
    "by_transaction": {
      "amalgamate": {
        "aborts": 20054,
        "attempts": 82135,
        "committed": 62081,
        "errors": 390
      },
      "balance": {
        "aborts": 213,
        "attempts": 62763,
        "committed": 62550,
        "errors": 2
      },
      "deposit_checking": {
        "aborts": 5855,
        "attempts": 68200,
        "committed": 62345,
        "errors": 3
      },
      "transact_savings": {
        "aborts": 5008,
        "attempts": 67748,
        "committed": 62740,
        "errors": 6
      },
      "write_check": {
        "aborts": 11057,
        "attempts": 73114,
        "committed": 62057,
        "errors": 101
      }
    },
    "committed": 311773,
    "committed_tps": 5196.216666666666,
    "error_rate_pct": 0.16075574413577776,
    "errors": 502,
    "latency": {
      "count": 312275,
      "mean_ms": 1.5281451739108076,
      "p50_ms": 0.592333497479558,
      "p95_ms": 5.958777095656832
    },
    "latency_max_ms": 103.9637909270823,
    "latency_min_ms": 0.128875020891428,
    "observed_tps": 5204.583333333333
  },
  "post_snapshot": {
    "account_count": 18000,
    "checking_count": 18000,
    "checking_total": 2559802119,
    "savings_count": 18000,
    "savings_total": 1040741484,
    "total_funds": 3600543603
  },
  "pre_snapshot": {
    "account_count": 18000,
    "checking_count": 18000,
    "checking_total": 1800000000,
    "savings_count": 18000,
    "savings_total": 1800000000,
    "total_funds": 3600000000
  },
  "smallbank": {
    "account_count": 18000,
    "amount_max": 10,
    "amount_min": 1,
    "hotspot_probability": 0.9,
    "hotspot_size": 20,
    "initial_checking": 100000,
    "initial_savings": 100000
  },
  "validation": {
    "account_count_ok": true,
    "checking_count_ok": true,
    "ok": true,
    "post_total_funds": 3600543603,
    "pre_total_funds": 3600000000,
    "savings_count_ok": true,
    "total_funds_delta": 543603
  }
}