{
  "metadata": {
    "allocation": {
      "amalgamate": "SI",
      "balance": "SI",
      "deposit_checking": "SI",
      "transact_savings": "SI",
      "write_check": "SI"
    },
    "elapsed_wall_seconds": 91.27066341601312,
    "host": "MacBook-Pro-86.local",
    "hotspot_probability": 0.5,
    "measurement_seconds": 60.0,
    "mpl": 64,
    "policy": "si",
    "python": "3.11.3",
    "raw_path": "results/v7/raw/20260516T060809.452763+0000_si_mpl64_bounded_3_p0p5_r5.json",
    "repeat": 5,
    "retry_limit": 3,
    "retry_model": "bounded_3",
    "seed": 3996,
    "timestamp_utc": "2026-05-16T06:08:09.452763+00:00",
    "warmup_seconds": 30.0
  },
  "metrics": {
    "abort_rate_pct": 21.1923607495713,
    "abort_reasons": {
      "concurrent_update": 72050
    },
    "aborts": 72050,
    "attempted_tps": 5666.35,
    "attempts": 339981,
    "by_isolation": {
      "SI": {
        "aborts": 72050,
        "attempts": 339981,
        "committed": 267931,
        "errors": 6275
      }
    },
    "by_transaction": {
      "amalgamate": {
        "aborts": 34431,
        "attempts": 85386,
        "committed": 50955,
        "errors": 3906
      },
      "balance": {
        "aborts": 0,
        "attempts": 55032,
        "committed": 55032,
        "errors": 0
      },
      "deposit_checking": {
        "aborts": 9611,
        "attempts": 64260,
        "committed": 54649,
        "errors": 345
      },
      "transact_savings": {
        "aborts": 9617,
        "attempts": 63940,
        "committed": 54323,
        "errors": 350
      },
      "write_check": {
        "aborts": 18391,
        "attempts": 71363,
        "committed": 52972,
        "errors": 1674
      }
    },
    "committed": 267931,
    "committed_tps": 4465.516666666666,
    "error_rate_pct": 2.2884254903247925,
    "errors": 6275,
    "latency": {
      "count": 274206,
      "mean_ms": 13.993505069596932,
      "p50_ms": 1.7218334833160043,
      "p95_ms": 102.62155628297478
    },
    "latency_max_ms": 583.9288750430569,
    "latency_min_ms": 0.18037506379187107,
    "observed_tps": 4570.1
  },
  "post_snapshot": {
    "account_count": 18000,
    "checking_count": 18000,
    "checking_total": 3388157586,
    "savings_count": 18000,
    "savings_total": 212291493,
    "total_funds": 3600449079
  },
  "pre_snapshot": {
    "account_count": 18000,
    "checking_count": 18000,
    "checking_total": 1800000000,
    "savings_count": 18000,
    "savings_total": 1800000000,
    "total_funds": 3600000000
  },
  "smallbank": {
    "account_count": 18000,
    "amount_max": 10,
    "amount_min": 1,
    "hotspot_probability": 0.5,
    "hotspot_size": 20,
    "initial_checking": 100000,
    "initial_savings": 100000
  },
  "validation": {
    "account_count_ok": true,
    "checking_count_ok": true,
    "ok": true,
    "post_total_funds": 3600449079,
    "pre_total_funds": 3600000000,
    "savings_count_ok": true,
    "total_funds_delta": 449079
  }
}