{
  "metadata": {
    "allocation": {
      "amalgamate": "SSI",
      "balance": "SSI",
      "deposit_checking": "SSI",
      "transact_savings": "SSI",
      "write_check": "SSI"
    },
    "elapsed_wall_seconds": 90.34861874999478,
    "host": "MacBook-Pro-86.local",
    "hotspot_probability": 0.5,
    "measurement_seconds": 60.0,
    "mpl": 8,
    "policy": "ssi",
    "python": "3.11.3",
    "raw_path": "results/v7/raw/20260516T090721.957245+0000_ssi_mpl8_bounded_3_p0p5_r3.json",
    "repeat": 3,
    "retry_limit": 3,
    "retry_model": "bounded_3",
    "seed": 3994,
    "timestamp_utc": "2026-05-16T09:07:21.957245+00:00",
    "warmup_seconds": 30.0
  },
  "metrics": {
    "abort_rate_pct": 3.992399200332535,
    "abort_reasons": {
      "concurrent_update": 13678,
      "dangerous_structure": 441
    },
    "aborts": 14119,
    "attempted_tps": 5894.116666666667,
    "attempts": 353647,
    "by_isolation": {
      "SSI": {
        "aborts": 14119,
        "attempts": 353647,
        "committed": 339528,
        "errors": 37
      }
    },
    "by_transaction": {
      "amalgamate": {
        "aborts": 6390,
        "attempts": 73909,
        "committed": 67519,
        "errors": 25
      },
      "balance": {
        "aborts": 55,
        "attempts": 68228,
        "committed": 68173,
        "errors": 1
      },
      "deposit_checking": {
        "aborts": 2102,
        "attempts": 70007,
        "committed": 67905,
        "errors": 3
      },
      "transact_savings": {
        "aborts": 1883,
        "attempts": 70099,
        "committed": 68216,
        "errors": 1
      },
      "write_check": {
        "aborts": 3689,
        "attempts": 71404,
        "committed": 67715,
        "errors": 7
      }
    },
    "committed": 339528,
    "committed_tps": 5658.8,
    "error_rate_pct": 0.010896293787640069,
    "errors": 37,
    "latency": {
      "count": 339565,
      "mean_ms": 1.4050401582997682,
      "p50_ms": 0.5845004343427718,
      "p95_ms": 6.093681824859229
    },
    "latency_max_ms": 145.29983303509653,
    "latency_min_ms": 0.1603750279173255,
    "observed_tps": 5659.416666666667
  },
  "post_snapshot": {
    "account_count": 18000,
    "checking_count": 18000,
    "checking_total": 3495572307,
    "savings_count": 18000,
    "savings_total": 104993388,
    "total_funds": 3600565695
  },
  "pre_snapshot": {
    "account_count": 18000,
    "checking_count": 18000,
    "checking_total": 1800000000,
    "savings_count": 18000,
    "savings_total": 1800000000,
    "total_funds": 3600000000
  },
  "smallbank": {
    "account_count": 18000,
    "amount_max": 10,
    "amount_min": 1,
    "hotspot_probability": 0.5,
    "hotspot_size": 20,
    "initial_checking": 100000,
    "initial_savings": 100000
  },
  "validation": {
    "account_count_ok": true,
    "checking_count_ok": true,
    "ok": true,
    "post_total_funds": 3600565695,
    "pre_total_funds": 3600000000,
    "savings_count_ok": true,
    "total_funds_delta": 565695
  }
}