{
  "metadata": {
    "allocation": {
      "amalgamate": "SSI",
      "balance": "SSI",
      "deposit_checking": "RC",
      "transact_savings": "SSI",
      "write_check": "SSI"
    },
    "elapsed_wall_seconds": 90.66084062494338,
    "host": "MacBook-Pro-86.local",
    "hotspot_probability": 0.1,
    "measurement_seconds": 60.0,
    "mpl": 32,
    "policy": "mixed_robust",
    "python": "3.11.3",
    "raw_path": "results/v7/raw/20260516T164145.666155+0000_mixed_robust_mpl32_bounded_1_p0p1_r3.json",
    "repeat": 3,
    "retry_limit": 1,
    "retry_model": "bounded_1",
    "seed": 3994,
    "timestamp_utc": "2026-05-16T16:41:45.666155+00:00",
    "warmup_seconds": 30.0
  },
  "metrics": {
    "abort_rate_pct": 0.6012927016220919,
    "abort_reasons": {
      "concurrent_update": 2266,
      "dangerous_structure": 56
    },
    "aborts": 2322,
    "attempted_tps": 6436.133333333333,
    "attempts": 386168,
    "by_isolation": {
      "RC": {
        "aborts": 0,
        "attempts": 76562,
        "committed": 76562,
        "errors": 0
      },
      "SSI": {
        "aborts": 2322,
        "attempts": 309606,
        "committed": 307284,
        "errors": 194
      }
    },
    "by_transaction": {
      "amalgamate": {
        "aborts": 1215,
        "attempts": 77835,
        "committed": 76620,
        "errors": 102
      },
      "balance": {
        "aborts": 5,
        "attempts": 76837,
        "committed": 76832,
        "errors": 1
      },
      "deposit_checking": {
        "aborts": 0,
        "attempts": 76562,
        "committed": 76562,
        "errors": 0
      },
      "transact_savings": {
        "aborts": 352,
        "attempts": 77427,
        "committed": 77075,
        "errors": 18
      },
      "write_check": {
        "aborts": 750,
        "attempts": 77507,
        "committed": 76757,
        "errors": 73
      }
    },
    "committed": 383846,
    "committed_tps": 6397.433333333333,
    "error_rate_pct": 0.05051557129465681,
    "errors": 194,
    "latency": {
      "count": 384040,
      "mean_ms": 4.988140906786915,
      "p50_ms": 1.8205834785476327,
      "p95_ms": 21.074994310038154
    },
    "latency_max_ms": 354.39241596031934,
    "latency_min_ms": 0.18804194405674934,
    "observed_tps": 6400.666666666667
  },
  "post_snapshot": {
    "account_count": 18000,
    "checking_count": 18000,
    "checking_total": 3595338664,
    "savings_count": 18000,
    "savings_total": 5300126,
    "total_funds": 3600638790
  },
  "pre_snapshot": {
    "account_count": 18000,
    "checking_count": 18000,
    "checking_total": 1800000000,
    "savings_count": 18000,
    "savings_total": 1800000000,
    "total_funds": 3600000000
  },
  "smallbank": {
    "account_count": 18000,
    "amount_max": 10,
    "amount_min": 1,
    "hotspot_probability": 0.1,
    "hotspot_size": 20,
    "initial_checking": 100000,
    "initial_savings": 100000
  },
  "validation": {
    "account_count_ok": true,
    "checking_count_ok": true,
    "ok": true,
    "post_total_funds": 3600638790,
    "pre_total_funds": 3600000000,
    "savings_count_ok": true,
    "total_funds_delta": 638790
  }
}