{
  "metadata": {
    "allocation": {
      "amalgamate": "SSI",
      "balance": "SSI",
      "deposit_checking": "SSI",
      "transact_savings": "SSI",
      "write_check": "SSI"
    },
    "elapsed_wall_seconds": 90.70520399999805,
    "host": "MacBook-Pro-86.local",
    "hotspot_probability": 0.9,
    "measurement_seconds": 60.0,
    "mpl": 32,
    "policy": "ssi",
    "python": "3.11.3",
    "raw_path": "results/v7/raw/20260516T104910.806675+0000_ssi_mpl32_bounded_1_p0p9_r1.json",
    "repeat": 1,
    "retry_limit": 1,
    "retry_model": "bounded_1",
    "seed": 3992,
    "timestamp_utc": "2026-05-16T10:49:10.806675+00:00",
    "warmup_seconds": 30.0
  },
  "metrics": {
    "abort_rate_pct": 26.792147548300708,
    "abort_reasons": {
      "concurrent_update": 119702,
      "dangerous_structure": 14756
    },
    "aborts": 134458,
    "attempted_tps": 8364.266666666666,
    "attempts": 501856,
    "by_isolation": {
      "SSI": {
        "aborts": 134458,
        "attempts": 501856,
        "committed": 367398,
        "errors": 39336
      }
    },
    "by_transaction": {
      "amalgamate": {
        "aborts": 58187,
        "attempts": 118445,
        "committed": 60258,
        "errors": 20674
      },
      "balance": {
        "aborts": 1016,
        "attempts": 82083,
        "committed": 81067,
        "errors": 58
      },
      "deposit_checking": {
        "aborts": 19082,
        "attempts": 97134,
        "committed": 78052,
        "errors": 3349
      },
      "transact_savings": {
        "aborts": 17239,
        "attempts": 95914,
        "committed": 78675,
        "errors": 3138
      },
      "write_check": {
        "aborts": 38934,
        "attempts": 108280,
        "committed": 69346,
        "errors": 12117
      }
    },
    "committed": 367398,
    "committed_tps": 6123.3,
    "error_rate_pct": 9.671185590582542,
    "errors": 39336,
    "latency": {
      "count": 406734,
      "mean_ms": 4.708732217126432,
      "p50_ms": 1.7414374742656946,
      "p95_ms": 30.00843373592943
    },
    "latency_max_ms": 250.90629095211625,
    "latency_min_ms": 0.15454099047929049,
    "observed_tps": 6778.9
  },
  "post_snapshot": {
    "account_count": 18000,
    "checking_count": 18000,
    "checking_total": 2538404344,
    "savings_count": 18000,
    "savings_total": 1062247125,
    "total_funds": 3600651469
  },
  "pre_snapshot": {
    "account_count": 18000,
    "checking_count": 18000,
    "checking_total": 1800000000,
    "savings_count": 18000,
    "savings_total": 1800000000,
    "total_funds": 3600000000
  },
  "smallbank": {
    "account_count": 18000,
    "amount_max": 10,
    "amount_min": 1,
    "hotspot_probability": 0.9,
    "hotspot_size": 20,
    "initial_checking": 100000,
    "initial_savings": 100000
  },
  "validation": {
    "account_count_ok": true,
    "checking_count_ok": true,
    "ok": true,
    "post_total_funds": 3600651469,
    "pre_total_funds": 3600000000,
    "savings_count_ok": true,
    "total_funds_delta": 651469
  }
}