{
  "metadata": {
    "allocation": {
      "amalgamate": "SSI",
      "balance": "SSI",
      "deposit_checking": "SSI",
      "transact_savings": "SSI",
      "write_check": "SSI"
    },
    "elapsed_wall_seconds": 91.00392266595736,
    "host": "MacBook-Pro-86.local",
    "hotspot_probability": 0.1,
    "measurement_seconds": 60.0,
    "mpl": 64,
    "policy": "ssi",
    "python": "3.11.3",
    "raw_path": "results/v7/raw/20260516T123421.248207+0000_ssi_mpl64_bounded_3_p0p1_r5.json",
    "repeat": 5,
    "retry_limit": 3,
    "retry_model": "bounded_3",
    "seed": 3996,
    "timestamp_utc": "2026-05-16T12:34:21.248207+00:00",
    "warmup_seconds": 30.0
  },
  "metrics": {
    "abort_rate_pct": 0.93087080239642,
    "abort_reasons": {
      "concurrent_update": 5724,
      "dangerous_structure": 171
    },
    "aborts": 5895,
    "attempted_tps": 10554.633333333333,
    "attempts": 633278,
    "by_isolation": {
      "SSI": {
        "aborts": 5895,
        "attempts": 633278,
        "committed": 627383,
        "errors": 24
      }
    },
    "by_transaction": {
      "amalgamate": {
        "aborts": 2605,
        "attempts": 127886,
        "committed": 125281,
        "errors": 11
      },
      "balance": {
        "aborts": 26,
        "attempts": 125506,
        "committed": 125480,
        "errors": 1
      },
      "deposit_checking": {
        "aborts": 940,
        "attempts": 126310,
        "committed": 125370,
        "errors": 1
      },
      "transact_savings": {
        "aborts": 741,
        "attempts": 126523,
        "committed": 125782,
        "errors": 3
      },
      "write_check": {
        "aborts": 1583,
        "attempts": 127053,
        "committed": 125470,
        "errors": 8
      }
    },
    "committed": 627383,
    "committed_tps": 10456.383333333333,
    "error_rate_pct": 0.003825268127387804,
    "errors": 24,
    "latency": {
      "count": 627407,
      "mean_ms": 6.1103257227147925,
      "p50_ms": 2.237645967397839,
      "p95_ms": 24.155522894579917
    },
    "latency_max_ms": 352.4164999835193,
    "latency_min_ms": 0.17387501429766417,
    "observed_tps": 10456.783333333333
  },
  "post_snapshot": {
    "account_count": 18000,
    "checking_count": 18000,
    "checking_total": 3600822710,
    "savings_count": 18000,
    "savings_total": 199575,
    "total_funds": 3601022285
  },
  "pre_snapshot": {
    "account_count": 18000,
    "checking_count": 18000,
    "checking_total": 1800000000,
    "savings_count": 18000,
    "savings_total": 1800000000,
    "total_funds": 3600000000
  },
  "smallbank": {
    "account_count": 18000,
    "amount_max": 10,
    "amount_min": 1,
    "hotspot_probability": 0.1,
    "hotspot_size": 20,
    "initial_checking": 100000,
    "initial_savings": 100000
  },
  "validation": {
    "account_count_ok": true,
    "checking_count_ok": true,
    "ok": true,
    "post_total_funds": 3601022285,
    "pre_total_funds": 3600000000,
    "savings_count_ok": true,
    "total_funds_delta": 1022285
  }
}