{
  "metadata": {
    "allocation": {
      "amalgamate": "SSI",
      "balance": "SSI",
      "deposit_checking": "SSI",
      "transact_savings": "SSI",
      "write_check": "SSI"
    },
    "elapsed_wall_seconds": 90.75934874999803,
    "host": "MacBook-Pro-86.local",
    "hotspot_probability": 0.9,
    "measurement_seconds": 60.0,
    "mpl": 32,
    "policy": "ssi",
    "python": "3.11.3",
    "raw_path": "results/v7/raw/20260516T111332.215885+0000_ssi_mpl32_bounded_3_p0p9_r2.json",
    "repeat": 2,
    "retry_limit": 3,
    "retry_model": "bounded_3",
    "seed": 3993,
    "timestamp_utc": "2026-05-16T11:13:32.215885+00:00",
    "warmup_seconds": 30.0
  },
  "metrics": {
    "abort_rate_pct": 31.06976617207442,
    "abort_reasons": {
      "concurrent_update": 99807,
      "dangerous_structure": 14000
    },
    "aborts": 113807,
    "attempted_tps": 6104.916666666667,
    "attempts": 366295,
    "by_isolation": {
      "SSI": {
        "aborts": 113807,
        "attempts": 366295,
        "committed": 252488,
        "errors": 8805
      }
    },
    "by_transaction": {
      "amalgamate": {
        "aborts": 53732,
        "attempts": 99926,
        "committed": 46194,
        "errors": 5771
      },
      "balance": {
        "aborts": 817,
        "attempts": 53009,
        "committed": 52192,
        "errors": 44
      },
      "deposit_checking": {
        "aborts": 13382,
        "attempts": 65560,
        "committed": 52178,
        "errors": 229
      },
      "transact_savings": {
        "aborts": 12326,
        "attempts": 64489,
        "committed": 52163,
        "errors": 191
      },
      "write_check": {
        "aborts": 33550,
        "attempts": 83311,
        "committed": 49761,
        "errors": 2570
      }
    },
    "committed": 252488,
    "committed_tps": 4208.133333333333,
    "error_rate_pct": 3.3697802849674505,
    "errors": 8805,
    "latency": {
      "count": 261293,
      "mean_ms": 7.337538071819185,
      "p50_ms": 1.8629374681040645,
      "p95_ms": 36.37825982295908
    },
    "latency_max_ms": 385.7175000011921,
    "latency_min_ms": 0.14966598246246576,
    "observed_tps": 4354.883333333333
  },
  "post_snapshot": {
    "account_count": 18000,
    "checking_count": 18000,
    "checking_total": 2418312550,
    "savings_count": 18000,
    "savings_total": 1182134730,
    "total_funds": 3600447280
  },
  "pre_snapshot": {
    "account_count": 18000,
    "checking_count": 18000,
    "checking_total": 1800000000,
    "savings_count": 18000,
    "savings_total": 1800000000,
    "total_funds": 3600000000
  },
  "smallbank": {
    "account_count": 18000,
    "amount_max": 10,
    "amount_min": 1,
    "hotspot_probability": 0.9,
    "hotspot_size": 20,
    "initial_checking": 100000,
    "initial_savings": 100000
  },
  "validation": {
    "account_count_ok": true,
    "checking_count_ok": true,
    "ok": true,
    "post_total_funds": 3600447280,
    "pre_total_funds": 3600000000,
    "savings_count_ok": true,
    "total_funds_delta": 447280
  }
}