{
  "metadata": {
    "allocation": {
      "amalgamate": "SSI",
      "balance": "SSI",
      "deposit_checking": "RC",
      "transact_savings": "SSI",
      "write_check": "SSI"
    },
    "elapsed_wall_seconds": 91.05966379202437,
    "host": "MacBook-Pro-86.local",
    "hotspot_probability": 0.5,
    "measurement_seconds": 60.0,
    "mpl": 64,
    "policy": "mixed_robust",
    "python": "3.11.3",
    "raw_path": "results/v7/raw/20260516T182041.720418+0000_mixed_robust_mpl64_bounded_1_p0p5_r3.json",
    "repeat": 3,
    "retry_limit": 1,
    "retry_model": "bounded_1",
    "seed": 3994,
    "timestamp_utc": "2026-05-16T18:20:41.720418+00:00",
    "warmup_seconds": 30.0
  },
  "metrics": {
    "abort_rate_pct": 14.037241738381669,
    "abort_reasons": {
      "concurrent_update": 102886,
      "dangerous_structure": 9271
    },
    "aborts": 112157,
    "attempted_tps": 13316.6,
    "attempts": 798996,
    "by_isolation": {
      "RC": {
        "aborts": 0,
        "attempts": 144219,
        "committed": 144219,
        "errors": 0
      },
      "SSI": {
        "aborts": 112157,
        "attempts": 654777,
        "committed": 542620,
        "errors": 32013
      }
    },
    "by_transaction": {
      "amalgamate": {
        "aborts": 56840,
        "attempts": 182376,
        "committed": 125536,
        "errors": 17631
      },
      "balance": {
        "aborts": 1118,
        "attempts": 144839,
        "committed": 143721,
        "errors": 87
      },
      "deposit_checking": {
        "aborts": 0,
        "attempts": 144219,
        "committed": 144219,
        "errors": 0
      },
      "transact_savings": {
        "aborts": 17744,
        "attempts": 158584,
        "committed": 140840,
        "errors": 3368
      },
      "write_check": {
        "aborts": 36455,
        "attempts": 168978,
        "committed": 132523,
        "errors": 10927
      }
    },
    "committed": 686839,
    "committed_tps": 11447.316666666668,
    "error_rate_pct": 4.4533506201554705,
    "errors": 32013,
    "latency": {
      "count": 718852,
      "mean_ms": 5.331587843435071,
      "p50_ms": 2.4306459818035364,
      "p95_ms": 20.062791410600763
    },
    "latency_max_ms": 170.74158391915262,
    "latency_min_ms": 0.17679098527878523,
    "observed_tps": 11980.866666666667
  },
  "post_snapshot": {
    "account_count": 18000,
    "checking_count": 18000,
    "checking_total": 3591287682,
    "savings_count": 18000,
    "savings_total": 9905998,
    "total_funds": 3601193680
  },
  "pre_snapshot": {
    "account_count": 18000,
    "checking_count": 18000,
    "checking_total": 1800000000,
    "savings_count": 18000,
    "savings_total": 1800000000,
    "total_funds": 3600000000
  },
  "smallbank": {
    "account_count": 18000,
    "amount_max": 10,
    "amount_min": 1,
    "hotspot_probability": 0.5,
    "hotspot_size": 20,
    "initial_checking": 100000,
    "initial_savings": 100000
  },
  "validation": {
    "account_count_ok": true,
    "checking_count_ok": true,
    "ok": true,
    "post_total_funds": 3601193680,
    "pre_total_funds": 3600000000,
    "savings_count_ok": true,
    "total_funds_delta": 1193680
  }
}