{
  "metadata": {
    "allocation": {
      "amalgamate": "SSI",
      "balance": "SSI",
      "deposit_checking": "RC",
      "transact_savings": "SSI",
      "write_check": "SSI"
    },
    "elapsed_wall_seconds": 90.3544276249595,
    "host": "MacBook-Pro-86.local",
    "hotspot_probability": 0.9,
    "measurement_seconds": 60.0,
    "mpl": 8,
    "policy": "mixed_robust",
    "python": "3.11.3",
    "raw_path": "results/v7/raw/20260516T152726.936131+0000_mixed_robust_mpl8_bounded_1_p0p9_r4.json",
    "repeat": 4,
    "retry_limit": 1,
    "retry_model": "bounded_1",
    "seed": 3995,
    "timestamp_utc": "2026-05-16T15:27:26.936131+00:00",
    "warmup_seconds": 30.0
  },
  "metrics": {
    "abort_rate_pct": 9.842134944558582,
    "abort_reasons": {
      "concurrent_update": 70497,
      "dangerous_structure": 3326
    },
    "aborts": 73823,
    "attempted_tps": 12501.183333333332,
    "attempts": 750071,
    "by_isolation": {
      "RC": {
        "aborts": 0,
        "attempts": 137823,
        "committed": 137823,
        "errors": 0
      },
      "SSI": {
        "aborts": 73823,
        "attempts": 612248,
        "committed": 538425,
        "errors": 12162
      }
    },
    "by_transaction": {
      "amalgamate": {
        "aborts": 40219,
        "attempts": 169273,
        "committed": 129054,
        "errors": 8356
      },
      "balance": {
        "aborts": 390,
        "attempts": 137890,
        "committed": 137500,
        "errors": 5
      },
      "deposit_checking": {
        "aborts": 0,
        "attempts": 137823,
        "committed": 137823,
        "errors": 0
      },
      "transact_savings": {
        "aborts": 10976,
        "attempts": 147969,
        "committed": 136993,
        "errors": 722
      },
      "write_check": {
        "aborts": 22238,
        "attempts": 157116,
        "committed": 134878,
        "errors": 3079
      }
    },
    "committed": 676248,
    "committed_tps": 11270.8,
    "error_rate_pct": 1.7666797402710595,
    "errors": 12162,
    "latency": {
      "count": 688410,
      "mean_ms": 0.6881739683459144,
      "p50_ms": 0.5413125036284328,
      "p95_ms": 2.3976097581908093
    },
    "latency_max_ms": 51.932499976828694,
    "latency_min_ms": 0.147709040902555,
    "observed_tps": 11473.5
  },
  "post_snapshot": {
    "account_count": 18000,
    "checking_count": 18000,
    "checking_total": 2928947562,
    "savings_count": 18000,
    "savings_total": 672063221,
    "total_funds": 3601010783
  },
  "pre_snapshot": {
    "account_count": 18000,
    "checking_count": 18000,
    "checking_total": 1800000000,
    "savings_count": 18000,
    "savings_total": 1800000000,
    "total_funds": 3600000000
  },
  "smallbank": {
    "account_count": 18000,
    "amount_max": 10,
    "amount_min": 1,
    "hotspot_probability": 0.9,
    "hotspot_size": 20,
    "initial_checking": 100000,
    "initial_savings": 100000
  },
  "validation": {
    "account_count_ok": true,
    "checking_count_ok": true,
    "ok": true,
    "post_total_funds": 3601010783,
    "pre_total_funds": 3600000000,
    "savings_count_ok": true,
    "total_funds_delta": 1010783
  }
}