{
  "metadata": {
    "allocation": {
      "amalgamate": "SI",
      "balance": "SI",
      "deposit_checking": "SI",
      "transact_savings": "SI",
      "write_check": "SI"
    },
    "elapsed_wall_seconds": 90.31282762496267,
    "host": "MacBook-Pro-86.local",
    "hotspot_probability": 0.5,
    "measurement_seconds": 60.0,
    "mpl": 8,
    "policy": "si",
    "python": "3.11.3",
    "raw_path": "results/v7/raw/20260516T023940.901966+0000_si_mpl8_bounded_1_p0p5_r3.json",
    "repeat": 3,
    "retry_limit": 1,
    "retry_model": "bounded_1",
    "seed": 3994,
    "timestamp_utc": "2026-05-16T02:39:40.901966+00:00",
    "warmup_seconds": 30.0
  },
  "metrics": {
    "abort_rate_pct": 3.9034678474610898,
    "abort_reasons": {
      "concurrent_update": 14140
    },
    "aborts": 14140,
    "attempted_tps": 6037.366666666667,
    "attempts": 362242,
    "by_isolation": {
      "SI": {
        "aborts": 14140,
        "attempts": 362242,
        "committed": 348102,
        "errors": 1340
      }
    },
    "by_transaction": {
      "amalgamate": {
        "aborts": 6493,
        "attempts": 75208,
        "committed": 68715,
        "errors": 823
      },
      "balance": {
        "aborts": 0,
        "attempts": 70174,
        "committed": 70174,
        "errors": 0
      },
      "deposit_checking": {
        "aborts": 2193,
        "attempts": 71944,
        "committed": 69751,
        "errors": 84
      },
      "transact_savings": {
        "aborts": 1867,
        "attempts": 72001,
        "committed": 70134,
        "errors": 76
      },
      "write_check": {
        "aborts": 3587,
        "attempts": 72915,
        "committed": 69328,
        "errors": 357
      }
    },
    "committed": 348102,
    "committed_tps": 5801.7,
    "error_rate_pct": 0.3834685012105013,
    "errors": 1340,
    "latency": {
      "count": 349442,
      "mean_ms": 1.364178980701847,
      "p50_ms": 0.5730414995923638,
      "p95_ms": 6.167254532920184
    },
    "latency_max_ms": 67.66000005882233,
    "latency_min_ms": 0.169833074323833,
    "observed_tps": 5824.033333333334
  },
  "post_snapshot": {
    "account_count": 18000,
    "checking_count": 18000,
    "checking_total": 3496780686,
    "savings_count": 18000,
    "savings_total": 103794280,
    "total_funds": 3600574966
  },
  "pre_snapshot": {
    "account_count": 18000,
    "checking_count": 18000,
    "checking_total": 1800000000,
    "savings_count": 18000,
    "savings_total": 1800000000,
    "total_funds": 3600000000
  },
  "smallbank": {
    "account_count": 18000,
    "amount_max": 10,
    "amount_min": 1,
    "hotspot_probability": 0.5,
    "hotspot_size": 20,
    "initial_checking": 100000,
    "initial_savings": 100000
  },
  "validation": {
    "account_count_ok": true,
    "checking_count_ok": true,
    "ok": true,
    "post_total_funds": 3600574966,
    "pre_total_funds": 3600000000,
    "savings_count_ok": true,
    "total_funds_delta": 574966
  }
}