{
  "metadata": {
    "allocation": {
      "amalgamate": "SI",
      "balance": "SI",
      "deposit_checking": "SI",
      "transact_savings": "SI",
      "write_check": "SI"
    },
    "elapsed_wall_seconds": 91.19025908294134,
    "host": "MacBook-Pro-86.local",
    "hotspot_probability": 0.5,
    "measurement_seconds": 60.0,
    "mpl": 64,
    "policy": "si",
    "python": "3.11.3",
    "raw_path": "results/v7/raw/20260516T054339.364199+0000_si_mpl64_bounded_1_p0p5_r4.json",
    "repeat": 4,
    "retry_limit": 1,
    "retry_model": "bounded_1",
    "seed": 3995,
    "timestamp_utc": "2026-05-16T05:43:39.364199+00:00",
    "warmup_seconds": 30.0
  },
  "metrics": {
    "abort_rate_pct": 20.716951661524384,
    "abort_reasons": {
      "concurrent_update": 134493
    },
    "aborts": 134493,
    "attempted_tps": 10819.883333333333,
    "attempts": 649193,
    "by_isolation": {
      "SI": {
        "aborts": 134493,
        "attempts": 649193,
        "committed": 514700,
        "errors": 42831
      }
    },
    "by_transaction": {
      "amalgamate": {
        "aborts": 58697,
        "attempts": 148536,
        "committed": 89839,
        "errors": 21331
      },
      "balance": {
        "aborts": 0,
        "attempts": 111477,
        "committed": 111477,
        "errors": 0
      },
      "deposit_checking": {
        "aborts": 20775,
        "attempts": 127691,
        "committed": 106916,
        "errors": 4793
      },
      "transact_savings": {
        "aborts": 18826,
        "attempts": 126410,
        "committed": 107584,
        "errors": 4295
      },
      "write_check": {
        "aborts": 36195,
        "attempts": 135079,
        "committed": 98884,
        "errors": 12412
      }
    },
    "committed": 514700,
    "committed_tps": 8578.333333333334,
    "error_rate_pct": 7.682263407774635,
    "errors": 42831,
    "latency": {
      "count": 557531,
      "mean_ms": 6.877945665160853,
      "p50_ms": 3.5746460198424757,
      "p95_ms": 18.342285393737242
    },
    "latency_max_ms": 323.17724998574704,
    "latency_min_ms": 0.18891599029302597,
    "observed_tps": 9292.183333333332
  },
  "post_snapshot": {
    "account_count": 18000,
    "checking_count": 18000,
    "checking_total": 3574576984,
    "savings_count": 18000,
    "savings_total": 26410278,
    "total_funds": 3600987262
  },
  "pre_snapshot": {
    "account_count": 18000,
    "checking_count": 18000,
    "checking_total": 1800000000,
    "savings_count": 18000,
    "savings_total": 1800000000,
    "total_funds": 3600000000
  },
  "smallbank": {
    "account_count": 18000,
    "amount_max": 10,
    "amount_min": 1,
    "hotspot_probability": 0.5,
    "hotspot_size": 20,
    "initial_checking": 100000,
    "initial_savings": 100000
  },
  "validation": {
    "account_count_ok": true,
    "checking_count_ok": true,
    "ok": true,
    "post_total_funds": 3600987262,
    "pre_total_funds": 3600000000,
    "savings_count_ok": true,
    "total_funds_delta": 987262
  }
}