{
  "metadata": {
    "allocation": {
      "amalgamate": "SSI",
      "balance": "SSI",
      "deposit_checking": "SSI",
      "transact_savings": "SSI",
      "write_check": "SSI"
    },
    "elapsed_wall_seconds": 90.3191963750869,
    "host": "MacBook-Pro-86.local",
    "hotspot_probability": 0.5,
    "measurement_seconds": 60.0,
    "mpl": 8,
    "policy": "ssi",
    "python": "3.11.3",
    "raw_path": "results/v7/raw/20260516T084306.160307+0000_ssi_mpl8_bounded_1_p0p5_r2.json",
    "repeat": 2,
    "retry_limit": 1,
    "retry_model": "bounded_1",
    "seed": 3993,
    "timestamp_utc": "2026-05-16T08:43:06.160307+00:00",
    "warmup_seconds": 30.0
  },
  "metrics": {
    "abort_rate_pct": 3.8702383508097906,
    "abort_reasons": {
      "concurrent_update": 27041,
      "dangerous_structure": 722
    },
    "aborts": 27763,
    "attempted_tps": 11955.766666666666,
    "attempts": 717346,
    "by_isolation": {
      "SSI": {
        "aborts": 27763,
        "attempts": 717346,
        "committed": 689583,
        "errors": 2577
      }
    },
    "by_transaction": {
      "amalgamate": {
        "aborts": 12650,
        "attempts": 148894,
        "committed": 136244,
        "errors": 1529
      },
      "balance": {
        "aborts": 88,
        "attempts": 139060,
        "committed": 138972,
        "errors": 1
      },
      "deposit_checking": {
        "aborts": 4253,
        "attempts": 142292,
        "committed": 138039,
        "errors": 147
      },
      "transact_savings": {
        "aborts": 3620,
        "attempts": 142143,
        "committed": 138523,
        "errors": 152
      },
      "write_check": {
        "aborts": 7152,
        "attempts": 144957,
        "committed": 137805,
        "errors": 748
      }
    },
    "committed": 689583,
    "committed_tps": 11493.05,
    "error_rate_pct": 0.3723127600554785,
    "errors": 2577,
    "latency": {
      "count": 692160,
      "mean_ms": 0.6843839511833417,
      "p50_ms": 0.527604017406702,
      "p95_ms": 1.7500818532425748
    },
    "latency_max_ms": 51.762541057541966,
    "latency_min_ms": 0.17424998804926872,
    "observed_tps": 11536.0
  },
  "post_snapshot": {
    "account_count": 18000,
    "checking_count": 18000,
    "checking_total": 3588420013,
    "savings_count": 18000,
    "savings_total": 12601229,
    "total_funds": 3601021242
  },
  "pre_snapshot": {
    "account_count": 18000,
    "checking_count": 18000,
    "checking_total": 1800000000,
    "savings_count": 18000,
    "savings_total": 1800000000,
    "total_funds": 3600000000
  },
  "smallbank": {
    "account_count": 18000,
    "amount_max": 10,
    "amount_min": 1,
    "hotspot_probability": 0.5,
    "hotspot_size": 20,
    "initial_checking": 100000,
    "initial_savings": 100000
  },
  "validation": {
    "account_count_ok": true,
    "checking_count_ok": true,
    "ok": true,
    "post_total_funds": 3601021242,
    "pre_total_funds": 3600000000,
    "savings_count_ok": true,
    "total_funds_delta": 1021242
  }
}