{
  "metadata": {
    "allocation": {
      "amalgamate": "SSI",
      "balance": "SSI",
      "deposit_checking": "RC",
      "transact_savings": "SSI",
      "write_check": "SSI"
    },
    "elapsed_wall_seconds": 91.0438454579562,
    "host": "MacBook-Pro-86.local",
    "hotspot_probability": 0.9,
    "measurement_seconds": 60.0,
    "mpl": 64,
    "policy": "mixed_robust",
    "python": "3.11.3",
    "raw_path": "results/v7/raw/20260516T182951.787979+0000_mixed_robust_mpl64_bounded_1_p0p9_r4.json",
    "repeat": 4,
    "retry_limit": 1,
    "retry_model": "bounded_1",
    "seed": 3995,
    "timestamp_utc": "2026-05-16T18:29:51.787979+00:00",
    "warmup_seconds": 30.0
  },
  "metrics": {
    "abort_rate_pct": 25.811236187934764,
    "abort_reasons": {
      "concurrent_update": 71584,
      "dangerous_structure": 8118
    },
    "aborts": 79702,
    "attempted_tps": 5146.466666666666,
    "attempts": 308788,
    "by_isolation": {
      "RC": {
        "aborts": 0,
        "attempts": 50834,
        "committed": 50834,
        "errors": 0
      },
      "SSI": {
        "aborts": 79702,
        "attempts": 257954,
        "committed": 178252,
        "errors": 25832
      }
    },
    "by_transaction": {
      "amalgamate": {
        "aborts": 39750,
        "attempts": 75894,
        "committed": 36144,
        "errors": 14669
      },
      "balance": {
        "aborts": 807,
        "attempts": 51890,
        "committed": 51083,
        "errors": 109
      },
      "deposit_checking": {
        "aborts": 0,
        "attempts": 50834,
        "committed": 50834,
        "errors": 0
      },
      "transact_savings": {
        "aborts": 13475,
        "attempts": 61644,
        "committed": 48169,
        "errors": 2923
      },
      "write_check": {
        "aborts": 25670,
        "attempts": 68526,
        "committed": 42856,
        "errors": 8131
      }
    },
    "committed": 229086,
    "committed_tps": 3818.1,
    "error_rate_pct": 10.13345467954401,
    "errors": 25832,
    "latency": {
      "count": 254918,
      "mean_ms": 15.063509471162016,
      "p50_ms": 2.391041489318013,
      "p95_ms": 71.50911840726603
    },
    "latency_max_ms": 466.1780840251595,
    "latency_min_ms": 0.1597920199856162,
    "observed_tps": 4248.633333333333
  },
  "post_snapshot": {
    "account_count": 18000,
    "checking_count": 18000,
    "checking_total": 2371358410,
    "savings_count": 18000,
    "savings_total": 1229136499,
    "total_funds": 3600494909
  },
  "pre_snapshot": {
    "account_count": 18000,
    "checking_count": 18000,
    "checking_total": 1800000000,
    "savings_count": 18000,
    "savings_total": 1800000000,
    "total_funds": 3600000000
  },
  "smallbank": {
    "account_count": 18000,
    "amount_max": 10,
    "amount_min": 1,
    "hotspot_probability": 0.9,
    "hotspot_size": 20,
    "initial_checking": 100000,
    "initial_savings": 100000
  },
  "validation": {
    "account_count_ok": true,
    "checking_count_ok": true,
    "ok": true,
    "post_total_funds": 3600494909,
    "pre_total_funds": 3600000000,
    "savings_count_ok": true,
    "total_funds_delta": 494909
  }
}