{
  "metadata": {
    "allocation": {
      "amalgamate": "SI",
      "balance": "SI",
      "deposit_checking": "SI",
      "transact_savings": "SI",
      "write_check": "SI"
    },
    "elapsed_wall_seconds": 90.34709304198623,
    "host": "MacBook-Pro-86.local",
    "hotspot_probability": 0.5,
    "measurement_seconds": 60.0,
    "mpl": 8,
    "policy": "si",
    "python": "3.11.3",
    "raw_path": "results/v7/raw/20260516T030224.920948+0000_si_mpl8_bounded_3_p0p5_r3.json",
    "repeat": 3,
    "retry_limit": 3,
    "retry_model": "bounded_3",
    "seed": 3994,
    "timestamp_utc": "2026-05-16T03:02:24.920948+00:00",
    "warmup_seconds": 30.0
  },
  "metrics": {
    "abort_rate_pct": 3.930766607613677,
    "abort_reasons": {
      "concurrent_update": 14178
    },
    "aborts": 14178,
    "attempted_tps": 6011.55,
    "attempts": 360693,
    "by_isolation": {
      "SI": {
        "aborts": 14178,
        "attempts": 360693,
        "committed": 346515,
        "errors": 25
      }
    },
    "by_transaction": {
      "amalgamate": {
        "aborts": 6545,
        "attempts": 75467,
        "committed": 68922,
        "errors": 20
      },
      "balance": {
        "aborts": 0,
        "attempts": 69605,
        "committed": 69605,
        "errors": 0
      },
      "deposit_checking": {
        "aborts": 2116,
        "attempts": 71416,
        "committed": 69300,
        "errors": 0
      },
      "transact_savings": {
        "aborts": 1829,
        "attempts": 71488,
        "committed": 69659,
        "errors": 0
      },
      "write_check": {
        "aborts": 3688,
        "attempts": 72717,
        "committed": 69029,
        "errors": 5
      }
    },
    "committed": 346515,
    "committed_tps": 5775.25,
    "error_rate_pct": 0.0072141744098805334,
    "errors": 25,
    "latency": {
      "count": 346540,
      "mean_ms": 1.3757323795763357,
      "p50_ms": 0.588895461987704,
      "p95_ms": 5.61467736843042
    },
    "latency_max_ms": 98.15745800733566,
    "latency_min_ms": 0.16975007019937038,
    "observed_tps": 5775.666666666667
  },
  "post_snapshot": {
    "account_count": 18000,
    "checking_count": 18000,
    "checking_total": 3498780945,
    "savings_count": 18000,
    "savings_total": 101794211,
    "total_funds": 3600575156
  },
  "pre_snapshot": {
    "account_count": 18000,
    "checking_count": 18000,
    "checking_total": 1800000000,
    "savings_count": 18000,
    "savings_total": 1800000000,
    "total_funds": 3600000000
  },
  "smallbank": {
    "account_count": 18000,
    "amount_max": 10,
    "amount_min": 1,
    "hotspot_probability": 0.5,
    "hotspot_size": 20,
    "initial_checking": 100000,
    "initial_savings": 100000
  },
  "validation": {
    "account_count_ok": true,
    "checking_count_ok": true,
    "ok": true,
    "post_total_funds": 3600575156,
    "pre_total_funds": 3600000000,
    "savings_count_ok": true,
    "total_funds_delta": 575156
  }
}