{
  "metadata": {
    "allocation": {
      "amalgamate": "SI",
      "balance": "SI",
      "deposit_checking": "SI",
      "transact_savings": "SI",
      "write_check": "SI"
    },
    "elapsed_wall_seconds": 90.70039449993055,
    "host": "MacBook-Pro-86.local",
    "hotspot_probability": 0.5,
    "measurement_seconds": 60.0,
    "mpl": 32,
    "policy": "si",
    "python": "3.11.3",
    "raw_path": "results/v7/raw/20260516T051913.259186+0000_si_mpl32_unbounded_p0p5_r3.json",
    "repeat": 3,
    "retry_limit": null,
    "retry_model": "unbounded",
    "seed": 3994,
    "timestamp_utc": "2026-05-16T05:19:13.259186+00:00",
    "warmup_seconds": 30.0
  },
  "metrics": {
    "abort_rate_pct": 15.10879237842648,
    "abort_reasons": {
      "concurrent_update": 86590
    },
    "aborts": 86590,
    "attempted_tps": 9551.833333333334,
    "attempts": 573110,
    "by_isolation": {
      "SI": {
        "aborts": 86590,
        "attempts": 573110,
        "committed": 486520,
        "errors": 0
      }
    },
    "by_transaction": {
      "amalgamate": {
        "aborts": 43001,
        "attempts": 139980,
        "committed": 96979,
        "errors": 0
      },
      "balance": {
        "aborts": 0,
        "attempts": 97370,
        "committed": 97370,
        "errors": 0
      },
      "deposit_checking": {
        "aborts": 10451,
        "attempts": 107729,
        "committed": 97278,
        "errors": 0
      },
      "transact_savings": {
        "aborts": 9339,
        "attempts": 106861,
        "committed": 97522,
        "errors": 0
      },
      "write_check": {
        "aborts": 23799,
        "attempts": 121170,
        "committed": 97371,
        "errors": 0
      }
    },
    "committed": 486520,
    "committed_tps": 8108.666666666667,
    "error_rate_pct": 0.0,
    "errors": 0,
    "latency": {
      "count": 486520,
      "mean_ms": 3.934548800614252,
      "p50_ms": 1.8415209488011897,
      "p95_ms": 19.736218196339898
    },
    "latency_max_ms": 399.90558300632983,
    "latency_min_ms": 0.17425010446459055,
    "observed_tps": 8108.666666666667
  },
  "post_snapshot": {
    "account_count": 18000,
    "checking_count": 18000,
    "checking_total": 3557520504,
    "savings_count": 18000,
    "savings_total": 43196845,
    "total_funds": 3600717349
  },
  "pre_snapshot": {
    "account_count": 18000,
    "checking_count": 18000,
    "checking_total": 1800000000,
    "savings_count": 18000,
    "savings_total": 1800000000,
    "total_funds": 3600000000
  },
  "smallbank": {
    "account_count": 18000,
    "amount_max": 10,
    "amount_min": 1,
    "hotspot_probability": 0.5,
    "hotspot_size": 20,
    "initial_checking": 100000,
    "initial_savings": 100000
  },
  "validation": {
    "account_count_ok": true,
    "checking_count_ok": true,
    "ok": true,
    "post_total_funds": 3600717349,
    "pre_total_funds": 3600000000,
    "savings_count_ok": true,
    "total_funds_delta": 717349
  }
}