{
  "metadata": {
    "allocation": {
      "amalgamate": "SI",
      "balance": "SI",
      "deposit_checking": "SI",
      "transact_savings": "SI",
      "write_check": "SI"
    },
    "elapsed_wall_seconds": 91.04584429203533,
    "host": "MacBook-Pro-86.local",
    "hotspot_probability": 0.1,
    "measurement_seconds": 60.0,
    "mpl": 64,
    "policy": "si",
    "python": "3.11.3",
    "raw_path": "results/v7/raw/20260516T064451.559293+0000_si_mpl64_unbounded_p0p1_r4.json",
    "repeat": 4,
    "retry_limit": null,
    "retry_model": "unbounded",
    "seed": 3995,
    "timestamp_utc": "2026-05-16T06:44:51.559293+00:00",
    "warmup_seconds": 30.0
  },
  "metrics": {
    "abort_rate_pct": 1.6543231197401544,
    "abort_reasons": {
      "concurrent_update": 12453
    },
    "aborts": 12453,
    "attempted_tps": 12545.916666666666,
    "attempts": 752755,
    "by_isolation": {
      "SI": {
        "aborts": 12453,
        "attempts": 752755,
        "committed": 740302,
        "errors": 0
      }
    },
    "by_transaction": {
      "amalgamate": {
        "aborts": 5729,
        "attempts": 153540,
        "committed": 147811,
        "errors": 0
      },
      "balance": {
        "aborts": 0,
        "attempts": 148516,
        "committed": 148516,
        "errors": 0
      },
      "deposit_checking": {
        "aborts": 1855,
        "attempts": 149505,
        "committed": 147650,
        "errors": 0
      },
      "transact_savings": {
        "aborts": 1499,
        "attempts": 150023,
        "committed": 148524,
        "errors": 0
      },
      "write_check": {
        "aborts": 3370,
        "attempts": 151171,
        "committed": 147801,
        "errors": 0
      }
    },
    "committed": 740302,
    "committed_tps": 12338.366666666667,
    "error_rate_pct": 0.0,
    "errors": 0,
    "latency": {
      "count": 740302,
      "mean_ms": 5.1777479700503815,
      "p50_ms": 3.352916508447379,
      "p95_ms": 11.569162469822901
    },
    "latency_max_ms": 308.5065829800442,
    "latency_min_ms": 0.15883299056440592,
    "observed_tps": 12338.366666666667
  },
  "post_snapshot": {
    "account_count": 18000,
    "checking_count": 18000,
    "checking_total": 3601176627,
    "savings_count": 18000,
    "savings_total": 100005,
    "total_funds": 3601276632
  },
  "pre_snapshot": {
    "account_count": 18000,
    "checking_count": 18000,
    "checking_total": 1800000000,
    "savings_count": 18000,
    "savings_total": 1800000000,
    "total_funds": 3600000000
  },
  "smallbank": {
    "account_count": 18000,
    "amount_max": 10,
    "amount_min": 1,
    "hotspot_probability": 0.1,
    "hotspot_size": 20,
    "initial_checking": 100000,
    "initial_savings": 100000
  },
  "validation": {
    "account_count_ok": true,
    "checking_count_ok": true,
    "ok": true,
    "post_total_funds": 3601276632,
    "pre_total_funds": 3600000000,
    "savings_count_ok": true,
    "total_funds_delta": 1276632
  }
}