{
  "metadata": {
    "allocation": {
      "amalgamate": "SSI",
      "balance": "SSI",
      "deposit_checking": "RC",
      "transact_savings": "SSI",
      "write_check": "SSI"
    },
    "elapsed_wall_seconds": 91.0370438330574,
    "host": "MacBook-Pro-86.local",
    "hotspot_probability": 0.9,
    "measurement_seconds": 60.0,
    "mpl": 64,
    "policy": "mixed_robust",
    "python": "3.11.3",
    "raw_path": "results/v7/raw/20260516T182820.027058+0000_mixed_robust_mpl64_bounded_1_p0p9_r3.json",
    "repeat": 3,
    "retry_limit": 1,
    "retry_model": "bounded_1",
    "seed": 3994,
    "timestamp_utc": "2026-05-16T18:28:20.027058+00:00",
    "warmup_seconds": 30.0
  },
  "metrics": {
    "abort_rate_pct": 28.499351101247015,
    "abort_reasons": {
      "concurrent_update": 161618,
      "dangerous_structure": 20209
    },
    "aborts": 181827,
    "attempted_tps": 10633.4,
    "attempts": 638004,
    "by_isolation": {
      "RC": {
        "aborts": 0,
        "attempts": 103660,
        "committed": 103660,
        "errors": 0
      },
      "SSI": {
        "aborts": 181827,
        "attempts": 534344,
        "committed": 352517,
        "errors": 60946
      }
    },
    "by_transaction": {
      "amalgamate": {
        "aborts": 89758,
        "attempts": 158595,
        "committed": 68837,
        "errors": 34116
      },
      "balance": {
        "aborts": 2002,
        "attempts": 105118,
        "committed": 103116,
        "errors": 160
      },
      "deposit_checking": {
        "aborts": 0,
        "attempts": 103660,
        "committed": 103660,
        "errors": 0
      },
      "transact_savings": {
        "aborts": 29402,
        "attempts": 126648,
        "committed": 97246,
        "errors": 6551
      },
      "write_check": {
        "aborts": 60665,
        "attempts": 143983,
        "committed": 83318,
        "errors": 20119
      }
    },
    "committed": 456177,
    "committed_tps": 7602.95,
    "error_rate_pct": 11.785590662182885,
    "errors": 60946,
    "latency": {
      "count": 517123,
      "mean_ms": 7.416015792730179,
      "p50_ms": 2.5741454446688294,
      "p95_ms": 21.60470144008285
    },
    "latency_max_ms": 401.1161250527948,
    "latency_min_ms": 0.144458026625216,
    "observed_tps": 8618.716666666667
  },
  "post_snapshot": {
    "account_count": 18000,
    "checking_count": 18000,
    "checking_total": 2758785968,
    "savings_count": 18000,
    "savings_total": 842263596,
    "total_funds": 3601049564
  },
  "pre_snapshot": {
    "account_count": 18000,
    "checking_count": 18000,
    "checking_total": 1800000000,
    "savings_count": 18000,
    "savings_total": 1800000000,
    "total_funds": 3600000000
  },
  "smallbank": {
    "account_count": 18000,
    "amount_max": 10,
    "amount_min": 1,
    "hotspot_probability": 0.9,
    "hotspot_size": 20,
    "initial_checking": 100000,
    "initial_savings": 100000
  },
  "validation": {
    "account_count_ok": true,
    "checking_count_ok": true,
    "ok": true,
    "post_total_funds": 3601049564,
    "pre_total_funds": 3600000000,
    "savings_count_ok": true,
    "total_funds_delta": 1049564
  }
}