policy_label,1 retry,3 retries,10 retries,Retry forever
RC,0.0,0.0,0.0,0.0
SI,16.5448118,7.3506264,1.1522438,0.0
SSI,10.2219548,3.8058031999999997,0.2655646,0.0
Mixed-robust,11.2243094,3.990811,0.3116772,0.0
